Date,Open,High,Low,Close,Volume
2015-01-02,24.62720329616351,24.63825846563847,23.73399991696837,24.1717586517334,212818400
2015-01-05,23.94182638039237,24.02141888235011,23.30508805151262,23.490802764892578,257142000
2015-01-06,23.554912547306653,23.75168237657432,23.132630129065518,23.49300765991211,263188400
2015-01-07,23.700831470960534,23.921921323065693,23.590286544907954,23.822431564331055,160423600
2015-01-08,24.14964711115405,24.795229123220967,24.03246806379357,24.73774528503418,237458000
2015-01-09,24.910196858371453,25.03842939608858,24.366315945426543,24.764278411865234,214798000
2015-01-12,24.894720676810472,24.901353103465542,24.05458012712268,24.154069900512695,198603200
2015-01-13,24.636045006902663,24.938938744961888,24.078899260283258,24.368526458740234,268367600
2015-01-14,24.10764031957575,24.428219965569937,23.988251583933135,24.27566909790039,195826400
2015-01-15,24.319887186095446,24.33315203933582,23.581447784827517,23.6168212890625,240056000
2015-01-16,23.66324702245002,23.784847117986633,23.258652181062807,23.433313369750977,314053200
2015-01-20,23.84233176401339,24.092164407057577,23.546072135531507,24.03689193725586,199599600
2015-01-21,24.08774456365367,24.554244399862444,23.937403360229293,24.220399856567383,194303600
2015-01-22,24.377375434907194,24.865983963378177,24.257986673815576,24.850507736206055,215185600
2015-01-23,24.82839947432246,25.148979193727392,24.65815928595146,24.978740692138672,185859200
2015-01-26,25.14675974776766,25.2838360657216,24.938936430150594,25.00526237487793,222460000
2015-01-27,24.85492776184288,24.868194303713334,24.105433087276353,24.12975311279297,382274800
2015-01-28,26.006803997515984,26.115139261615074,25.49387550354004,25.49387550354004,585908400
2015-01-29,25.717168337647145,26.35169674167915,25.549139598602366,26.287580490112305,337745600
2015-01-30,26.177042138049725,26.530785608810817,25.83435214922315,25.902891159057617,334982000
2015-02-02,26.099655379164098,26.34727491181353,25.664108139624076,26.227886199951172,250956400
2015-02-03,26.19915124353342,26.329593465385972,26.00238138179459,26.232315063476562,207662800
2015-02-04,26.199151274509653,26.643542413996485,26.15714365674654,26.43350601196289,280598800
2015-02-05,26.63993855909146,26.68655217441305,26.469028178857076,26.622182846069336,168984800
2015-02-06,26.63993133480039,26.690983441173188,26.29145037133095,26.397993087768555,174826400
2015-02-09,26.31365329776558,26.59998341344617,26.287017189903477,26.573348999023438,155559200
2015-02-10,26.673226401280676,27.11271278406764,26.6710079961241,27.0838565826416,248034000
2015-02-11,27.250330865812547,27.727550500448018,27.190401745853304,27.718671798706055,294247200
2015-02-12,27.980584954105176,28.295772909406395,27.87182383146466,28.06937026977539,297898000
2015-02-13,28.251381102112592,28.251381102112592,27.889582908811555,28.206989288330078,217088800
2015-02-17,28.2979888505041,28.60651817661666,28.171470337058345,28.373456954956055,252609600
2015-02-18,28.329064933125338,28.584322071736178,28.289111627138954,28.57100486755371,179566800
2015-02-19,28.517736483842516,28.639816516664126,28.484443468926816,28.511077880859375,149449600
2015-02-20,28.548808773659513,28.744136810302734,28.422291940381538,28.744136810302734,195793600
2015-02-23,28.85956221196255,29.52100944519043,28.779655584756064,29.52100944519043,283896400
2015-02-24,29.507688768942803,29.6541847994094,29.114814282465368,29.336776733398438,276912400
2015-02-25,29.2013771091795,29.21025750314069,28.444484400690435,28.58654022216797,298846800
2015-02-26,28.58654150423791,29.04822379146525,28.1026650048681,28.948341369628906,365150000
2015-02-27,28.855118720048274,28.98163894321465,28.46446602434532,28.51329803466797,248059200
2015-03-02,28.688648199086956,28.917269263881828,28.47778453766857,28.653133392333984,192386800
2015-03-03,28.62427295795386,28.748571361632926,28.431163364423362,28.713056564331055,151265200
2015-03-04,28.65535536751989,28.75745620398861,28.4822249170917,28.53105354309082,126665200
2015-03-05,28.53993723201078,28.577670448702055,27.914003080988433,28.058279037475586,226068400
2015-03-06,28.499981976286783,28.71528585962888,28.024984083017344,28.10045051574707,291368400
2015-03-09,28.402315541867832,28.759676923373377,27.758624083605657,28.220306396484375,354114000
2015-03-10,28.058268366478025,28.238057372227637,27.47894635524177,27.636539459228516,275426400
2015-03-11,27.689810834670382,27.694249337787312,27.103830203784526,27.1326847076416,275756000
2015-03-12,27.148224784716703,27.723108369874826,26.997290261725283,27.62322425842285,193450800
2015-03-13,27.612131372663132,27.834093840781904,27.208159748424535,27.432340621948242,207309200
2015-03-16,27.49670172905394,27.734201431274414,27.272520922481597,27.734201431274414,143497200
2015-03-17,27.945067845676817,28.260254062443913,27.889577243002098,28.198104858398438,204092400
2015-03-18,28.18923120800626,28.668670913843595,28.049395473856592,28.51551628112793,261083600
2015-03-19,28.57766207526712,28.688643287209903,28.27801314170938,28.300209045410156,183238000
2015-03-20,28.466685524269383,28.49997853855227,27.780822335014985,27.9450740814209,274780400
2015-03-23,28.21586594437631,28.377897577031884,28.08268712580474,28.235841751098633,150838800
2015-03-24,28.240282285363186,28.42006962832753,28.0915661619747,28.12042236328125,131369200
2015-03-25,28.08712518287617,28.149274390306743,27.385723114013672,27.385723114013672,206620800
2015-03-26,27.248114670677037,27.71867404709588,27.212599860828416,27.576618194580078,190291600
2015-03-27,27.649859075687882,27.678713581155,27.281402332626065,27.356868743896484,158184800
2015-03-30,27.534445550790377,28.05605702550457,27.523346749725256,28.04939842224121,188398800
2015-03-31,27.98724261971094,28.07602793240956,27.603248555439965,27.618785858154297,168362400
2015-04-01,27.70535497910845,27.771944396382022,27.323579266076973,27.57883644104004,162485600
2015-04-02,27.751968263824242,27.869608105834285,27.565520595756848,27.81633758544922,128880400
2015-04-06,27.62766506018275,28.302431078124016,27.596590454190107,28.266916275024414,148776000
2015-04-07,28.33129018335556,28.437831223066524,27.962833355316143,27.969491958618164,140049200
2015-04-08,27.93397534112858,28.05605537189241,27.73864898534564,27.87848472595215,149316800
2015-04-09,27.93397105873809,28.096004375326153,27.669836922529743,28.091564178466797,129936000
2015-04-10,27.95616863659895,28.235841785121607,27.80301570455954,28.21142578125,160752000
2015-04-13,28.49331552230274,28.5377107169746,28.102662872086338,28.155933380126953,145460400
2015-04-14,28.189234214795178,28.253603535506244,27.947295930841886,28.03386116027832,102098400
2015-04-15,28.05827110428417,28.218082628633795,27.96948579513065,28.140396118164062,115881600
2015-04-16,28.029411345321673,28.21142044392355,27.991678144091228,28.004995346069336,113476000
2015-04-17,27.867386157870317,27.998343189969706,27.625446207797804,27.689815521240234,207828000
2015-04-20,27.871819536302848,28.43782266127886,27.78303423431481,28.322402954101562,188217200
2015-04-21,28.433392075866454,28.455586289423398,28.115984001409522,28.16925621032715,129740400
2015-04-22,28.187007103625863,28.60429584154471,28.03829268937934,28.548805236816406,150618000
2015-04-23,28.47778619630576,28.948345559115147,28.442271387484293,28.78187370300293,183083600
2015-04-24,28.96388235945139,28.994956968091703,28.68420749481025,28.917268753051758,178103600
2015-04-27,29.367847188836276,29.549857998569063,29.110369969306948,29.443313598632812,387816800
2015-04-28,29.84506752107098,29.862821533646084,28.759671457744723,28.979412078857422,475696000
2015-04-29,28.890629370817987,29.208034005395504,28.477779134560613,28.553245544433594,253544400
2015-04-30,28.553249161739682,28.553249161739682,27.652082165186428,27.778600692749023,332781600
2015-05-01,27.989464323636177,28.883974410591033,27.811895381492974,28.62205696105957,234050400
2015-05-04,28.744131345987658,28.98163274420011,28.468896745483764,28.566560745239258,203953200
2015-05-05,28.444491902452814,28.511081327211816,27.9184418819265,27.922882080078125,197085600
2015-05-06,28.09156501703216,28.133738421260357,27.381285907835494,27.74752426147461,288564000
2015-05-07,27.809924680169804,28.10191110790696,27.642757540061634,27.91914176940918,175763600
2015-05-08,28.235654588095912,28.445171356201172,28.108607584152075,28.445171356201172,222201600
2015-05-11,28.393902541464577,28.4317933607156,28.00161641721362,28.155410766601562,168143200
2015-05-12,27.994931698159256,28.280230096530865,27.821078092933593,28.055112838745117,192640000
2015-05-13,28.117517649279666,28.349322990095366,28.055108846081662,28.086313247680664,138776800
2015-05-14,28.398361129602005,28.741609573364258,28.342638736710246,28.741609573364258,180814000
2015-05-15,28.768361775895382,28.861974998052265,28.576676587376436,28.701494216918945,152832000
2015-05-18,28.614569988281932,29.136130873437025,28.610111243675085,29.01799964904785,203531600
2015-05-19,29.129443367583054,29.17179293720011,28.89540859934834,28.991252899169922,178532800
2015-05-20,28.97563703040448,29.19406780342386,28.82852913385049,28.989009857177734,145819600
2015-05-21,28.991248952274503,29.33895614870295,28.9377542293528,29.28546142578125,158921600
2015-05-22,29.332276613598143,29.63763431779926,29.287695966860774,29.541790008544922,182384000
2015-05-26,29.555166617269393,29.6242618591507,28.77950824776251,28.890953063964844,282790400
2015-05-27,29.051424426835563,29.479371973804785,28.98678795090275,29.430335998535156,183332800
2015-05-28,29.390216597389056,29.410275840915023,29.220821761461984,29.372385025024414,122933200
2015-05-29,29.24979600702335,29.298831982306186,28.953352484095202,29.03805160522461,203538000
2015-06-01,29.038050612136495,29.285458151320576,28.986786967375732,29.09600067138672,128451200
2015-06-02,28.94444742383134,29.122759807642176,28.824088520348884,28.966737747192383,134670400
2015-06-03,29.122761757145536,29.185170585503155,28.95336345072394,29.002399444580078,123934000
2015-06-04,28.88202470599862,29.104914228285054,28.732689134189616,28.832988739013672,153800400
2015-06-05,28.86420307931036,28.90655264729735,28.61010907241382,28.674745559692383,142507200
2015-06-08,28.730467037838547,28.799565668194397,28.26908735110113,28.48529052734375,210699200
2015-06-09,28.240108224583487,28.54769692371344,27.99938877808449,28.400588989257812,224301600
2015-06-10,28.512043347234254,28.8285462390846,28.496441139903972,28.72601890563965,156349200
2015-06-11,28.792875271415387,29.015764858843063,28.63685324042105,28.6613712310791,141563600
2015-06-12,28.572219877291285,28.603424286898427,28.33149868845383,28.344871520996094,147544800
2015-06-15,28.106375132091024,28.360469112134883,28.019448333681943,28.28914451599121,175955600
2015-06-16,28.313664973998538,28.496434373834333,28.16655872560029,28.440711975097656,125976400
2015-06-17,28.467463102907402,28.503124558547782,28.24903052275088,28.373849868774414,131672400
2015-06-18,28.358243547924655,28.59896301497603,28.35601417586037,28.50312042236328,141628800
2015-06-19,28.465228696609618,28.489746687000903,28.17324388442035,28.21782112121582,218867600
2015-06-22,28.41619239621679,28.543239390218766,28.32480855166014,28.44293975830078,136157200
2015-06-23,28.413966729522002,28.44294176510625,28.280231610178866,28.31366539001465,121075600
2015-06-24,28.353783269452745,28.93106816595417,28.333724023497552,28.554384231567383,221123600
2015-06-25,28.72154689405693,28.79732852308285,28.41841697692871,28.41841697692871,127752400
2015-06-26,28.456320731240716,28.527645350026777,28.197769625833637,28.251262664794922,176267200
2015-06-29,27.963734273401183,28.188853287901573,27.745303376589845,27.756446838378906,196645600
2015-06-30,27.98823946425012,28.110829391430798,27.829988094942856,27.957035064697266,177482800
2015-07-01,28.284688676921608,28.29360446438322,28.081858338323283,28.21782112121582,120955200
2015-07-02,28.1799338662497,28.23788564182807,28.032825905284497,28.18216323852539,108844000
2015-07-06,27.847824958735146,28.135352723984397,27.827764012060165,28.084087371826172,112241600
2015-07-07,28.05956899589914,28.117520762647978,27.587042475701974,28.014991760253906,187787200
2015-07-08,27.74529812250506,27.780959574195116,27.312891754866524,27.319578170776367,243046400
2015-07-09,27.604876303351464,27.651682914753206,26.57289807936976,26.762353897094727,314380000
2015-07-10,27.179155852039294,27.604874064361603,27.016445710876685,27.477827072143555,245418000
2015-07-13,27.867883076446173,28.03059321317383,27.70963168347132,28.008304595947266,165762000
2015-07-14,28.093008285838255,28.16656226954835,27.870118662847325,27.99716567993164,127072400
2015-07-15,28.02168272503407,28.340414943131908,27.990478314913677,28.266860961914062,134596800
2015-07-16,28.47191330005847,28.6569137524723,28.38498650348072,28.643537521362305,144889600
2015-07-17,28.770594158917714,28.890953063964844,28.59896818967887,28.890953063964844,184658800
2015-07-20,29.191852765889337,29.6376319900446,29.131671618341215,29.43703269958496,235600800
2015-07-21,29.610888023551794,29.626488528758856,29.046977544728716,29.142818450927734,307025600
2015-07-22,27.190300334606057,27.972643263784516,27.190300334606057,27.910234451293945,461802400
2015-07-23,28.12866763145066,28.327039244992637,27.874573616340435,27.89686393737793,203998000
2015-07-24,27.93252526769736,28.0261384937987,27.616022436299836,27.749755859375,168649200
2015-07-27,27.435475593375916,27.55137911884512,27.219274144908685,27.364151000976562,177822000
2015-07-28,27.5001163482666,27.618249256588875,27.31511928535405,27.5001163482666,134472400
2015-07-29,27.448853993158306,27.526865011387642,27.252710061024363,27.413190841674805,148046800
2015-07-30,27.263850645736564,27.319573035194047,27.127887879419315,27.274995803833008,134513200
2015-07-31,27.326262085652413,27.335177872887087,26.94957985293466,27.03650665283203,171540000
2015-08-03,27.08108564980745,27.31957744718031,26.193984318156094,26.399044036865234,279904000
2015-08-04,26.171693835570665,26.23410264531658,25.242244703613594,25.552061080932617,496554400
2015-08-05,25.17537419809003,26.176149510139687,24.985918419143797,25.721454620361328,397250400
2015-08-06,25.96550517897526,26.084171091744317,25.551293361649588,25.777429580688477,211612000
2015-08-07,25.65429218855128,26.028202297608875,25.636379897429816,25.864755630493164,154681600
2015-08-10,26.090889495255514,26.86557802792801,26.090889495255514,26.805126190185547,219806400
2015-08-11,26.377475680840618,26.460318721771483,25.374411587789787,25.410234451293945,388331200
2015-08-12,25.195296388091382,25.84236287679192,24.545990436229246,25.802061080932617,404870000
2015-08-13,25.981181372393188,26.06178496665311,25.645333632380158,25.781911849975586,194143200
2015-08-14,25.596078659707562,26.041636234844617,25.526670665347304,25.963272094726562,171718000
2015-08-17,25.981181919757336,26.341658638289204,25.86027652582025,26.231948852539062,163538800
2015-08-18,26.068500377073292,26.29463832262132,25.97446342442515,26.08417320251465,138242800
2015-08-19,25.994611172196148,26.088648116539442,25.67667576520136,25.75056266784668,193146000
2015-08-20,25.54234291241586,25.602794759643356,24.993790527645906,25.22216796875,274006400
2015-08-21,24.725107924238447,25.054238945973523,23.654873519011304,23.679502487182617,513102000
2015-08-24,21.24124891448916,24.360154736085217,20.5986596770011,23.088411331176758,648825200
2015-08-25,24.87736060051428,24.87736060051428,23.17349300701332,23.22722816467285,414406400
2015-08-26,23.977289788865253,24.604206278523865,23.5205383474457,24.55942726135254,387098400
2015-08-27,25.128126873775873,25.354263106070857,24.6333097354271,25.282615661621094,338464400
2015-08-28,25.114690636761168,25.36993475251835,24.973635217487907,25.36545753479004,212657600
2015-08-31,25.0833527856398,25.643099127221372,25.076636102854465,25.24679946899414,224917200
2015-09-01,24.662416701253587,25.049760096014527,24.03773976777712,24.118343353271484,307383600
2015-09-02,24.68032961985265,25.152753829956055,24.434039931094258,25.152753829956055,247555200
2015-09-03,25.186335436288882,25.251266189902623,24.637784932882873,24.711671829223633,212935600
2015-09-04,24.398218822029126,24.729587631900316,24.29522572121998,24.46538734436035,199985200
2015-09-08,25.020653553846913,25.20201076452285,24.700478679415603,25.14603614807129,219374400
2015-09-09,25.470692029743567,25.52890440569898,24.577335848265434,24.662418365478516,340043200
2015-09-10,24.68928691560042,25.363221880870384,24.606445563612514,25.204254150390625,251571200
2015-09-11,25.02961714855396,25.57145118713379,25.022900465893834,25.57145118713379,199662000
2015-09-14,26.102081940549553,26.17148991403295,25.716976329848844,25.817729949951172,233453600
2015-09-15,25.95655559809105,26.090894368998466,25.618468353209426,26.03491973876953,173364800
2015-09-16,26.02819558385806,26.09312634126747,25.846838380610528,26.06402015686035,148694000
2015-09-17,25.896096231441064,26.081930651613842,25.46173268033264,25.506511688232422,256450400
2015-09-18,25.123647725549066,25.591596427514062,25.047523063835897,25.401281356811523,297141200
2015-09-21,25.450543302268766,25.83117179539932,25.448305547072934,25.795347213745117,200888000
2015-09-22,25.385612015661604,25.564731503889117,25.193059163690542,25.390090942382812,201384800
2015-09-23,25.441580763095242,25.685630966704178,25.367695571369275,25.596071243286133,143026800
2015-09-24,25.35650112732597,25.860272672901985,25.159471093345076,25.748323440551758,200878000
2015-09-25,26.070742458195273,26.126717084422445,25.528906778076614,25.68339729309082,224607600
2015-09-28,25.49084014600147,25.652047315679575,25.17514419555664,25.17514419555664,208436000
2015-09-29,25.262467575101102,25.414718619874495,24.149691782770407,24.41836929321289,293461600
2015-09-30,24.666895064629845,24.973636596352218,24.344482415888265,24.696002960205078,265892000
2015-10-01,24.420605159944234,24.543749997216835,24.026543388881606,24.534793853759766,255716400
2015-10-02,24.183274673339884,24.854970095848202,24.080281580207117,24.713912963867188,232079200
2015-10-05,24.60196544381129,24.93557542351823,24.420608213703833,24.80347442626953,208258800
2015-10-06,24.769885290089103,25.01841271007408,24.577332483466336,24.922136306762695,192787200
2015-10-07,25.018416771488347,25.025133452868637,24.496734588503575,24.80347442626953,187062400
2015-10-08,24.671374349752824,24.671374349752824,24.228054602494883,24.516883850097656,247918400
2015-10-09,24.628833061271347,25.13932132777321,24.514644356961238,25.103498458862305,211064400
2015-10-12,25.240076459852247,25.244553677850178,24.95124721500519,24.987070083618164,121868800
2015-10-13,24.81242600438161,25.177379860627354,24.78108035823582,25.02960777282715,132197200
2015-10-14,24.91766644770048,24.969162150603427,24.530321257235492,24.67585563659668,177849600
2015-10-15,24.83705861516678,25.099019428488592,24.738542736703256,25.045284271240234,150694000
2015-10-16,25.027374938781016,25.07663288383072,24.747501803916833,24.861690521240234,156930400
2015-10-19,24.80795247463472,25.020655349128607,24.653461975516304,25.016178131103516,119036800
2015-10-20,24.928861232729083,25.562494475545375,24.812434750037745,25.47293472290039,195871200
2015-10-21,25.52442492668545,25.878184910201075,25.45725470412081,25.47068977355957,167180800
2015-10-22,25.598314448531912,25.860275268554688,25.546817044869623,25.860275268554688,166616400
2015-10-23,26.128949567336736,26.69541410535258,26.04610823049042,26.661828994750977,237467600
2015-10-26,26.437928592535723,26.449122489774016,25.73040869182865,25.811012268066406,265335200
2015-10-27,25.837884930052294,26.093129060560045,25.522187253355433,25.647571563720703,279537600
2015-10-28,26.180447014481953,26.71108698000944,25.985654739189908,26.704368591308594,342205600
2015-10-29,26.57675364071474,27.02231292542602,26.480477208786336,26.986488342285156,204909200
2015-10-30,27.089479106654476,27.140976513399856,26.74467521077889,26.755870819091797,197461200
2015-11-02,27.046938231860914,27.172320839432444,26.7804984825615,27.13201904296875,128813200
2015-11-03,27.044696394084855,27.649221579751767,27.024544643517416,27.443235397338867,182076000
2015-11-04,27.56861744404648,27.72310793187973,27.23053199102812,27.31561279296875,179544400
2015-11-05,27.39880657339747,27.587687217703923,27.023296049131204,27.18968963623047,158210800
2015-11-06,27.232419678827696,27.389818824830183,27.12224027662596,27.221176147460938,132169200
2015-11-09,27.198692213232512,27.38982024774243,26.994073312799244,27.110998153686523,135485600
2015-11-10,26.285778522748014,26.548860749775265,26.09689778746933,26.256546020507812,236511600
2015-11-11,26.166592763832202,26.40269143163665,25.905757989280634,26.108129501342773,180872000
2015-11-12,26.141863988620223,26.26778330516697,26.00470114072951,26.02044105529785,130102400
2015-11-13,25.903512584211384,25.98671024962961,25.244681839528607,25.260421752929688,183249600
2015-11-16,25.04455815911912,25.687648959867616,24.95911316407321,25.674158096313477,152426800
2015-11-17,25.84055118563602,25.869783676779644,25.48078053539041,25.56397819519043,110467600
2015-11-18,26.029435702858247,26.418437186317135,25.970972427437328,26.37346649169922,186698800
2015-11-19,26.4521575355861,26.926605587564868,26.25428414134037,26.708494186401367,173183200
2015-11-20,26.802940947325766,26.9648381846964,26.724241377915583,26.825428009033203,137148400
2015-11-23,26.81868376747103,26.92211945907281,26.38470984852701,26.47690200805664,129930000
2015-11-24,26.382460384517966,26.836670565894213,26.33524064156712,26.730987548828125,171212800
2015-11-25,26.805183278072057,26.809681375494907,26.51511775307286,26.539852142333984,85553200
2015-11-27,26.59832092904324,26.625304372624704,26.443169130613104,26.490388870239258,52185600
2015-11-30,26.53086387650366,26.850161962966027,26.47689870344151,26.600570678710938,156721200
2015-12-01,26.70175553371693,26.715246398072217,26.276776151306265,26.384706497192383,139409600
2015-12-02,26.38470624073377,26.557847004045957,26.101387798895118,26.146358489990234,133546400
2015-12-03,26.207069197908513,26.26103436700735,25.683152272821975,25.90351104736328,166278000
2015-12-04,25.923754605920347,26.814187806460918,25.88328029155386,26.764719009399414,231108000
2015-12-07,26.7534759244012,26.951349387744692,26.490392035729663,26.5960750579834,128336800
2015-12-08,26.42517943806766,26.668025277025105,26.27677479127488,26.584829330444336,137238000
2015-12-09,26.452163563483015,26.463407093835222,25.876530492305037,25.997953414916992,185445600
2015-12-10,26.092391310160515,26.29476283556294,25.973217443957356,26.12162208557129,116850800
2015-12-11,25.901267440158662,25.94623813495721,25.375101390301033,25.449304580688477,187544800
2015-12-14,25.224446694367277,25.336875142511982,24.687038849477336,25.29190444946289,257274800
2015-12-15,25.170484021546596,25.363861108818906,24.812960628837228,24.844440460205078,213292400
2015-12-16,24.974853819286913,25.181721739036185,24.464429451891355,25.035564422607422,224954000
2015-12-17,25.188473087681945,25.240190937528507,24.50490951538086,24.50490951538086,179091200
2015-12-18,24.489164559627596,24.626325683386437,23.79210683258561,23.841575622558594,385813200
2015-12-21,24.122644714931468,24.1428827252825,23.738139673479584,24.133888244628906,190362400
2015-12-22,24.149627767116172,24.221581895661817,23.93601271496503,24.11140251159668,131157600
2015-12-23,24.120399910081744,24.475674238564384,24.10465999504882,24.421709060668945,130629600
2015-12-24,24.509403672024874,24.509403672024874,24.27330322567267,24.291292190551758,54281600
2015-12-28,24.19235177181853,24.214838833050326,23.87530445160877,24.01921272277832,106816800
2015-12-29,24.05068853679506,24.606085232317827,24.028203194837065,24.4509334564209,123724800
2015-12-30,24.414959620199003,24.441941346956686,24.10015965569233,24.13163948059082,100855200
2015-12-31,24.06193365769457,24.066430040175042,23.569496573278652,23.668434143066406,163649200
2016-01-04,23.072571194352893,23.693176841034074,22.935408321073314,23.688678741455078,270597600
2016-01-05,23.77861399486199,23.80109933875041,23.027592872753676,23.095048904418945,223164000
2016-01-06,22.61161137016284,23.018603562708613,22.45646126161648,22.643091201782227,273829600
2016-01-07,22.1888762678676,22.514918047091673,21.682948304264993,21.68744468688965,324377600
2016-01-08,22.159645434850617,22.285564734277752,21.75715142787112,21.802122116088867,283192000
2016-01-11,22.254088957891458,22.2743252566143,21.88757109170476,22.1551513671875,198957600
2016-01-12,22.60935288737206,22.640832703468625,22.224846233367312,22.476686477661133,196616800
2016-01-13,22.557645994841828,22.75327213152083,21.878578855815334,21.898815155029297,249758400
2016-01-14,22.02698368708356,22.59362408642669,21.527801049979146,22.37775993347168,252680400
2016-01-15,21.631230331125874,21.970764687107888,21.442351382699396,21.840347290039062,319335600
2016-01-19,22.12816442209976,22.18212958816844,21.473830135870465,21.734664916992188,212350800
2016-01-20,21.383892025916754,22.078700777297136,21.006132344467737,21.763900756835938,289337600
2016-01-21,21.824607025254842,22.008989588107926,21.347911563768303,21.653717041015625,208646000
2016-01-22,22.177635981262224,22.813981435821805,22.119174420983356,22.80498695373535,263202000
2016-01-25,22.8274708513021,22.829719900561372,22.308051981335268,22.359769821166992,207178000
2016-01-26,22.469943815855405,22.6835571250423,22.05170996131301,22.483434677124023,300308000
2016-01-27,21.59525784779332,21.7279226012767,20.988143161324587,21.006132125854492,533478800
2016-01-28,21.089329920875684,21.253474505464897,20.77452990188878,21.15678596496582,222715200
2016-01-29,21.314179800006055,21.887563705444336,21.215242242689943,21.887563705444336,257666000
2016-02-01,21.691943547249263,21.745908718250337,21.451346753613898,21.68294906616211,163774000
2016-02-02,21.455842520865982,21.59525440043462,21.19950582156241,21.244478225708008,149428800
2016-02-03,21.361400643624762,21.775136422114066,21.154532754380106,21.66495704650879,183857200
2016-02-04,21.671744236953774,22.004077747075282,21.520273040791043,21.839040756225586,185886800
2016-02-05,21.82095664654129,21.91138781374317,21.18115989009553,21.25576400756836,185672400
2016-02-08,21.054552119367372,21.63556998812339,21.03420601561399,21.479578018188477,216085600
2016-02-09,21.31680247016064,21.689829898955924,21.235414604793277,21.475055694580078,177324800
2016-02-10,21.685308095798124,21.782521286759618,21.27384797413499,21.312280654907227,169374400
2016-02-11,21.20376037719903,21.414012039734246,20.932466963536864,21.183412551879883,200298800
2016-02-12,21.294194097976302,21.364277419045337,21.027423157507165,21.248977661132812,161405600
2016-02-16,21.48184372181831,21.895565198709427,21.389153014467205,21.84808921813965,196231600
2016-02-17,21.854861744532556,22.2030205087076,21.737302471158245,22.182674407958984,179452800
2016-02-18,22.345453970297296,22.35675851231295,21.723742105717225,21.762176513671875,156084000
2016-02-19,21.70339720157561,21.87521624570744,21.658182480671407,21.712440490722656,141496800
2016-02-22,21.773474213484594,21.906860533629825,21.685304325943907,21.9023380279541,137123200
2016-02-23,21.79383152562168,21.816438889349048,21.375589259755856,21.40723991394043,127770400
2016-02-24,21.246715820247577,21.789299204664644,21.097504182151525,21.725997924804688,145022800
2016-02-25,21.714701034154015,21.875215530395508,21.53383870678927,21.875215530395508,110330800
2016-02-26,21.97468901706924,22.160072132847002,21.834522347109864,21.909128189086914,115964400
2016-02-29,21.897817210770345,22.207543305482968,21.85034125023726,21.859384536743164,140865200
2016-03-01,22.07641701285967,22.781776072857877,22.024418549544972,22.72751808166504,201628400
2016-03-02,22.723001824665893,22.808910471559376,22.526314195794363,22.777259826660156,132678400
2016-03-03,22.738828844886864,22.994295276313494,22.709437726121145,22.946819305419922,147822800
2016-03-04,23.143505499426116,23.455491170685054,22.917428476094212,23.28819465637207,184220400
2016-03-07,23.148019617029657,23.24749403060449,22.824729497741757,23.030460357666016,143315600
2016-03-08,22.784043561065058,23.00559981671915,22.698134907762526,22.84056282043457,126247600
2016-03-09,22.90386196851119,22.96490372881502,22.668741664588698,22.86090850830078,108806800
2016-03-10,22.926469270526752,23.114111868612827,22.641611769157,22.872209548950195,134054400
2016-03-11,23.11411457855069,23.123157866540367,22.946818062818732,23.118637084960938,109632800
2016-03-14,23.039508553350707,23.26558555978219,23.010117438622984,23.177413940429688,100304400
2016-03-15,23.502966698023478,23.778780937290975,23.478098087936687,23.64313507080078,160270800
2016-03-16,23.6499173154633,24.034247561404328,23.645394809136018,23.957382202148438,153214000
2016-03-17,23.855648015777817,24.07042223430001,23.729045427903444,23.9189510345459,137682800
2016-03-18,24.04103311028214,24.077206266864874,23.781045877875663,23.946081161499023,176820800
2016-03-21,23.948341735398174,24.337194533472676,23.769740660709026,23.94382095336914,142010800
2016-03-22,23.7946062792447,24.25580360555607,23.785562991493798,24.12693977355957,129777600
2016-03-23,24.0726834109702,24.206068033508796,23.9415583169001,23.993555068969727,102814000
2016-03-24,23.8443421733565,24.020681962615026,23.7132170955071,23.889556884765625,104532000
2016-03-28,23.96416393181516,24.007119117223695,23.751650982738123,23.781042098999023,77645600
2016-03-29,23.713218077965223,24.368841769544584,23.710956824851877,24.34397315979004,124760400
2016-03-30,24.563277463334988,24.96343317472222,24.551972918308838,24.769006729125977,182404400
2016-03-31,24.80517180085156,24.845865734905658,24.61526620032215,24.640134811401367,103553600
2016-04-01,24.59265983674843,24.86847409817385,24.461534741180458,24.866212844848633,103496000
2016-04-04,24.96343004172861,25.363587427726163,24.92951813573762,25.121685028076172,149424800
2016-04-05,24.757695581568516,25.03350982905374,24.737347752331807,24.825517654418945,106314800
2016-04-06,24.920469282378427,25.090027037913124,24.68760851591967,25.08550453186035,105616400
2016-04-07,24.857170292431228,24.963426779060946,24.443450612873242,24.538402557373047,127207600
2016-04-08,24.622050034176734,24.816474692097593,24.454751790988905,24.56553077697754,94326800
2016-04-11,24.63560880698267,25.0063749165034,24.60395816774289,24.64691162109375,117630000
2016-04-12,24.719264677422768,24.981514892447922,24.565533933922453,24.96795082092285,108929200
2016-04-13,25.049331153367543,25.397488199719643,25.049331153367543,25.329666137695312,133029200
2016-04-14,25.2347095101909,25.40878800090477,25.169146988412106,25.343225479125977,101895600
2016-04-15,25.345492997748178,25.38844818035454,24.807430350412904,24.834558486938477,187756000
2016-04-18,24.61752523713194,24.63108930565179,24.17667576192985,24.298757553100586,243286000
2016-04-19,24.389188433895217,24.41631829738695,24.01616272866088,24.16989517211914,129539600
2016-04-20,24.10885203656196,24.43666300879299,23.97772695773727,24.219629287719727,122444000
2016-04-21,24.17441593542663,24.17441593542663,23.85564650775408,23.957382202148438,126210000
2016-04-22,23.740340233216845,24.072673614921403,23.65217036356015,23.89181137084961,134732400
2016-04-25,23.73808560575489,23.885036004470937,23.627308355880622,23.75617218017578,112126400
2016-04-26,23.49166611475082,23.805913063172742,23.49166611475082,23.59113883972168,224064800
2016-04-27,21.703390946883363,22.316059380175094,21.631046379386973,22.114850997924805,458408400
2016-04-28,22.067376626555074,22.128416659063998,21.30775775071809,21.43888282775879,328970800
2016-04-29,21.24898601047925,21.41402305135213,20.914392870519524,21.192466735839844,274126000
2016-05-02,21.244455217081363,21.269323824191165,20.88951440858666,21.169849395751953,192640400
2016-05-03,21.296456739641407,21.64461559249738,21.178897436323094,21.51801300048828,227325200
2016-05-04,21.52253365246713,21.680788616353926,21.21054795625804,21.29419708251953,164102000
2016-05-05,21.380626893387227,21.39654856740518,21.080388372382743,21.207761764526367,143562000
2016-05-06,21.237332185801375,21.25552714546316,20.89160192224227,21.089487075805664,174799600
2016-05-09,21.1531765586917,21.32831499891088,21.059919786064714,21.105411529541016,131745600
2016-05-10,21.228233023346398,21.28282137090078,20.950739509002165,21.248703002929688,134747200
2016-05-11,21.262351491200416,21.282821470879867,21.03034797617292,21.04172134399414,114876400
2016-05-12,21.089491526904567,21.103138183364223,20.35026755623948,20.54815101623535,305258800
2016-05-13,20.470805807206744,20.850652565149748,20.470805807206744,20.589080810546875,177571200
2016-05-16,21.014423559058507,21.469330447204086,20.846108496337617,21.353328704833984,245039200
2016-05-17,21.505731278245694,21.539847918404913,21.155452644838842,21.264629364013672,187667600
2016-05-18,21.417015622495832,21.655840680797656,21.355602225123974,21.50799560546875,168249600
2016-05-19,21.526195112774182,21.526195112774182,21.28281998228032,21.426115036010742,121768400
2016-05-20,21.526191984100123,21.705880397930738,21.498896948404816,21.65811538696289,128104000
2016-05-23,21.805962881211684,22.106201365867136,21.760471150002004,21.93333625793457,152074400
2016-05-24,22.113026048329143,22.31090945140186,22.026592621394197,22.2676944732666,140560800
2016-05-25,22.442834624557907,22.686209780582036,22.31546123010262,22.658916473388672,152675200
2016-05-26,22.672562175159538,22.91138901506927,22.436010355864525,22.838603973388672,225324800
2016-05-27,22.617978904855892,22.85225575612499,22.57476218013658,22.824960708618164,145364800
2016-05-31,22.654366400203152,22.836329879454723,22.47695296236566,22.713504791259766,169228800
2016-06-01,22.522444432240363,22.640721222061373,22.365502699874064,22.395071029663086,116693200
2016-06-02,22.199454383892053,22.25404272110802,21.97882427950708,22.226749420166016,160766400
2016-06-03,22.24267326838133,22.351849953501652,22.16533819236666,22.272241592407227,114019600
2016-06-06,22.288166708274215,23.175235654761575,22.188088354006602,22.43373680114746,93170000
2016-06-07,22.574753549868028,22.71577530507539,22.50879184510968,22.52471351623535,89638000
2016-06-08,22.522436898117864,22.645261953230023,22.44510356823162,22.504241943359375,83392400
2016-06-09,22.404169102292457,22.74307432160156,22.39507075431559,22.665740966796875,106405600
2016-06-10,22.410990330271307,22.597502107995926,22.399618697864703,22.47922706604004,126851600
2016-06-13,22.447375660216185,22.54518068752905,22.085723867005676,22.14031219482422,152082000
2016-06-14,22.13577254221866,22.399619411239556,22.006124128394898,22.16761589050293,127727600
2016-06-15,22.249499906396323,22.38369836536012,22.069811444416,22.094831466674805,117780800
2016-06-16,21.93789102110339,22.23358128734434,21.85145930936082,22.188091278076172,125307200
2016-06-17,21.976554986775636,21.983378313250622,21.676316474550408,21.68313980102539,244032800
2016-06-20,21.835531591109053,21.965179990517978,21.614901463004077,21.630823135375977,137647600
2016-06-21,21.594438993787197,21.915147573173787,21.53530058927169,21.8150691986084,142185600
2016-06-22,21.892397743759346,22.037967834086068,21.687689261946034,21.73318099975586,116876400
2016-06-23,21.821888525624615,21.90149690056784,21.664945061213388,21.858280181884766,128960800
2016-06-24,21.132692777780765,21.530736162813998,21.073554417540166,21.244144439697266,301245600
2016-06-27,21.153175325125847,21.16454869416482,20.8119950779464,20.9348201751709,181958400
2016-06-28,21.130423278358293,21.30328836519613,20.957558191520455,21.287364959716797,161779600
2016-06-29,21.373800251297773,21.50572366431587,21.296465178540526,21.47160530090332,146124000
2016-06-30,21.480709358789877,21.78322119864781,21.448866007225885,21.74455451965332,143345600
2016-07-01,21.719532709372814,21.942437887322246,21.683141054292065,21.810514450073242,104106000
2016-07-05,21.696784262261932,21.69905928263454,21.485252486244054,21.605802536010742,110820800
2016-07-06,21.517096377173566,21.7581982181687,21.4647830545983,21.728628158569336,123796400
2016-07-07,21.767295981394707,21.949259448154788,21.749101022984483,21.82188606262207,100558400
2016-07-08,21.94699094547925,22.037972705879294,21.846912570838672,21.99020767211914,115648400
2016-07-11,22.006129899287746,22.21083843146396,22.00158159205396,22.05844497680664,95179600
2016-07-12,22.10164875956608,22.22219879644734,22.090277129582738,22.158512115478516,96670000
2016-07-13,22.156247575581588,22.215384239632336,22.02659740701068,22.033422470092773,103568800
2016-07-14,22.151697561496743,22.51562283636797,22.135775884950267,22.47013282775879,155676000
2016-07-15,22.49969307309328,22.586126487850887,22.40416304814937,22.467849731445312,120548000
2016-07-18,22.449660537981696,22.774919123726548,22.426915534255787,22.706684112548828,145975600
2016-07-19,22.645268497534165,22.74534858662166,22.595228452990415,22.71578025817871,95119600
2016-07-20,22.74533682258307,22.849965163727173,22.686198460951537,22.736238479614258,105104000
2016-07-21,22.706679592844274,22.972799727665222,22.547461127789845,22.615697860717773,130808000
2016-07-22,22.577031117300013,22.586129464017173,22.360949287264944,22.44055938720703,113254800
2016-07-25,22.347295613105818,22.48149228052049,22.044782187308858,22.14031219482422,161531600
2016-07-26,22.02204294034227,22.283614754680112,21.931061213355353,21.987924575805664,224959200
2016-07-27,23.716572664616915,23.734769358782028,23.37084415214117,23.41633415222168,369379200
2016-07-28,23.38904086214345,23.757514374908947,23.386765841538203,23.732494354248047,159479200
2016-07-29,23.698376422764657,23.78025980674225,23.582374672907697,23.702924728393555,110934800
2016-08-01,23.748417340119882,24.144185887101667,23.748417340119882,24.121440887451172,152671600
2016-08-02,24.12144519959996,24.125993506210257,23.655164814413595,23.76434326171875,135266400
2016-08-03,23.839404041095385,24.073680900492946,23.830305691610768,24.06230926513672,120810400
2016-08-04,24.14463180231835,24.240679358398708,24.076025408127766,24.21095085144043,109634800
2016-08-05,24.302417162913304,24.61800439739502,24.281836297046727,24.57912826538086,162213600
2016-08-08,24.58827726386482,24.78266143798828,24.505952045252684,24.78266143798828,112148800
2016-08-09,24.750643477224642,24.91301004531006,24.700332365617083,24.88327980041504,105260800
2016-08-10,24.860418063003667,24.903868897021987,24.64316738237836,24.69805145263672,96034000
2016-08-11,24.81696102264449,24.910722957923355,24.66374208642716,24.682037353515625,109938000
2016-08-12,24.647743134177915,24.79867652548923,24.647743134177915,24.73921775817871,74641600
2016-08-15,24.730065079268527,25.05022532562946,24.716344499122467,25.0365047454834,103472800
2016-08-16,25.070807047570803,25.208019832624814,24.974759493819427,25.013635635375977,135177600
2016-08-17,24.949600249949032,25.011346343055315,24.775798694007165,24.97704315185547,101424000
2016-08-18,24.979333407599857,25.063945978389675,24.93130788748355,24.945030212402344,87938800
2016-08-19,24.87413258392679,25.084524667333604,24.780372392776844,25.009057998657227,101472400
2016-08-22,24.89471207316497,24.94959612316698,24.66373915167164,24.814672470092773,103280800
2016-08-23,24.83297821333878,24.999919534544723,24.819257630267977,24.892436981201172,85030800
2016-08-24,24.828398820745715,24.869562304003725,24.624868749284683,24.70490837097168,94700400
2016-08-25,24.558548889937846,24.670604356571072,24.396182307137458,24.599712371826172,100344800
2016-08-26,24.563123313543393,24.686612013138745,24.311567735430735,24.45564079284668,111065200
2016-08-29,24.382463338384497,24.56998549165305,24.30699665914969,24.428199768066406,99881200
2016-08-30,24.194944259087347,24.355023528045077,24.126337861115076,24.240680694580078,99455600
2016-08-31,24.16292739451736,24.371030435457087,24.15835270431955,24.263547897338867,118649600
2016-09-01,24.272695936319277,24.423629310159114,24.153780160196813,24.407621383666992,106806000
2016-09-02,24.62944472736316,24.698051122819795,24.428201975947808,24.636306762695312,107210000
2016-09-06,24.67517847795828,24.766653073907662,24.58599122670915,24.629440307617188,107521600
2016-09-07,24.659171424579597,24.87184912615445,24.485369860616753,24.78037452697754,169457200
2016-09-08,24.526533968737844,24.53110691368357,24.066875361078246,24.13090705871582,212008000
2016-09-09,23.929668343134992,24.17664928520172,23.584352493286133,23.584352493286133,186228000
2016-09-12,23.474578696292678,24.17664346358425,23.44713579442676,24.112611770629883,181171200
2016-09-13,24.585996391162194,24.878713763901224,24.524250284414737,24.686616897583008,248704800
2016-09-14,24.864989328027217,25.848336490600545,24.835259079485677,25.560192108154297,443554800
2016-09-15,26.038150743840305,26.465793578425636,25.953536417127733,26.429203033447266,359934400
2016-09-16,26.326297725442004,26.55726902020957,26.07931675714792,26.280559539794922,319547600
2016-09-19,26.34230325991154,26.568701587903128,25.898652495493096,25.974119186401367,188092000
2016-09-20,25.852912693764175,26.09760626250278,25.729422236914832,25.97182846069336,138057200
2016-09-21,26.035857370172934,26.067873217249353,25.713411554693913,25.967252731323242,144012800
2016-09-22,26.150198489897182,26.285123903628826,26.070158877378088,26.211944580078125,124296000
2016-09-23,26.166206285668267,26.250820586911605,25.50987972145783,25.77515411376953,209924800
2016-09-26,25.53046192679103,25.93066175316282,25.5098810589065,25.81403160095215,119477600
2016-09-27,25.841477769040566,25.88264125474517,25.69054440654601,25.862058639526367,98429600
2016-09-28,25.999270255845023,26.21652090998505,25.939811502552825,26.058727264404297,118564400
2016-09-29,25.878068157050905,26.024426828753022,25.567055543500654,25.653955459594727,143548000
2016-09-30,25.717989362218418,25.926094152296972,25.56705773242428,25.852914810180664,145516400
2016-10-03,25.775155537213298,25.852909553815465,25.67682065266904,25.731704711914062,86807200
2016-10-04,25.855200836770816,26.141057919239035,25.75686593061242,25.841480255126953,118947200
2016-10-05,25.932954443005826,25.992413203704434,25.770587832208175,25.852914810180664,85812400
2016-10-06,26.00155116276416,26.14790980234844,25.871200444861515,26.045001983642578,115117200
2016-10-07,26.141056606493716,26.19822802011634,25.95810912974117,26.083885192871094,97433600
2016-10-10,26.30342514757845,26.699052126645185,26.234820493022287,26.538972854614258,144944000
2016-10-11,26.916304190285214,27.142704272655436,26.573275665796956,26.596145629882812,256164000
2016-10-12,26.83626027589914,26.9803333498666,26.69904923690448,26.833972930908203,150347200
2016-10-13,26.708191404904703,26.856837393692825,26.463497882954783,26.75164222717285,140769600
2016-10-14,26.957462853376438,27.023781898930597,26.785948621860403,26.900291442871094,142608800
2016-10-17,26.831690749018982,26.948319187419795,26.7059129294888,26.882001876831055,94499600
2016-10-18,27.026065533526857,27.032925822688387,26.859124270087737,26.863698959350586,98214000
2016-10-19,26.8133855727319,26.93001571278874,26.02442098085159,26.78365707397461,80138400
2016-10-20,26.724208706542928,26.843124492469915,26.603005575290435,26.76994514465332,96503200
2016-10-21,26.71276910594301,26.73563906577721,26.591565995646846,26.664745330810547,92770800
2016-10-24,26.77909316324069,26.92545186096177,26.756224943859266,26.904870986938477,94154800
2016-10-25,26.973465918005598,27.067227851810628,26.827107273063863,27.042072296142578,192516000
2016-10-26,26.141051919961637,26.458924783136965,25.91236630646959,26.43376922607422,264536800
2016-10-27,26.38803465627076,26.495517181324974,26.09302998476012,26.179931640625,138248000
2016-10-28,26.040437231807747,26.346875184613896,25.944387926768172,26.006134033203125,151446800
2016-10-31,25.99011946920089,26.122757539408344,25.88720989966778,25.964963912963867,105677600
2016-11-01,25.94667147935056,26.01756346663362,25.276622510848522,25.49616050720215,175303200
2016-11-02,25.47558243642123,25.69283311180538,25.436706293623324,25.519031524658203,113326800
2016-11-03,25.50983388565465,25.620165575193028,25.181134398016813,25.245494842529297,107730400
2016-11-04,24.94668073850706,25.34203982636608,24.85014005529243,25.01793670654297,123348000
2016-11-07,25.302960562293165,25.401800320493166,25.160446892377394,25.378814697265625,130240000
2016-11-08,25.355826332346027,25.67992939440463,25.215611756323725,25.528221130371094,97016800
2016-11-09,25.256989077727034,25.587987683875674,24.836347061719003,25.486848831176758,236705600
2016-11-10,25.53511491087907,25.53511491087907,24.326054072006432,24.776578903198242,228538000
2016-11-11,24.622575108340758,25.024829639098517,24.49155513132728,24.923690795898438,136575600
2016-11-14,24.758194790163717,24.781180415658593,23.923804484233084,24.29847526550293,204702000
2016-11-15,24.496151034422876,24.75129547166917,24.401909458278958,24.620275497436523,129058000
2016-11-16,24.526044684785894,25.33745140824759,24.503059051094695,25.282283782958984,235362000
2016-11-17,25.24089869361549,25.36502316958602,25.015637119724733,25.27307891845703,110528000
2016-11-18,25.22022076843377,25.40870575843952,25.20642973984767,25.298372268676758,113715600
2016-11-21,25.312157547067688,25.741994178360056,25.286872833028042,25.682231903076172,117058400
2016-11-22,25.73280176766995,25.84083614527255,25.60637994040234,25.69832420349121,103862000
2016-11-23,25.597181932717977,25.631661245999794,25.360426670508605,25.56730079650879,109705600
2016-11-25,25.54431375473098,25.714411234842505,25.50293892898638,25.696022033691406,45903600
2016-11-28,25.6132722743561,25.85232662724157,25.604077673819265,25.64545249938965,108776000
2016-11-29,25.46386208296801,25.751186762101863,25.30066187566286,25.620166778564453,114115200
2016-11-30,25.652347458817204,25.79026295651753,25.346633573892827,25.404098510742188,144649200
2016-12-01,25.369618916142567,25.500638891499555,25.06160596742316,25.167341232299805,148347600
2016-12-02,25.093783068007927,25.305253571458437,25.020228034038603,25.261581420898438,106112000
2016-12-05,25.284580749704254,25.29147626386357,24.882326055958963,25.080005645751953,137298000
2016-12-06,25.169642731993623,25.367322258129196,25.09838677037175,25.27307891845703,104782000
2016-12-07,25.114475106237848,25.558104464389725,25.091489483504244,25.521326065063477,119994800
2016-12-08,25.48225349606858,25.84313325425005,25.422489466585745,25.77187728881836,108273200
2016-12-09,25.81555025835451,26.364914969441042,25.81555025835451,26.192520141601562,137610400
2016-12-12,26.040810805308038,26.43387076008026,25.856922307239902,26.043109893798828,105497600
2016-12-13,26.167228953547017,26.64533757870418,26.146542421095145,26.477540969848633,174935200
2016-12-14,26.443061662071738,26.70969801791948,26.429270640437156,26.477540969848633,136127200
2016-12-15,26.521219462804925,26.831531553286478,26.486741900476627,26.622358322143555,186098000
2016-12-16,26.771761600179012,26.778657111119298,26.583276701819184,26.656831741333008,177404400
2016-12-19,26.61776304923679,26.980940166427025,26.60626935883651,26.81084442138672,111117600
2016-12-20,26.833825002952814,27.00851889278205,26.820033980018344,26.882095336914062,85700000
2016-12-21,26.8476225932117,26.985538108355716,26.843024415615375,26.907384872436523,95132800
2016-12-22,26.74418157253058,26.780959974316932,26.58098136040775,26.730390548706055,104343600
2016-12-23,26.569490683491168,26.783260345458984,26.569490683491168,26.783260345458984,56998000
2016-12-27,26.783258305133447,27.07748026929318,26.77636279296477,26.95335578918457,73187600
2016-12-28,27.013118748301817,27.128048630534312,26.709703929355662,26.83842658996582,83623600
2016-12-29,26.76716931643538,26.91887760528146,26.755677380235163,26.831531524658203,60158000
2016-12-30,26.813142350917477,26.93956417139991,26.532713152708265,26.622358322143555,122345200
2017-01-03,26.617759202470722,26.739584586867494,26.37870485695846,26.698209762573242,115127600
2017-01-04,26.629255404171083,26.78096370212091,26.606269776700465,26.668331146240234,84472400
2017-01-05,26.64533796085043,26.86140665590674,26.620053251697435,26.80394172668457,88774400
2017-01-06,26.843023377261122,27.160230978882005,26.771767410492767,27.102766036987305,127007600
2017-01-09,27.111955034121088,27.452148213448933,27.109657699428972,27.351009368896484,134247600
2017-01-10,27.30044782985429,27.44066244894811,27.19241519633956,27.37860107421875,97848400
2017-01-11,27.29354838793295,27.567082073301073,27.261368160676803,27.525707244873047,110354400
2017-01-12,27.330331279004902,27.42227555212586,27.171727451713522,27.410781860351562,108344800
2017-01-13,27.378595071522714,27.49582403552166,27.309636444772575,27.362504959106445,104447600
2017-01-17,27.201601911231894,27.638335785974654,27.174019863656817,27.58316993713379,137759200
2017-01-18,27.583172578128174,27.698102463870374,27.51651303395479,27.580873489379883,94852000
2017-01-19,27.445258132300303,27.603860188276872,27.438362619478404,27.532604217529297,102389200
2017-01-20,27.686606122921752,27.686606122921752,27.52110857639915,27.58316993713379,130391600
2017-01-23,27.58317520299412,27.769361074433192,27.530306678897652,27.601564407348633,88200800
2017-01-24,27.479739898382356,27.606161736659523,27.468246206861203,27.57628059387207,92844000
2017-01-25,27.67971143894819,28.065875899766148,27.647531213354256,28.01530647277832,129510400
2017-01-26,27.967037299224167,28.144030301053384,27.95094718575704,28.02910041809082,105350400
2017-01-27,28.075070781169206,28.12334112004273,27.950946301055517,28.031396865844727,82251600
2017-01-30,27.796938846873953,27.957839965820312,27.734877487763406,27.957839965820312,121510000
2017-01-31,27.847512860807765,27.90267871729734,27.72568745728493,27.893484115600586,196804000
2017-02-01,29.199085204775255,29.994401522323454,29.19448878117204,29.594444274902344,447940000
2017-02-02,29.417462420456694,29.741563875507445,29.37148940129574,29.54388427734375,134841600
2017-02-03,29.493306525077063,29.695584245022474,29.458828962532614,29.670299530029297,98029200
2017-02-06,29.68179442923557,29.996701204576585,29.628924154671164,29.948429107666016,107383600
2017-02-07,30.005893220062706,30.36217656964027,29.98520668226717,30.233455657958984,152735200
2017-02-08,30.192088605538622,30.39206552555346,30.162205706729054,30.350688934326172,92016400
2017-02-09,30.392241202170585,30.57692701180772,30.26988760183611,30.57000160217285,113399600
2017-02-10,30.579230063479425,30.690040112082325,30.484578125724394,30.500736236572266,80262000
2017-02-13,30.722359928568,30.89319487594774,30.646176919165736,30.770837783813477,92141600
2017-02-14,30.812397098939268,31.186383256072688,30.76160842049049,31.170225143432617,132904800
2017-02-15,31.285649364401177,31.45879160380169,31.077876563567838,31.28333854675293,142492400
2017-02-16,31.32027683925404,31.37337280708474,31.12866566893952,31.24640464782715,90338400
2017-02-17,31.188697339946398,31.357221505579854,31.188697339946398,31.33182716369629,88792800
2017-02-21,31.44955503438963,31.569601305385525,31.391840955220733,31.55805778503418,98028800
2017-02-22,31.495727730547916,31.655019163477846,31.421855535944346,31.652711868286133,83347600
2017-02-23,31.715045293392897,31.738128813968785,31.465720022091123,31.518815994262695,83152800
2017-02-24,31.37568587079479,31.548828125,31.230245250034194,31.548828125,87106400
2017-02-27,31.659643575044708,31.728901193043466,31.461106948828956,31.611162185668945,81029600
2017-02-28,31.645787669375324,31.72889609309764,31.558061132505042,31.625011444091797,93931600
2017-03-01,31.832774893079204,32.35450886011195,31.765828116381613,32.271400451660156,145658400
2017-03-02,32.319892547208525,32.38453205049584,32.03362937365845,32.079803466796875,104844000
2017-03-03,32.038240052746666,32.28063989511755,31.99437678799724,32.26909637451172,84432400
2017-03-06,32.17443639244245,32.26678101161187,31.99667960539202,32.167510986328125,87000000
2017-03-07,32.102888070961534,32.31527552070743,32.040555861198314,32.209083557128906,69785200
2017-03-08,32.077476258004396,32.27370548580954,32.047467339904514,32.089019775390625,74828800
2017-03-09,32.02901394806746,32.040553948462716,31.638866120296644,32.015159606933594,88623600
2017-03-10,32.14675130712464,32.17214565013795,32.00592877270334,32.12135696411133,78451200
2017-03-13,32.054399093261644,32.18829264917748,32.047473685975916,32.135196685791016,69686800
2017-03-14,32.158295874412474,32.23909349746687,32.052100384931684,32.08673095703125,61236400
2017-03-15,32.18368275296958,32.49302939880526,32.09595621777302,32.426082611083984,102767200
2017-03-16,32.486108606301194,32.555366221686945,32.379913126364556,32.479183197021484,76928000
2017-03-17,32.55075250275632,32.55075250275632,32.29450175704382,32.317588806152344,175540000
2017-03-20,32.412210842372424,32.66615408528547,32.37296570893791,32.65692138671875,86168000
2017-03-21,32.80699238269728,32.9662838100566,32.25755320371015,32.2829475402832,158119600
2017-03-22,32.28526243499958,32.689261053486796,32.26448268602448,32.647705078125,103440800
2017-03-23,32.61076264260119,32.684638356177594,32.460707442957485,32.53227233886719,81385200
2017-03-24,32.66616502927259,32.721571806994355,32.400681704854115,32.467628479003906,89582400
2017-03-27,32.17907112168971,32.601538725765934,32.00131072025473,32.523048400878906,94300400
2017-03-28,32.529961373650984,33.252539181636585,32.46301107545243,33.19713592529297,133499200
2017-03-29,33.1694378122708,33.35643440986911,33.056320458176856,33.27101516723633,116760000
2017-03-30,33.287174863774936,33.35873976262738,33.127883432090165,33.227149963378906,84829200
2017-03-31,33.17867244111365,33.30564412870682,33.01476289484099,33.16482162475586,78646800
2017-04-03,33.17636782480755,33.27101625175768,33.02400178739265,33.17405700683594,79942800
2017-04-04,33.07017128430263,33.44877554763126,33.05170235406852,33.42107391357422,79565600
2017-04-05,33.29408771947576,33.58035072954783,33.19943581421967,33.24791717529297,110871600
2017-04-06,33.31025871910069,33.36335821192298,33.11634024491553,33.16482162475586,84596000
2017-04-07,33.18098385228909,33.28486851044707,33.07479189864796,33.09095001220703,66688800
2017-04-10,33.150951515660495,33.215590969437564,32.989349358631785,33.05168151855469,75733600
2017-04-11,32.998607321373136,33.093259270548934,32.33373990435652,32.69618606567383,121517600
2017-04-12,32.68925348626947,32.81622163318866,32.55304559211443,32.73542404174805,81400000
2017-04-13,32.76081144977597,32.86931416963554,32.56227493286133,32.56227493286133,71291600
2017-04-17,32.66154660753031,32.753891236191194,32.520724131086446,32.742347717285156,66328400
2017-04-18,32.645401402961475,32.79083852638514,32.576143784737035,32.596920013427734,58790000
2017-04-19,32.75390579168043,32.78160743129531,32.4237793217176,32.47687530517578,69313600
2017-04-20,32.60153746712404,32.9939925989966,32.5876866482774,32.883182525634766,93278400
2017-04-21,32.883185899818656,32.93858918089021,32.74698147039898,32.84394073486328,69283600
2017-04-24,33.12788609309667,33.23177074566537,33.05401037054841,33.16020584106445,68537200
2017-04-25,33.222543233615575,33.45108880046584,33.21330700555945,33.36567306518555,75486000
2017-04-26,33.35181972629284,33.381832181324775,33.10018713089948,33.16944122314453,80164800
2017-04-27,33.2248366635239,33.280243440970935,33.08401418644334,33.19482421875,56985200
2017-04-28,33.264079612801645,33.31256098018901,33.0747793002223,33.16250228881836,83441600
2017-05-01,33.49726554660336,33.982061880251045,33.46494579102684,33.838932037353516,134411600
2017-05-02,34.0605371626069,34.18750883290929,33.89893845612549,34.053611755371094,181408800
2017-05-03,33.61037839972,34.0490076206691,33.30564982001212,33.949737548828125,182788000
2017-05-04,33.82506239532307,33.96819215857823,33.66115289015409,33.827369689941406,93487600
2017-05-05,33.8804798630999,34.392981290391695,33.8804798630999,34.38836669921875,109310800
2017-05-08,34.40451889529334,35.48261754362255,34.40451889529334,35.323326110839844,195009600
2017-05-09,35.52186302080197,35.755030172831056,35.42490378313578,35.54956817626953,156521600
2017-05-10,35.466461724236616,35.53802662820742,35.11555909039869,35.38104248046875,103222800
2017-05-11,35.33931694196356,35.71485030550532,35.30686379075656,35.68703079223633,109020400
2017-05-12,35.86089351769465,36.259605746800744,35.853939522534674,36.185428619384766,130108000
2017-05-15,36.16456126267978,36.312919047116495,35.942026354589,36.09270095825195,104038800
2017-05-16,36.14834121312843,36.176157196019886,35.86553359663516,36.039390563964844,80194000
2017-05-17,35.605904337064445,35.830759605936734,34.70416644230344,34.829341888427734,203070800
2017-05-18,35.065788496094065,35.54563183518866,35.03333534048926,35.36018371582031,134272800
2017-05-19,35.55488205879254,35.693965401089386,35.38102522807677,35.4807014465332,107843200
2017-05-22,35.69862114020477,35.833070917006374,35.44594993039589,35.69630432128906,91865600
2017-05-23,35.907236328189825,35.907236328189825,35.53866062441189,35.65224838256836,79675600
2017-05-24,35.66152455835698,35.73802201469214,35.39030823342003,35.54561996459961,76712000
2017-05-25,35.63602677342156,35.77975088044138,35.47376104336142,35.668479919433594,76942400
2017-05-26,35.698628437412,35.754263936914604,35.53867947132973,35.60822296142578,87710400
2017-05-30,35.56417141113815,35.798297458551254,35.54330942948441,35.62212371826172,80507600
2017-05-31,35.69166932845386,35.73803046949931,35.323093482019345,35.41117858886719,97804800
2017-06-01,35.50622810236903,35.54331843723868,35.28600998691513,35.508544921875,65616400
2017-06-02,35.60125082604754,36.034732818603516,35.44130194146482,36.034732818603516,111082800
2017-06-05,35.7774232764525,35.80292242437654,35.573433630187075,35.68238067626953,101326800
2017-06-06,35.6754445651318,36.11820111139011,35.647628585137745,35.802940368652344,106499600
2017-06-07,35.93506990636486,36.15760479926238,35.8098909341227,36.01620101928711,84278400
2017-06-08,35.98837351124916,36.055596613968014,35.79133430261688,35.928104400634766,85003200
2017-06-09,35.9744757167898,35.9744757167898,33.84878545799699,34.53493881225586,259530800
2017-06-12,33.7838707284533,33.86500181812476,33.035124540031404,33.70969009399414,289229200
2017-06-13,34.11305186150366,34.18027499117992,33.64711298089362,33.980918884277344,136661600
2017-06-14,34.19186595717574,34.19186595717574,33.34344321400546,33.64943313598633,126124800
2017-06-15,33.22290219610901,33.49179822808416,32.96559379650848,33.44775390625,128661600
2017-06-16,33.3295304773726,33.49643340429505,32.96327147313324,32.97949981689453,201444400
2017-06-19,33.30171139945538,34.015684178746284,33.30171139945538,33.92295837402344,130165600
2017-06-20,34.04581597861936,34.04581597861936,33.59842592166932,33.61465072631836,99600400
2017-06-21,33.7328795134011,33.86037529495847,33.52193226910873,33.81401062011719,85063200
2017-06-22,33.79081876868108,34.006399567490604,33.640140707899974,33.758365631103516,76425200
2017-06-23,33.64248595758508,34.11305856923458,33.63784878103498,33.90906524658203,141757600
2017-06-26,34.115365739113535,34.37267413935767,33.70042875204585,33.802425384521484,102769600
2017-06-27,33.61465529080629,33.881238028549696,33.29244060142321,33.31793975830078,99047600
2017-06-28,33.494121161794965,33.86965103011628,33.1858144223585,33.804744720458984,88329600
2017-06-29,33.545121327163834,33.642480797005575,32.981822956565935,33.30635452270508,125997600
2017-06-30,33.484834786739654,33.60305973033516,33.32952306317769,33.38515853881836,92096400
2017-07-03,33.58452728002264,33.681886746388706,33.171907073320845,33.26462936401367,57111200
2017-07-05,33.30867540959865,33.56366349073163,33.08382012907563,33.401397705078125,86278400
2017-07-06,33.153351065492295,33.26461848536121,33.0119473192959,33.086124420166016,96515200
2017-07-07,33.12554090823532,33.55438944203502,33.12554090823532,33.42225646972656,76806800
2017-07-10,33.40603312765104,33.83256132387614,33.23449299917569,33.626251220703125,84362400
2017-07-11,33.54975466583044,33.80938345354862,33.46862354358563,33.73520278930664,79127200
2017-07-12,33.81401112095547,33.88587141604451,33.570614260074045,33.783878326416016,99538000
2017-07-13,33.728236284050766,34.42134701782428,33.714328298946185,34.25444412231445,100797600
2017-07-14,34.30081694099434,34.61607768026899,34.15245915410795,34.548851013183594,80528400
2017-07-17,34.497855047042286,34.9800151850504,34.439902733258485,34.66939163208008,95174000
2017-07-18,34.585938981519924,34.80152342076449,34.46308036345037,34.78993225097656,71475200
2017-07-19,34.882648805047324,35.10055002760471,34.759790207159064,35.00782775878906,83692000
2017-07-20,35.11910406729863,35.17473956492999,34.81543449245928,34.85020446777344,68974800
2017-07-21,34.76907043902721,34.87338389337596,34.5117620318318,34.83397674560547,105010400
2017-07-24,34.90582498951104,35.33699018406429,34.74819291574987,35.255855560302734,85972800
2017-07-25,35.18864248543714,35.661531767224204,35.18864248543714,35.40654373168945,75415600
2017-07-26,35.547945210835245,35.68239144541838,35.480718556415695,35.57344436645508,63124000
2017-07-27,35.640671397877796,35.69630689001143,34.145502475929085,34.90119934082031,129905200
2017-07-28,34.74589636212917,34.824710676412685,34.58363055709569,34.65549087524414,68854800
2017-07-31,34.74820615187898,34.84788597153069,34.337906314401316,34.47698974609375,79383600
2017-08-01,34.56274481947954,34.82236992913607,34.402795944020845,34.782962799072266,141474400
2017-08-02,36.92256997140216,37.03152058096427,36.19932638207736,36.42649841308594,279747200
2017-08-03,36.40562997869936,36.44272029391617,35.935057657908395,36.06255340576172,108389200
2017-08-04,36.17847408828248,36.48677730148422,36.09038543472271,36.25265121459961,82239600
2017-08-07,36.40795916021411,36.8391244939229,36.31755369687816,36.81362533569336,87481200
2017-08-08,36.76494790280871,37.51369077846636,36.688450427022744,37.10802459716797,144823600
2017-08-09,36.91793631689721,37.383875128169116,36.88316634760592,37.3351936340332,104526000
2017-08-10,37.21184440030399,37.23511776931683,35.98541526550975,36.145992279052734,163217200
2017-08-11,36.44389080716774,36.90234870358592,36.32054970315872,36.648681640625,105028400
2017-08-14,37.07687333211494,37.283993550032726,36.94422150945071,37.20021438598633,88490800
2017-08-15,37.38872595213952,37.74711251774953,37.26771078474369,37.60748291015625,117862000
2017-08-16,37.68660088619419,37.81924917046181,37.270030943015655,37.456207275390625,110686400
2017-08-17,37.35614114509254,37.400358425370186,36.73245093820814,36.73710632324219,111762400
2017-08-18,36.73709564898126,37.118755437457374,36.47179559541881,36.653316497802734,109712400
2017-08-21,36.653317774629805,36.744078228983426,36.09711836440786,36.58583068847656,105474000
2017-08-22,36.82320587499691,37.23512038858057,36.77433676805687,37.183921813964844,86418400
2017-08-23,37.018696680257115,37.34450259602937,36.97447940218413,37.23046875,77596400
2017-08-24,37.33519858208151,37.40734463100248,36.89768820902417,37.06524658203125,79275600
2017-08-25,37.15367250100886,37.365448131007646,37.06524149202365,37.202545166015625,101920400
2017-08-28,37.2676997479055,37.70055815018912,37.21882709155933,37.57721710205078,103864000
2017-08-29,37.25840071577374,37.961211187597634,37.23512734077837,37.9123420715332,118067600
2017-08-30,38.119451602125686,38.14039550311881,37.84251485226944,38.01472854614258,109078400
2017-08-31,38.082228811623146,38.28702316158408,38.04499282962685,38.16600799560547,107140400
2017-09-01,38.35219014874088,38.38477075015518,38.07990864741726,38.177650451660156,66364400
2017-09-05,38.10782994965673,38.22418973576255,37.365453946138565,37.71918869018555,117874000
2017-09-06,37.86580666476083,37.93096786693489,37.35615018624152,37.679630279541016,86606800
2017-09-07,37.721508469706514,37.75641853046921,37.318904669575105,37.528350830078125,87714000
2017-09-08,37.43526917498196,37.50275628603585,36.89303216520465,36.91630554199219,114446000
2017-09-11,37.35148229687576,37.71219825667535,37.20952325015532,37.58420181274414,126323200
2017-09-12,37.84251220555239,38.156684902545834,36.94887031550586,37.43525314331055,286856000
2017-09-13,37.204881304806825,37.225828767575365,36.74875287751085,37.153682708740234,179629600
2017-09-14,37.000086587029514,37.095498914209934,36.790636838468636,36.83485412597656,95042800
2017-09-15,36.87907127361987,37.46087021016209,36.76969278946842,37.20720672607422,196458400
2017-09-18,37.26071860122323,37.35147906251199,36.76968032322053,36.925601959228516,113077600
2017-09-19,37.12108850326259,37.181597849722785,36.87208046911773,36.93956756591797,83242400
2017-09-20,36.74641116825446,36.83019033836307,35.79924455857201,36.32053756713867,211805600
2017-09-21,36.25770088768065,36.25770088768065,35.547905661807576,35.69684600830078,150046800
2017-09-22,35.266306014014894,35.436193779476454,35.03824193356741,35.34775924682617,186581600
2017-09-25,34.90560444698507,35.333807540538785,34.712446806182214,35.035926818847656,177549200
2017-09-26,35.32216936298457,35.82018900645393,35.30122545789439,35.638668060302734,146640000
2017-09-27,35.79225487357351,36.00635635792153,35.73174553926787,35.8923225402832,102016800
2017-09-28,35.81320844544814,35.90396892040085,35.53627163568985,35.67124938964844,88022000
2017-09-29,35.65496147322591,35.869063019024054,35.373369273795674,35.86673355102539,105199200
2017-10-02,35.89930542190987,35.94352269092222,35.54091898799798,35.79458236694336,74795200
2017-10-03,35.841137272488844,36.09247481720678,35.81786744767447,35.95051574707031,64921200
2017-10-04,35.7527063895629,35.80623089295552,35.480424936193586,35.717796325683594,80655200
2017-10-05,35.88070024890902,36.17392916873495,35.85044912063934,36.16229248046875,85135200
2017-10-06,36.064544295370396,36.18555944004501,35.96912843993429,36.14134216308594,69630400
2017-10-09,36.260028433475185,36.47412996923933,36.185560032391976,36.26700973510742,65051600
2017-10-10,36.3181998650929,36.769676204372644,36.094791162800576,36.28096389770508,62468000
2017-10-11,36.29726179228331,36.53230721599602,36.24606321665989,36.4322395324707,67622400
2017-10-12,36.38569824724422,36.62306960009468,36.24140973064828,36.30424499511719,64500400
2017-10-13,36.4741357221856,36.602132190661905,36.39966730935674,36.534645080566406,65576800
2017-10-16,36.74641941159917,37.235131938702196,36.68823951794495,37.20720672607422,96486000
2017-10-17,37.183924459099835,37.437587882547504,37.05592801345531,37.34450149536133,75989200
2017-10-18,37.33287127406661,37.40036193482916,37.142043081984205,37.17927551269531,65496800
2017-10-19,36.47878226217081,36.55558012463436,36.07617851442355,36.29958724975586,170336800
2017-10-20,36.446209754589574,36.71150990600586,36.29494346381537,36.362430572509766,95896400
2017-10-23,36.51136555990022,36.697541887170274,36.18788556728802,36.343807220458984,87937200
2017-10-24,36.37173968118282,36.63471392906621,36.35079577232983,36.560245513916016,71028800
2017-10-25,36.51602560804627,36.66496597867976,36.1343656863593,36.39966583251953,84828400
2017-10-26,36.59049388833527,36.73012703888052,36.48577080093559,36.63238525390625,68002000
2017-10-27,37.069895618770204,38.07291986379571,36.932591936286045,37.944923400878906,177816800
2017-10-30,38.140403099509236,39.11317256791725,38.10084120608133,38.79899978637695,178803200
2017-10-31,39.07360901783604,39.480868209419874,38.850200249880324,39.33890914916992,144187200
2017-11-01,39.53205744749529,39.54834951579642,38.540673728115806,38.83855438232422,134551200
2017-11-02,38.77106572888228,39.21323130839192,38.46387431918874,39.12247085571289,165573600
2017-11-03,40.493213952105975,40.553719775046666,39.822980308986224,40.144134521484375,237594400
2017-11-06,40.11385496195347,40.72358240407171,39.96258872288441,40.551368713378906,140105200
2017-11-07,40.47225549744198,40.784098824511965,40.40011300919636,40.68170166015625,97446000
2017-11-08,40.6467947443134,41.01449203491211,40.569996871813196,41.01449203491211,97638000
2017-11-09,40.75150342227248,40.98189695834765,40.29304581729536,40.93069839477539,117930400
2017-11-10,40.89801520924075,40.96107636396165,40.70182890986884,40.795249938964844,100582000
2017-11-13,40.52198037012979,40.75553645295474,40.49862333633409,40.631752014160156,67928400
2017-11-14,40.41455034592742,40.51731561124466,39.980135810403205,40.01750564575195,99130000
2017-11-15,39.69753460722504,39.77928067598578,39.32618122606682,39.48966979980469,116632400
2017-11-16,39.98012620413837,40.141280462047675,39.77459928667072,39.96144485473633,94550000
2017-11-17,39.94743924729169,40.02918531900126,39.620462088020936,39.73957443237305,87598000
2017-11-20,39.77228053861187,39.835341705411594,39.601785524152106,39.69987869262695,65049600
2017-11-21,39.88671932640713,40.56870286213054,39.88671932640713,40.43791198730469,100525200
2017-11-22,40.48929245518663,40.87232438112121,40.41689062220264,40.86298370361328,102355600
2017-11-24,40.89566264943922,40.98908363677367,40.79055958396017,40.865299224853516,56106800
2017-11-27,40.88400551521295,40.891011914737895,40.48462292337074,40.6597900390625,82867200
2017-11-28,40.70884676985853,40.84197195198904,40.13896906609399,40.421573638916016,105715200
2017-11-29,40.3187879090918,40.38651760536671,39.04123584489696,39.58308410644531,166665600
2017-11-30,39.804962967086695,40.204345451649964,39.340188625783696,40.13661575317383,166108800
2017-12-01,39.69285874389665,40.094575523647414,39.35420310942091,39.949771881103516,159037200
2017-12-04,40.283757966117385,40.31645567986797,39.61812517252679,39.65782928466797,130169600
2017-12-05,39.4850051347503,40.059554875264176,39.330857208785076,39.62046813964844,109400800
2017-12-06,39.12065153613966,39.75125237053263,38.87775473048756,39.47332000732422,114240000
2017-12-07,39.47800111708906,39.80731618867309,39.449975515689395,39.54573440551758,102693200
2017-12-08,39.81898503312158,39.9380973739062,39.428946732036295,39.55739974975586,93420800
2017-12-11,39.51769265176879,40.379515258115376,39.42193379244509,40.32813262939453,141095200
2017-12-12,40.20669640428996,40.26275117246388,40.045545627886085,40.10159683227539,77636800
2017-12-13,40.28842377917512,40.53132053418506,40.17164573923548,40.23470687866211,95273600
2017-12-14,40.26507229458504,40.43557082231696,40.08990521053588,40.2230339050293,81906000
2017-12-15,40.55234380130759,40.67846251796855,40.279083612056354,40.631752014160156,160677200
2017-12-18,40.84429699209072,41.38614535836451,40.83962487164989,41.20397186279297,117684400
2017-12-19,40.879332559638705,40.963412916005446,40.659789208915306,40.764888763427734,109745600
2017-12-20,40.84195901091509,40.97041559422269,40.46359922352152,40.72051239013672,93902400
2017-12-21,40.67848177420286,41.110562157478896,40.66213469383395,40.87466812133789,83799600
2017-12-22,40.7975941498667,40.97042701593404,40.75555574567405,40.87466812133789,65397600
2017-12-26,39.89138628266804,40.04786845648848,39.629801003099054,39.837669372558594,132742000
2017-12-27,39.72790651414979,39.88672300141848,39.63681974909053,39.84468460083008,85992800
2017-12-28,39.938106002381936,40.13663017703035,39.816655793286984,39.956790924072266,65920800
2017-12-29,39.82598570372476,39.84233277695567,39.52236207214556,39.524696350097656,103999600
2018-01-02,39.741910383069516,40.24172033918654,39.5317077360136,40.23237609863281,102223600
2018-01-03,40.29542840399965,40.76721266246271,40.162303297491356,40.22536087036133,118071600
2018-01-04,40.29777620574446,40.51498527654076,40.19034237338912,40.4122200012207,89738400
2018-01-05,40.50797887656705,40.95874053156003,40.41689212140461,40.8723258972168,94640000
2018-01-08,40.72051239013672,41.0147918288002,40.622415680131866,40.72051239013672,82271200
2018-01-09,40.76722965721681,40.886342019408715,40.500975769423384,40.71584701538086,86336000
2018-01-10,40.442577393297114,40.708831219637595,40.405207559899,40.70649337768555,95839600
2018-01-11,40.77656694044623,40.98676961148585,40.753213463964485,40.937721252441406,74670800
2018-01-12,41.14791382880961,41.423511892310295,41.024129375372745,41.360450744628906,101672400
2018-01-16,41.54963226482539,41.897632166104536,41.13857477715793,41.15025329589844,118263600
2018-01-17,41.14091299359858,41.86493845941443,40.88867549633279,41.82990646362305,137547200
2018-01-18,41.89295892367008,42.06345745239051,41.63137721705079,41.86726760864258,124773600
2018-01-19,41.7154633623387,41.942013108967615,41.435196700011545,41.6804313659668,129700400
2018-01-22,41.40950695127393,41.52161290769802,41.24601835570046,41.339439392089844,108434400
2018-01-23,41.4094970080787,41.909306916694824,41.29739107857335,41.34877014160156,130756400
2018-01-24,41.39782603750043,41.40950455731997,40.45192295265972,40.69015121459961,204420400
2018-01-25,40.75787255580819,40.8606378070579,39.82832030240219,39.963783264160156,166116000
2018-01-26,40.171656622698116,40.171656622698116,39.71855713477156,40.057212829589844,156572000
2018-01-29,39.74191114188095,39.74191114188095,39.0202235699117,39.22808837890625,202561600
2018-01-30,38.66053538365308,39.09027769049413,38.466683420899365,38.996856689453125,184192800
2018-01-31,38.97350298510393,39.34018775125438,38.88708837357323,39.10429382324219,129915600
2018-02-01,39.04358482234974,39.382240558791324,38.94782593657848,39.18605422973633,188923200
2018-02-02,38.77031058908623,38.9571561721517,37.3923310960717,37.48575210571289,346375200
2018-02-05,37.15877200388936,38.275169728621044,36.434746764466965,36.549190521240234,290954000
2018-02-06,36.161485881964886,38.2377991521167,35.967633920841486,38.07664489746094,272975200
2018-02-07,38.09067604426711,38.16307788891762,37.151782778833194,37.26155090332031,206434400
2018-02-08,37.43670326139403,37.60252964965268,36.208199538410746,36.23622512817383,217562000
2018-02-09,36.834223524000194,37.02651848559396,35.232531269697944,36.679447174072266,282690400
2018-02-12,37.16957849038807,38.43357852431035,36.93741390436866,38.1568603515625,243278000
2018-02-13,37.97863336270872,38.63525757586731,37.90828012945707,38.53910827636719,130196800
2018-02-14,38.23424264640194,39.28953029970094,38.19672402713639,39.249664306640625,162579600
2018-02-15,39.81716693279276,40.59104512106228,39.63190693047491,40.567596435546875,204588800
2018-02-16,40.41985413112513,40.99674617210907,40.28149508128184,40.4362678527832,160704400
2018-02-20,40.3471595876204,40.865421001998236,40.199418192113605,40.30025863647461,135722000
2018-02-21,40.530077297539975,40.832591485159895,40.103270396242934,40.11734390258789,149886400
2018-02-22,40.28854259462568,40.792734207769016,40.2674376980712,40.45269775390625,123967600
2018-02-23,40.72706495529602,41.19139048910668,40.696577724555915,41.15621566772461,135249600
2018-02-26,41.35554853334056,42.068452335634156,41.32271750780691,41.9699592590332,152648800
2018-02-27,42.00044490832769,42.32406398260265,41.780006497336466,41.83394241333008,155712400
2018-02-28,42.037961604302204,42.35689307363016,41.75420853117485,41.77062225341797,151128400
2018-03-01,41.86912523610617,42.1599169199814,40.49021837370537,41.03896713256836,195208000
2018-03-02,40.523048950701295,41.34382828416562,40.4409695860293,41.322723388671875,153816000
2018-03-05,41.08821211152215,41.68151798734125,40.92640076751445,41.46577072143555,113605600
2018-03-06,41.7213870796777,41.80111907072272,41.30396244619029,41.43059539794922,95154000
2018-03-07,41.024881287994,41.23828469309674,40.86776116131879,41.04598617553711,126814000
2018-03-08,41.1515203805562,41.5361138952039,41.055374685629104,41.49390411376953,95096400
2018-03-09,41.73311327128927,42.21150879652509,41.59944177584291,42.206817626953125,128740800
2018-03-12,42.27952306476591,42.77199219669841,42.26076553937398,42.614871978759766,128828400
2018-03-13,42.8188823717897,43.03228584704719,42.03328148015338,42.204471588134766,126774000
2018-03-14,42.286545617307205,42.333446569678834,41.69792739335634,41.84566879272461,117473600
2018-03-15,41.8597493351985,42.26779523875993,41.75891244094542,41.89492416381836,90975200
2018-03-16,41.894918778246705,42.00513799817259,41.65337544393605,41.7471809387207,157618800
2018-03-19,41.58303340390642,41.61820823444028,40.72473175573631,41.10932540893555,133787200
2018-03-20,41.09525680541992,41.46108936805779,41.02490356376313,41.09525680541992,78597600
2018-03-21,41.0483511935547,41.06007732991229,40.16190967530038,40.16425704956055,148219600
2018-03-22,39.866420083077934,40.494900752679506,39.538109819601516,39.596736907958984,165963200
2018-03-23,39.48886269872853,39.847660204185324,38.6798095703125,38.6798095703125,164115200
2018-03-26,39.413829131964945,40.593406116445934,39.0315792888296,40.51601791381836,150164800
2018-03-27,40.72941236810116,41.074139961517155,39.144137060144445,39.47713851928711,163690400
2018-03-28,39.22151554961201,39.871104581868025,38.738428994894235,39.04094314575195,166674000
2018-03-29,39.35284871600534,40.27681225973409,39.139445242034746,39.3458137512207,153594000
2018-04-02,39.07847753168714,39.61784753834901,38.56959476044656,39.08785629272461,150347200
2018-04-03,39.31297982072446,39.57328423348167,38.6657380601208,39.488861083984375,121112000
2018-04-04,38.665740123117175,40.337782321799516,38.63994405999684,40.243980407714844,138422000
2018-04-05,40.47146008133661,40.85839750981913,40.35420588139473,40.52305221557617,107732800
2018-04-06,40.09390240110896,40.44800880545494,39.44431311551647,39.48652648925781,140021200
2018-04-09,39.83828113365013,40.59105096146025,39.83124616915198,39.87814712524414,116070800
2018-04-10,40.5699434707003,40.80445181446158,40.22521591910616,40.628570556640625,113634400
2018-04-11,40.389369381678115,40.78568903885256,40.26508025086536,40.43861770629883,89726400
2018-04-12,40.666090195176274,41.0389575795323,40.579319680183765,40.8372802734375,91557200
2018-04-13,40.98737310695765,41.23595140956656,40.7692820378696,40.97564697265625,100497200
2018-04-16,41.0460099885961,41.3180406246803,40.9991090185196,41.23127365112305,86313600
2018-04-17,41.38838127915609,41.962926039032276,41.36962018116944,41.798770904541016,106421600
2018-04-18,41.69793634802571,41.93479211258438,41.479845262421385,41.70497131347656,83018000
2018-04-19,40.74817827560862,41.1304281124797,40.490221182725016,40.52305221557617,139235200
2018-04-20,40.00712227776633,40.15251629639191,38.79471107037423,38.86272048950195,261964400
2018-04-23,39.12304303266678,39.14414793323282,38.48048862613169,38.75017547607422,146062000
2018-04-24,38.85100323747827,39.005779628477015,37.8074416526787,38.21079635620117,134768000
2018-04-25,38.135749302540106,38.792373442463585,38.08650454957621,38.37729263305664,113528400
2018-04-26,38.48751117244882,38.86506977787231,38.311629901195275,38.510963439941406,111852000
2018-04-27,38.45936379350475,38.536751967120935,37.66907191427153,38.065391540527344,142623200
2018-04-30,38.02084726576304,39.22387290010459,37.95283782728673,38.75485610961914,169709600
2018-05-01,39.02453693116686,39.67881367917698,38.75719754468878,39.655364990234375,214277600
2018-05-02,41.09291007602837,41.68387230557986,40.757564747785445,41.40715408325195,266157600
2018-05-03,41.24534078445149,41.625243268091204,40.9076480975209,41.48219299316406,136272800
2018-05-04,41.80112285694862,43.20817327569584,41.782361755300954,43.10968017578125,224805200
2018-05-07,43.42624978492575,44.010176800741654,43.325412923046954,43.42156219482422,169805600
2018-05-08,43.381708846718794,43.67015316776499,43.07215605081431,43.630287170410156,113611200
2018-05-09,43.747552540654404,43.94688257834105,43.435655869352345,43.937503814697266,92844800
2018-05-10,44.026604958155126,44.64335957002789,44.00549648424058,44.56597137451172,111957200
2018-05-11,44.60835031424025,44.74253367480774,44.12810643235804,44.39647674560547,104848800
2018-05-14,44.49533599968654,44.617751562338626,44.22461293578099,44.29288101196289,83115200
2018-05-15,43.9703821652857,44.038653857301725,43.574890568370826,43.890342712402344,94780800
2018-05-16,43.80322864340894,44.36586467071861,43.78674803552611,44.29994583129883,76732400
2018-05-17,44.2575828606732,44.471809256839805,43.87150621770076,44.01981735229492,69176000
2018-05-18,44.06690554420082,44.212860274211145,43.81736864755884,43.8597412109375,73190800
2018-05-21,44.2575765338486,44.55655159388453,44.00097761711557,44.170475006103516,73603200
2018-05-22,44.34703725408873,44.46474358200202,43.970375567921366,44.05983352661133,60962800
2018-05-23,43.86914520823956,44.37528092786658,43.73024902599362,44.342323303222656,80233600
2018-05-24,44.438839272394304,44.45531628715076,43.836183567201495,44.29288101196289,92936000
2018-05-25,44.31172339594766,44.64600893764281,44.17518362391239,44.39411926269531,69844000
2018-05-29,44.16341457064285,44.43413768126005,43.991560749846364,44.23403549194336,90056400
2018-05-30,44.19166839609295,44.257583658854166,43.970379903060696,44.13987731933594,74762000
2018-05-31,44.07396539980083,44.31173093050286,43.81971925610215,43.99156951904297,109931200
2018-06-01,44.25522977936332,44.78961396182632,44.198729444569345,44.784908294677734,93770000
2018-06-04,45.1144812257264,45.53351546579196,45.0462131360557,45.159210205078125,105064800
2018-06-05,45.45113264432601,45.65594054804563,45.28398804337228,45.50762939453125,86264000
2018-06-06,45.582948159321724,45.68888312315127,45.18039098623548,45.665340423583984,83734400
2018-06-07,45.70302095723401,45.71714514434853,45.279277383234806,45.54294204711914,85388800
2018-06-08,45.00384407842098,45.19923704461529,44.674267745149045,45.12861251831055,106627200
2018-06-11,45.04621537216592,45.192170076569795,44.77784507484562,45.01796340942383,73234000
2018-06-12,45.05562723197043,45.34283095420171,44.99912690244376,45.26514434814453,67644400
2018-06-13,45.29809464432641,45.40638602703127,44.83197867553465,44.893184661865234,86553600
2018-06-14,45.093299928876135,45.09800918830484,44.78020063094766,44.91674041748047,86440400
2018-06-15,44.73546388316103,44.76606867596771,44.31878250278761,44.455322265625,246876800
2018-06-18,44.22932676017291,44.54477882716092,44.06924430139088,44.43178176879883,73939600
2018-06-19,43.58429795860175,43.86443958736214,43.18645000462183,43.713775634765625,134314000
2018-06-20,43.869158068233006,44.06925670790328,43.72319975164164,43.90446853637695,82514800
2018-06-21,44.08101301559192,44.33996833397004,43.53721043910938,43.65962600708008,102847600
2018-06-22,43.81499948548194,43.82206157732559,43.48071396713906,43.53250503540039,108801600
2018-06-25,43.174669253657406,43.532497410209515,42.546118044887194,42.88511276245117,126652400
2018-06-26,43.078161213268196,43.91152039626255,42.97222264930026,43.417152404785156,98276800
2018-06-27,43.60548924535381,44.08808595262717,43.32299475079041,43.353599548339844,101141200
2018-06-28,43.33947202308176,43.836192877993625,43.2688475068545,43.66904830932617,69460800
2018-06-29,43.855021380811685,44.06689492297677,43.05932905932024,43.57723617553711,90950800
2018-07-02,43.27355401169523,44.092789008299924,43.179386798681435,44.064537048339844,70925200
2018-07-03,44.208138207593315,44.24580509220455,43.20763448482043,43.29709243774414,55819200
2018-07-05,43.612538746759675,43.883265402976,43.38183539521996,43.6454963684082,66416800
2018-07-06,43.65020826050607,44.35879896476578,43.59841719591709,44.250511169433594,69940800
2018-07-09,44.61069456513132,44.88847975166625,44.56361275630815,44.86494064331055,79026400
2018-07-10,44.89554351943175,45.029726848456654,44.77077152281335,44.810794830322266,63756400
2018-07-11,44.375286670796754,44.67661458999871,44.16576954584989,44.229331970214844,75326000
2018-07-12,44.617752053768506,45.06032891369283,44.56596099177262,44.97087097167969,72164400
2018-07-13,44.98264693253363,45.16155924279147,44.94027079014177,45.041500091552734,50055600
2018-07-16,45.086228803977875,45.35224263855551,44.82727346896064,44.942626953125,60172400
2018-07-17,44.669547166635304,45.168620799732764,44.54006949990387,45.06974792480469,62138000
2018-07-18,45.14744527625814,45.15215453583667,44.7119303641148,44.822574615478516,65573600
2018-07-19,44.65541674710549,45.32869692797151,44.65541674710549,45.17097091674805,81147200
2018-07-20,45.14744515273674,45.30046196355085,44.768430580235005,45.067405700683594,82704800
2018-07-23,44.88848622384331,45.189817746404486,44.62482518272859,45.107421875,63957600
2018-07-24,45.30516130817569,45.59001217970089,45.21099769014568,45.43463897705078,74791600
2018-07-25,45.44875820521387,45.87014879141613,45.30044711048095,45.86308670043945,66839600
2018-07-26,45.813657492271,46.131466017243845,45.578244834398404,45.7194938659668,76304000
2018-07-27,45.903113461401674,45.95019527251233,44.751945758003224,44.9591064453125,96096000
2018-07-30,45.17568319996303,45.246307708854594,44.50946860426177,44.70721435546875,84118000
2018-07-31,44.799033061459376,45.23219152416159,44.57303531146427,44.79667663574219,157492000
2018-08-01,46.877730569913155,47.496863508061736,46.44927774568807,47.4356575012207,271742800
2018-08-02,47.21906427796489,49.05528345289288,47.16492038055147,48.82222366333008,249616000
2018-08-03,48.73749555349409,49.14005288868682,48.37260511593252,48.96349334716797,133789600
2018-08-06,48.965830589860516,49.26009639869382,48.74689855230227,49.21772384643555,101701600
2018-08-07,49.27657299747852,49.318945546288,48.67391365266562,48.756309509277344,102349600
2018-08-08,48.50677405071217,48.921098994216976,48.14659300734389,48.789268493652344,90102000
2018-08-09,49.32600948331823,49.384862642496735,48.77749760872117,49.17299270629883,93970400
2018-08-10,48.98636733184349,49.397423215315094,48.823362350385615,49.026527404785156,98444800
2018-08-13,49.447024012639176,49.83445457088549,49.06668031301187,49.34307861328125,103563600
2018-08-14,49.64783817493935,49.742332045788096,49.198983276632525,49.55097961425781,82992000
2018-08-15,49.42577255117373,49.78485574116098,49.21552062904969,49.6667366027832,115230400
2018-08-16,50.02345991349157,50.5101102336531,49.95731347801585,50.39435577392578,114001600
2018-08-17,50.42268873943836,51.48812186646989,50.35654232295401,51.40071487426758,141708000
2018-08-20,51.52356740894987,51.77870156484017,50.817213693824115,50.899898529052734,121150800
2018-08-21,51.21646377979151,51.30859657191745,50.56208268434248,50.800682067871094,104639200
2018-08-22,50.578606324540054,51.112503424952145,50.517182077920815,50.80303192138672,76072400
2018-08-23,50.708547149487345,51.27552120432041,50.696738118838695,50.90699005126953,75532800
2018-08-24,51.16920724931565,51.240075841735475,50.81721095322185,51.06526184082031,73905600
2018-08-27,51.29913331813298,51.67475486622444,51.10541983221715,51.48576354980469,82100400
2018-08-28,51.7385414974785,52.09998575718909,51.717280918603734,51.901546478271484,91107200
2018-08-29,52.00785214367495,52.796890681463665,51.83303813611593,52.67640686035156,109019200
2018-08-30,52.740197886722456,53.923750413942706,52.53939389969296,53.160701751708984,195175200
2018-08-31,53.510332089543624,54.06785458062129,53.389851863123376,53.77492141723633,173360400
2018-09-04,53.95918507117456,54.14108594690396,53.53868123150636,53.94737243652344,109560400
2018-09-05,54.0962064940442,54.25684679851635,53.177239704245125,53.59537887573242,133332000
2018-09-06,53.444192603882854,53.708781965959,52.27953944967642,52.704769134521484,137160000
2018-09-07,52.40945751605054,53.241013565604675,52.140146053637395,52.27952575683594,150479200
2018-09-10,52.19683916241394,52.40945574431646,51.13849284121695,51.57789611816406,158066000
2018-09-11,51.50230096312733,52.98824161403199,51.15975621240195,52.881935119628906,142996000
2018-09-12,53.13943780306241,53.15361152271487,51.93462116666355,52.225196838378906,197114800
2018-09-13,52.80397734684011,53.9450085851955,52.57955171881712,53.4867057800293,166825600
2018-09-14,53.3307974801661,53.58829636809597,52.567748762526286,52.879581451416016,127997200
2018-09-17,52.48033447784941,52.66932583005766,51.327494078328534,51.47159957885742,148780400
2018-09-18,51.450338134874215,52.409468667615585,51.292058905319834,51.55664825439453,126286800
2018-09-19,51.61806106604274,51.88264677017388,50.86209933658958,51.58734893798828,108495200
2018-09-20,52.02911907019395,52.51104356592274,51.77161661043625,51.97950744628906,106435200
2018-09-21,52.15670207817251,52.293720752302285,51.332228947614574,51.419639587402344,384986800
2018-09-24,51.221183555265625,52.27007844864043,51.17629770710372,52.1590461730957,110773600
2018-09-25,51.9133660310406,52.638619336797795,51.90155339518817,52.48978805541992,98217600
2018-09-26,52.20865864637607,52.85831390102555,51.91572188840217,52.07164001464844,95938800
2018-09-27,52.8748569192973,53.49380009871501,52.80870688036114,53.14180374145508,120724800
2018-09-28,53.10400092790325,53.35205184075627,52.92210004922642,53.32843017578125,91717600
2018-10-01,53.850520264056215,54.19779085665743,53.472541143372936,53.68751525878906,94403200
2018-10-02,53.68514003040311,54.334795190286975,53.53867347513633,54.164703369140625,99152800
2018-10-03,54.346615881992015,55.15455034988667,54.28283053842638,54.82381820678711,114619200
2018-10-04,54.519077210126824,54.88997308924243,53.56231132812682,53.8599739074707,128168000
2018-10-05,53.85287558101716,53.95918207755952,52.10943606076721,52.985877990722656,134322000
2018-10-08,52.49450978403178,53.10636606409156,52.01966853422493,52.863040924072266,118655600
2018-10-09,52.832330220069366,53.68987635310737,52.50395914620055,53.59537887573242,107564000
2018-10-10,53.262284289555225,53.47253621494058,51.03928120567304,51.11251449584961,167962400
2018-10-11,50.67782762194213,51.854293033147755,50.158104221367275,50.66128921508789,212497600
2018-10-12,52.071642947462294,52.652790721334746,51.22590944484672,52.47088623046875,161351600
2018-10-15,52.24645722479021,52.4047364348411,51.32749048871511,51.348751068115234,123164000
2018-10-16,51.719632607771864,52.6787628243834,51.20699609467612,52.48031997680664,116736000
2018-10-17,52.51577231317345,52.59609246622275,51.81650539235959,52.25354766845703,91541600
2018-10-18,51.466862088668904,51.91099112455737,50.31874412087741,51.03218460083008,130325200
2018-10-19,51.51410848939273,52.270070113730455,51.36527724915882,51.80940628051758,132314800
2018-10-22,51.92281529140717,52.766187767619336,51.722014895673645,52.125980377197266,115168400
2018-10-23,50.98731252485266,52.74020027152465,50.72036209337525,52.61735534667969,155071200
2018-10-24,52.58662842439474,52.97169426601147,50.68254537182525,50.812477111816406,163702000
2018-10-25,51.431433794182205,52.298427786327714,51.20464347576049,51.9251708984375,119423200
2018-10-26,51.003841608951056,52.01730581697299,50.240792997824286,51.09833908081055,189033600
2018-10-29,51.78106493819332,51.89918406854014,48.68634228122267,50.13920974731445,183742000
2018-10-30,49.88172241620848,50.83376260686601,49.43759680275067,50.3896369934082,146640000
2018-10-31,51.235362739607034,52.07873158104837,51.17393847569283,51.7031135559082,153435600
2018-11-01,51.7480007781059,52.529948981033634,51.21882568388859,52.49687576293945,233292800
2018-11-02,49.50373206968647,50.47230685045314,48.530427909312415,49.01471710205078,365314800
2018-11-05,48.26347923934601,48.28473981849687,46.81533749201692,47.62327194213867,264654800
2018-11-06,47.70122910815629,48.362696958228696,47.64689531758217,48.13827133178711,127531600
2018-11-07,48.65799358134124,49.62420717738596,48.223316058070075,49.59822082519531,133697600
2018-11-08,49.77839177248752,49.81158038382015,49.01268077134279,49.4251708984375,101450400
2018-11-09,48.72820739840714,48.83725414465748,47.94590026761649,48.4721794128418,137463200
2018-11-12,47.17543835522245,47.37694293079011,45.94034111622578,46.030426025390625,204542000
2018-11-13,45.42828698201078,46.74398093275625,45.38561385200852,45.57052230834961,187531600
2018-11-14,45.96641717934507,46.103913863049335,44.077028770048315,44.28327560424805,243204000
2018-11-15,44.6602144819987,45.50889886088742,44.3069899736933,45.37614440917969,185915200
2018-11-16,45.1604162701442,46.22008616964554,44.91387280704754,45.87871551513672,147713200
2018-11-19,45.04188654984463,45.207829618939165,43.854204422517,44.060447692871094,167701200
2018-11-20,42.28484285652294,43.01973815578726,41.60684386740584,41.955326080322266,271300800
2018-11-21,42.60724306041743,42.73525883894707,41.85338602993736,41.90790939331055,124496800
2018-11-23,41.47172379819083,41.8652485061949,40.79846701261189,40.843505859375,94496000
2018-11-26,41.30577746097213,41.474089835387204,40.362265965846845,41.39585876464844,179994000
2018-11-27,40.65859516114247,41.43142136093944,40.50924821986047,41.30577850341797,165549600
2018-11-28,41.89606521990837,42.97706991484424,41.46935188841063,42.894100189208984,184250000
2018-11-29,43.30185140230018,43.33504001855677,42.126019422817734,42.5645866394043,167080000
2018-11-30,42.74001168122408,42.74949621026611,41.96718895954499,42.33463668823242,158126000
2018-12-03,43.72856875735579,43.842357792436374,42.95811530788878,43.81391143798828,163210000
2018-12-04,42.89645874139606,43.23782932087698,41.78700797536975,41.886573791503906,165377200
2018-12-06,40.71785290088674,41.43378264971553,40.400190025252535,41.419559478759766,172393600
2018-12-07,41.127965910554586,41.365028361464326,39.89761121156726,39.94265365600586,169126400
2018-12-10,39.11531764191258,40.32196505738388,38.71942364894465,40.205806732177734,248104000
2018-12-11,40.694152095656555,40.7249677627777,39.58943991025158,39.975852966308594,189126800
2018-12-12,40.395451019026375,40.755787053863365,40.06830720881082,40.08727264404297,142510800
2018-12-13,40.41680162469782,40.90989223808346,40.19396221489692,40.525848388671875,127594400
2018-12-14,40.063568031120994,40.08253346781374,39.1816951199879,39.22910690307617,162814800
2018-12-17,39.221995872633826,39.909479397667184,38.57718548508604,38.86403274536133,177151600
2018-12-18,39.20539906762815,39.715082017295266,38.97070588046719,39.36897277832031,135366000
2018-12-19,39.352384848493756,39.69612483606224,37.71428169538635,38.140995025634766,196189200
2018-12-20,38.024831626332364,38.43021017900651,36.81581479001181,37.17852020263672,259092000
2018-12-21,37.18564363172532,37.49382576875657,35.47168185984565,35.73244857788086,382978400
2018-12-24,35.120812505498044,35.92682728092065,34.75099553606444,34.807891845703125,148676800
2018-12-26,35.15637725808617,37.273344115545655,34.781817991073616,37.25912094116211,234330000
2018-12-27,36.94382229366778,37.16429231852565,35.575974156047664,37.017311096191406,212468400
2018-12-28,37.337363577504895,37.5791684687524,36.638029554590304,37.036293029785156,169165600
2018-12-31,37.58151528901407,37.77827758475544,37.095536473487684,37.39423751831055,140014000
2019-01-02,36.71860965250056,37.65737872294249,36.56214753787914,37.43690872192383,148158800
2019-01-03,34.13225652812852,34.544746565740525,33.66287380759525,33.707916259765625,365248800
2019-01-04,34.26264280679694,35.2156350688356,34.08958819478278,35.14688491821289,234428400
2019-01-07,35.2511999095662,35.282019198115606,34.587424056502364,35.068660736083984,219111200
2019-01-08,35.455066224870585,35.99082977941127,35.208522821319015,35.7371711730957,164101200
2019-01-09,35.865191626259296,36.63327559109025,35.471670542086514,36.344058990478516,180396400
2019-01-10,36.152030738423186,36.50051289787485,35.7632483886162,36.46021270751953,143122800
2019-01-11,36.2421149502893,36.43650431282502,35.91733687635287,36.10224533081055,108092800
2019-01-14,35.7608918481196,35.860457698224735,35.37447868293772,35.55938720703125,129756800
2019-01-15,35.62338323611761,36.36301708581701,35.571229196224785,36.28715896606445,114843600
2019-01-16,36.28952853333001,36.95330426774839,36.270563098942425,36.730464935302734,122278800
2019-01-17,36.555060635259714,37.37529901221814,36.33222116105122,36.948585510253906,119284800
2019-01-18,37.33735973775745,37.42744468386333,36.9770235706222,37.1761589050293,135004000
2019-01-22,37.078958639376545,37.15481678323688,36.18048944437783,36.34169387817383,121576000
2019-01-23,36.54318226620148,36.77787543917383,35.96237987517853,36.4886589050293,92522400
2019-01-24,36.53370666750917,36.62141864613615,35.97186962856401,36.19944763183594,101766000
2019-01-25,36.85848072889009,37.48669859655838,36.58349094638172,37.398983001708984,134142000
2019-01-28,36.931956100009934,37.059971843858484,36.427015560321806,37.052860260009766,104768400
2019-01-29,37.04101693130822,37.4866956045575,36.53370330810849,36.668827056884766,166348800
2019-01-30,38.70045837079162,39.38793826706386,37.984528510908085,39.174583435058594,244439200
2019-01-31,39.37845305142474,40.06356354968348,39.01100544334011,39.45668411254883,162958400
2019-02-01,39.57997417123739,40.058838029480604,39.33579635988092,39.47566604614258,130672400
2019-02-04,39.68664264479774,40.6941584894352,39.65582335554743,40.596961975097656,125982000
2019-02-05,40.97862902443456,41.504908129697604,40.85772843652332,41.29154968261719,144406400
2019-02-06,41.40297139622457,41.62107211746024,40.97626171566191,41.30577850341797,112958400
2019-02-07,40.869588815238885,41.23466722725265,40.381240461638164,40.52347946166992,126966800
2019-02-08,40.23301099307842,40.63060287724648,40.097304086184714,40.571083068847656,95280000
2019-02-11,40.723459438398876,40.761552993076776,40.29491603027586,40.3377685546875,83973600
2019-02-12,40.4972827563848,40.71155263291125,40.40204887463883,40.68536376953125,89134000
2019-02-13,40.80440440861806,41.06390993130662,40.454427604228414,40.516326904296875,89960800
2019-02-14,40.40443489478929,40.77345486056133,40.325868299005165,40.6639404296875,87342800
2019-02-15,40.77108114390779,40.87821610502483,40.41396218498305,40.5734748840332,98507200
2019-02-19,40.40443569287842,40.81631182485076,40.35205796132108,40.694889068603516,75891200
2019-02-20,40.75678995456549,41.26389995148661,40.70917482812812,40.9567756652832,104457600
2019-02-21,40.902021499244135,41.03772480134233,40.544902575152015,40.7258415222168,68998800
2019-02-22,40.84964246264774,41.18771459739539,40.80202733418214,41.180572509765625,75652800
2019-02-25,41.46388138617128,41.87099485294799,41.41388314724736,41.48054504394531,87493600
2019-02-26,41.35674460959103,41.73528971312466,41.22817979112253,41.50435256958008,68280800
2019-02-27,41.237714276700586,41.66387459555962,41.123433605049925,41.6329231262207,111341600
2019-02-28,41.501982779664566,41.642448686195074,41.16866960038352,41.223426818847656,112861600
2019-03-01,41.49245157272372,41.69957935859273,41.1615215591532,41.6567268371582,103544800
2019-03-04,41.82814027721426,42.31858290715454,41.41864371317076,41.866233825683594,109744800
2019-03-05,41.8876638710685,41.90194804483561,41.554350741031215,41.7900505065918,78949600
2019-03-06,41.58530149826311,41.780528223893675,41.41150466571953,41.549591064453125,83241600
2019-03-07,41.39483960253065,41.53054652391406,40.95439515303267,41.06867218017578,99185600
2019-03-08,40.54965828818608,41.20437620444497,40.35443156577534,41.166282653808594,95997600
2019-03-11,41.780517995030145,42.644742976857906,41.747187054034036,42.59236526489258,128044000
2019-03-12,42.85426983773272,43.48994107105625,42.70427873080419,43.0709228515625,129870400
2019-03-13,43.38994425600369,43.63992820049974,43.07329841068218,43.261383056640625,124130000
2019-03-14,43.78278643434196,43.83040520560543,43.46376101056902,43.742313385009766,94318000
2019-03-15,44.0089593533073,44.59939499066683,43.74469118922754,44.311317443847656,156171600
2019-03-18,44.23512421911368,44.851748588606974,44.23274110168336,44.7636604309082,104879200
2019-03-19,44.84223009997764,44.99460068115345,44.263695608787415,44.4089241027832,126585600
2019-03-20,44.33749463127132,45.113635257364436,43.98037578107166,44.79698944091797,124140800
2019-03-21,45.23982413911908,46.74210375942547,45.189825893725065,46.44688415527344,204136800
2019-03-22,46.50639708117386,47.06588473880765,45.420756346429926,45.48503875732422,169630800
2019-03-25,45.59455842593482,45.70645597035694,44.42559200356954,44.935081481933594,175381200
2019-03-26,45.63026979507093,45.92072676985604,43.9446682740036,44.470821380615234,199202000
2019-03-27,44.93746956358584,45.17792835781275,44.41369581046471,44.87080764770508,119393600
2019-03-28,44.98507413606459,45.13030262573335,44.647002032678536,44.93031692504883,83121600
2019-03-29,45.194591438126565,45.254111259812014,44.88746712386078,45.22315979003906,94256000
2019-04-01,45.625507499441596,45.6350290710456,44.84937044927723,45.530277252197266,111448000
2019-04-02,45.49456079952432,46.29689030333463,45.48503922841955,46.192134857177734,91062800
2019-04-03,46.00881734488018,46.782574945764324,45.98500796557863,46.508785247802734,93087200
2019-04-04,46.37545580304311,46.751621456363765,45.98262649117338,46.58972930908203,76457200
2019-04-05,46.77066321259153,46.925416889143655,46.64686099790996,46.901607513427734,74106400
2019-04-08,46.763533832359514,47.67061534846491,46.744487053171795,47.63966751098633,103526800
2019-04-09,47.69204147441901,48.294381741495606,47.43253230720783,47.4968147277832,143072800
2019-04-10,47.301591478620686,47.792037866383424,47.182551833909685,47.763465881347656,86781200
2019-04-11,47.81822423539419,47.853934673821236,47.24445230598995,47.36587142944336,83603200
2019-04-12,47.425395064355484,47.649190183974554,46.71354029389259,47.34682846069336,111042800
2019-04-15,47.27777558297322,47.58013723283315,47.142068673382234,47.432525634765625,70146400
2019-04-16,47.48728461347408,47.94201317992309,47.2730111276995,47.437286376953125,102785600
2019-04-17,47.50633470465432,48.42056183866063,47.28492273304426,48.36104202270508,115627200
2019-04-18,48.35864446092383,48.603865738791946,48.215799124977444,48.53482437133789,96783200
2019-04-22,48.28961717719952,48.79196456564161,48.172957030939074,48.69435119628906,77758000
2019-04-23,48.67055156185173,49.46097661418437,48.54436981827364,49.39669418334961,93292000
2019-04-24,49.36810690792531,49.634754470227186,49.294302931416794,49.320491790771484,70162400
2019-04-25,49.24192927700253,49.46334122480281,48.83481218121374,48.87290573120117,74172800
2019-04-26,48.78244041242512,48.80624979227358,48.12058034001254,48.63959503173828,74596400
2019-04-29,48.66339592546426,49.0371820815589,48.5348347323877,48.71339416503906,88818800
2019-04-30,48.34438091958181,48.42532700777185,47.40396843365186,47.77537155151367,186139600
2019-05-01,49.968074675183026,51.260843272461415,49.813320981383605,50.120445251464844,259309200
2019-05-02,49.958560121043945,50.627562381913904,49.551446546864156,49.79428482055664,127985200
2019-05-03,50.208535988797536,50.43471056370915,50.05140280221845,50.41328430175781,83569600
2019-05-06,48.63721289375776,49.720474308259035,48.44913186725117,49.634765625,129772400
2019-05-07,49.01575709573647,49.382397541879435,47.81345615806851,48.296756744384766,155054800
2019-05-08,48.06820657125792,48.88719989942972,48.03249613134411,48.3062858581543,105358000
2019-05-09,47.71107867635127,48.01581981569588,46.82066463565413,47.78726577758789,139634400
2019-05-10,47.1826045112537,47.524370793548194,46.071274225403876,47.125244140625,164834800
2019-05-13,44.86195605399725,45.28497649247843,43.700434952267486,44.3863525390625,229722400
2019-05-14,44.55126706777633,45.3375626885166,44.31227095065522,45.08900833129883,146118800
2019-05-15,44.51780472171754,45.827502333135364,44.458055696511366,45.62913513183594,106178800
2019-05-16,45.387746348226955,45.999575728464684,45.13201879261702,45.428375244140625,132125600
2019-05-17,44.67554149512822,45.624356352136516,44.63491259367641,45.170265197753906,131516400
2019-05-20,43.86055981831974,44.058926994173994,43.08621123813103,43.757789611816406,154449200
2019-05-21,44.26685628541341,44.93126512693006,44.14257729693959,44.59667205810547,113459200
2019-05-22,44.13302203951607,44.38396868148397,43.62874010735263,43.68370819091797,118994400
2019-05-23,42.97149717862801,43.148351949089296,42.495893652579475,42.93803787231445,146118800
2019-05-24,43.06709266530931,43.53074564161301,42.68947842323507,42.773128509521484,94858800
2019-05-28,42.76118322768103,43.16030629063083,42.519798471322034,42.596275329589844,111792800
2019-05-29,42.16369717944017,42.863957742691476,42.06331924159227,42.39313507080078,113924800
2019-05-30,42.5293526884522,42.835267386171125,42.223437990733274,42.61300277709961,84873600
2019-05-31,42.118281900211706,42.53891737233829,41.8219290686219,41.84104919433594,108174400
2019-06-03,41.96771774456351,42.522186815106615,40.693868059775646,41.418025970458984,161584400
2019-06-04,41.92947519408972,42.978667897856404,41.70959922585788,42.933258056640625,123872000
2019-06-05,44.04218956274157,44.21187835420075,43.291742149772915,43.62633514404297,119093600
2019-06-06,43.75542073066752,44.32662145053974,43.5331523886695,44.26687240600586,90105200
2019-06-07,44.575160856832326,45.86813062026095,44.398306078529586,45.445106506347656,122737600
2019-06-10,45.84183945170739,46.69266494884902,45.796429611108664,46.0258674621582,104883600
2019-06-11,46.57078461142005,46.843240045404315,46.26965080968736,46.558834075927734,107731600
2019-06-12,46.35328797515427,46.836061067320955,46.21945075676128,46.410648345947266,73012800
2019-06-13,46.53254876798576,47.032049836512535,46.26965519618882,46.401100158691406,86698400
2019-06-14,45.779700067531756,46.26725046842475,45.48095496613412,46.06410598754883,75046000
2019-06-17,46.102355057787285,46.59469018135157,45.92788889248645,46.33896255493164,58676400
2019-06-18,46.85518660036521,47.86852774049729,46.65443074959841,47.428775787353516,106204000
2019-06-19,47.72272812848213,47.770530254527024,47.15630867339425,47.29014587402344,84496800
2019-06-20,47.88764970557996,47.94501008519834,47.32839967976791,47.670166015625,86056000
2019-06-21,47.512425596440636,48.002368332728025,47.35707594275429,47.50764465332031,191202400
2019-06-24,47.45028461027407,47.837460776342034,47.361857219276544,47.45984649658203,72881600
2019-06-25,47.423984647044996,47.62235180697969,46.67353719281499,46.74045944213867,84281200
2019-06-26,47.26626485281565,48.03583267016002,47.165886917526144,47.751426696777344,104270000
2019-06-27,47.86853220087833,48.174450595474106,47.69645834618091,47.73708724975586,83598800
2019-06-28,47.483740662644806,47.67971920381685,47.09417952190008,47.30210494995117,124442400
2019-07-01,48.55684266357657,48.87231930153746,47.95457140270037,48.16967010498047,109012000
2019-07-02,48.13620626822179,48.54727985958251,48.12425573364212,48.45167922973633,67740800
2019-07-03,48.58312083486759,48.86035715139442,48.44211402874797,48.853187561035156,45448000
2019-07-05,48.59986654062499,49.013328841833136,48.49231536016307,48.8101806640625,69062000
2019-07-08,47.99280233879046,48.133809151047075,47.419213204341766,47.80399703979492,101354400
2019-07-09,47.60801937002413,48.16009974250935,47.514811042809626,48.09557342529297,82312000
2019-07-10,48.24135112896987,48.69066119500387,48.17204023660951,48.571163177490234,71588400
2019-07-11,48.5902977893706,48.84841402179487,48.207906207357404,48.217464447021484,80767200
2019-07-12,48.384757748332575,48.755202417628624,48.32500872576195,48.58790588378906,70380800
2019-07-15,48.77670213673965,49.202114806735395,48.75519336783644,49.04438018798828,67789600
2019-07-16,48.89621886013708,49.25949400997308,48.63571394568259,48.87471008300781,67467200
2019-07-17,48.76714621164611,49.01570050660049,48.580729578732715,48.599849700927734,56430000
2019-07-18,48.75519363437105,49.204507370131275,48.683494090844796,49.15192794799805,74162400
2019-07-19,49.18300345934316,49.35269228680589,48.36324862605585,48.418216705322266,83717200
2019-07-22,48.67155105881449,49.52715747734154,48.661992820040304,49.5247688293457,89111600
2019-07-23,49.821125495815984,49.928673004733994,49.541496867121964,49.91194152832031,73420800
2019-07-24,49.63231890602095,49.98603210762174,49.51282085781072,49.871315002441406,59966400
2019-07-25,49.92389988411229,50.00754998570546,49.40766738427243,49.47697830200195,55638400
2019-07-26,49.58690653571559,50.124647725241516,49.50564874230592,49.6490478515625,70475600
2019-07-29,49.82112193871518,50.34213161648365,49.81634099625393,50.112693786621094,86693600
2019-07-30,49.892821138521654,50.2274178438979,49.54627754638872,49.89760208129883,135742800
2019-07-31,51.723533663924655,52.90656358701365,50.49987484291198,50.91572570800781,277125600
2019-08-01,51.12127013624457,52.10832530830055,49.41006063749324,49.813961029052734,216071600
2019-08-02,49.12086968695259,49.335964725004594,48.18878632633897,48.759986877441406,163448400
2019-08-05,47.318826586329074,47.47656119888143,46.025857153447284,46.20749282836914,209572000
2019-08-06,46.91731412640446,47.337949509555145,46.374792070249164,47.08222198486328,143299200
2019-08-07,46.70222514662527,47.6940574258256,46.3222222523882,47.56977844238281,133457600
2019-08-08,47.84701642967316,48.64287384600723,47.65343018049829,48.61897277832031,108038000
2019-08-09,48.29271153651943,48.64296958479051,47.810501798191915,48.21834182739258,98478800
2019-08-12,47.88966009001431,48.47262901521788,47.7769048588154,48.095977783203125,89927600
2019-08-13,48.225533277199396,50.893266254855526,48.09598298618555,50.13277053833008,188874000
2019-08-14,48.73892553994931,49.52581081950047,48.60217842422012,48.64056396484375,146189600
2019-08-15,48.81089358611512,49.21393074829478,47.90165492656464,48.398258209228516,108909600
2019-08-16,49.007611856661676,49.698536872745386,48.90205346135486,49.540199279785156,110481600
2019-08-19,50.52861197082405,51.03480988446153,50.387069397884126,50.46384048461914,97654400
2019-08-20,50.590987294947006,51.18355082625258,50.4566415593816,50.46623611450195,107537200
2019-08-21,51.09719348410533,51.255527463503284,50.76372681466608,51.01322555541992,86141600
2019-08-22,51.14516455142714,51.4450447285328,50.55979786001343,50.970035552978516,89014800
2019-08-23,50.24312924415703,50.87168066728109,48.22073882087,48.61418151855469,187272000
2019-08-26,49.386659078026874,49.70573197615523,49.19473506237836,49.53779983520508,104174400
2019-08-27,49.86647298576687,50.03200742242358,48.8276876557246,48.97882843017578,103493200
2019-08-28,48.96444154769402,49.35308512364201,48.77731659181928,49.30750274658203,63755200
2019-08-29,50.02001851007021,50.21674168290386,49.5785957240762,50.14236831665039,83962000
2019-08-30,50.418262059397264,50.48783265913524,49.708144094052756,50.077598571777344,84573600
2019-09-03,49.52341468933475,49.65536271132292,48.99322853822822,49.34828567504883,80092000
2019-09-04,49.993630433984336,50.255125103836555,49.736934872570345,50.18555450439453,76752400
2019-09-05,50.859671080373495,51.33228246769847,50.74211674919472,51.166748046875,95654800
2019-09-06,51.35148311214848,51.4402464746383,50.982028677859134,51.161956787109375,77449200
2019-09-09,51.54101873444257,51.924866928271534,50.636582513559816,51.38028335571289,109237600
2019-09-10,51.30589019435055,52.006409716449355,50.79009785143118,51.98721694946289,127111600
2019-09-11,52.31591014489986,53.668969673381696,52.23433993559697,53.64017868041992,177158400
2019-09-12,53.930459461580966,54.31910305503912,53.465044774742466,53.52022171020508,128906800
2019-09-13,52.77890694754464,52.968429593626404,52.06399368750889,52.479026794433594,159053200
2019-09-16,52.23432939484169,52.81010154946968,52.19354612874398,52.754920959472656,84632400
2019-09-17,52.76931927731361,52.9756369959949,52.56779700604228,52.94684600830078,73274800
2019-09-18,53.03320563124097,53.46263606774207,52.64456211762363,53.443443298339844,101360000
2019-09-19,53.26112420617858,53.68095650952987,52.86768150832097,53.00922775268555,88242400
2019-09-20,53.10998544062051,53.39307059939063,52.17195927300286,52.23433303833008,221652400
2019-09-23,52.52701683843027,52.74053140147138,52.21514068797828,52.471839904785156,76662000
2019-09-24,53.02602396286162,53.37628569847682,52.10479273201134,52.22234344482422,124763200
2019-09-25,52.43104739925435,53.13876383787783,52.092781703491944,53.02600860595703,87613600
2019-09-26,52.77890730027131,53.004417762621344,52.498219914361066,52.75251770019531,75334000
2019-09-27,52.90845848244411,53.009221444627215,52.12637228824465,52.495826721191406,101408000
2019-09-30,52.99482716237936,53.877676369428805,52.96843755851151,53.7313346862793,103909600
2019-10-01,53.995234000823245,54.75093068188669,53.78651488097034,53.88007736206055,139223200
2019-10-02,53.51302773713352,53.63777894021879,52.28231807789279,52.529422760009766,138449200
2019-10-03,52.402261102678956,53.00922196273818,51.61058034563439,52.97563552856445,114426000
2019-10-04,54.131972438434296,54.57579658165948,53.71214017454711,54.46063995361328,138478800
2019-10-07,54.28312210645755,55.161168659930105,54.17996140120154,54.4726448059082,122306000
2019-10-08,54.17516653401763,54.712549582666675,53.81770796918431,53.83449935913086,111820000
2019-10-09,54.46543884277344,54.64776467881045,54.13197222093732,54.46543884277344,74770400
2019-10-10,54.68135295433329,55.28351473349061,54.53021582409262,55.199546813964844,113013600
2019-10-11,55.88567285866777,57.01082394508319,55.73213434401569,56.667762756347656,166795600
2019-10-14,56.35348955552275,57.128382680732784,56.2983126199482,56.58619689941406,96427600
2019-10-15,56.710945890847526,57.01322382343534,56.34869191650956,56.45425033569336,87360000
2019-10-16,55.98643327019431,56.4350565436216,55.945650001818564,56.22633743286133,73903200
2019-10-17,56.39906255635208,56.65336035527154,56.02241496568268,56.444644927978516,67585200
2019-10-18,56.27911289972252,56.996427616238385,56.20714092357815,56.71574020385742,97433600
2019-10-21,56.98203358379018,57.81450126035305,56.93405348688718,57.699344635009766,87247200
2019-10-22,57.855301471159365,58.10480024451939,57.48584692943755,57.56741714477539,82293600
2019-10-23,58.08080006310815,58.35429066597053,57.869683225583834,58.33989334106445,75828800
2019-10-24,58.65896880693914,58.72854306800209,58.011228263305284,58.43585968017578,69275200
2019-10-25,58.33508787215478,59.19154369426081,58.26791501005417,59.15555953979492,73477200
2019-10-28,59.35708964228901,59.796114715182654,59.18915745445604,59.74813461303711,96572800
2019-10-29,59.72893318688571,59.9160581205968,58.19354817678271,58.366275787353516,142839600
2019-10-30,58.71893748749666,58.84848777636585,57.86728069727359,58.35908126831055,124522000
2019-10-31,59.31390665702909,59.7769199351258,56.919660471431264,59.678558349609375,139162000
2019-11-01,59.865675001652114,61.39866224623704,59.774513921473265,61.372276306152344,151125200
2019-11-04,61.7345350313778,61.859289881741645,61.26672630639548,61.77532196044922,103272000
2019-11-05,61.66735752356005,61.940851762991464,61.492232183395174,61.686553955078125,79897600
2019-11-06,61.600188782243734,61.772920071009715,61.26432442111376,61.71294403076172,75864400
2019-11-07,62.259158538774514,62.64656766388103,62.107563983005626,62.42518997192383,94940400
2019-11-08,62.24713047943625,62.66822320552135,61.804382437202555,62.596038818359375,69986400
2019-11-11,62.15326451514856,63.15667125093761,62.1484546718932,63.091705322265625,81821200
2019-11-12,62.93531679624955,63.233696083194374,62.7837295735389,63.033973693847656,87388800
2019-11-13,62.834251020126196,63.71252861529015,62.819814143525335,63.637935638427734,102734400
2019-11-14,63.46467174621912,63.73657843421654,63.06764304091619,63.19758224487305,89182800
2019-11-15,63.447827162802454,63.95313976898309,63.28661295972906,63.94832992553711,100206400
2019-11-18,63.95797391868933,64.3501929351306,63.580199124620194,64.27079010009766,86703200
2019-11-19,64.46326074161394,64.48732464483736,63.85929862735795,64.07585906982422,76167200
2019-11-20,63.89540964359442,64.02534154140798,62.65859661743068,63.32994079589844,106234400
2019-11-21,63.4502448250431,63.52724639081918,62.84627526735179,63.045997619628906,121395200
2019-11-22,63.18556299119027,63.32753051201079,62.76447027335383,62.990657806396484,65325200
2019-11-25,63.214444588644916,64.11197639359949,63.16872535757396,64.09513092041016,84020400
2019-11-26,64.23224977469691,64.28518741322878,63.16387731943228,63.59459686279297,105207600
2019-11-27,63.905031361017265,64.48253585383468,63.8400654100489,64.44884490966797,65235600
2019-11-29,64.15049556223371,64.48736840614768,63.982055468638094,64.30690002441406,46617600
2019-12-02,64.31169299395302,64.54750759444755,63.39251319176383,63.5633544921875,94487200
2019-12-03,62.15568497851831,62.44924702514498,61.66962635910549,62.43000030517578,114430400
2019-12-04,62.81980385633866,63.35880007657011,62.72595683052724,62.98101806640625,67181600
2019-12-05,63.47432445651237,63.97963726009609,63.21926313205803,63.90503692626953,74424400
2019-12-06,64.36221509760516,65.20921031494399,64.31889712610206,65.1394271850586,106075600
2019-12-09,64.96859034566656,65.161086935307,63.7438129866393,64.22747039794922,128042400
2019-12-10,64.6317332581653,64.98545151813082,63.972417225633926,64.60285949707031,90420400
2019-12-11,64.68224783580021,65.23327979738657,64.60765485527283,65.15386962890625,78756800
2019-12-12,64.4344044431603,65.58458883328302,64.323719270287,65.31990051269531,137310400
2019-12-13,65.31990472745893,66.2439016435434,65.19237407521152,66.20780944824219,133587600
2019-12-16,66.6529433881776,67.56491170942448,66.64813354486837,67.34112548828125,128186000
2019-12-17,67.27137945536563,67.80074884102518,67.08609392860065,67.47350311279297,114158400
2019-12-18,67.3267156265506,67.83202842109593,67.16309276912453,67.3122787475586,116028400
2019-12-19,67.25451663334493,67.65876384392536,67.12217615688571,67.379638671875,98369200
2019-12-20,67.91143361344899,68.01249175897426,67.02833874913236,67.2400894165039,275978000
2019-12-23,67.50236666762733,68.39748978279006,67.46386588013625,68.33733367919922,98572000
2019-12-24,68.50336345626253,68.55149127528131,68.07746089671582,68.40229797363281,48478800
2019-12-26,68.53465245449213,69.7762754042592,68.50577869758881,69.75942993164062,93121200
2019-12-27,70.05057427415741,70.73635528399755,69.32870107290967,69.73294830322266,146266000
2019-12-30,69.6511344086115,70.4283538378636,68.6308893370176,70.14682006835938,144114400
2019-12-31,69.76424714741452,70.66658886235176,69.66559023872163,70.65937042236328,100805600
2020-01-02,71.28258275873242,72.33170915039722,71.02993003048753,72.27155303955078,135480400
2020-01-03,71.50155702432866,72.32689716209705,71.34515259353762,71.56893157958984,146322800
2020-01-06,70.693043053502,72.17769145821572,70.44279162661955,72.13919067382812,118387200
2020-01-07,72.14884310617231,72.4039044671714,71.58097285889926,71.79994201660156,108872000
2020-01-08,71.50396043802937,73.25570609117467,71.50396043802937,72.95492553710938,132079200
2020-01-09,73.92945117823741,74.69704373534724,73.67920704582386,74.50454711914062,170108400
2020-01-10,74.73793929040194,75.2360335553344,74.17247048793807,74.67296600341797,140644800
2020-01-13,74.98818677177965,76.29477541829935,74.87027582985212,76.26830291748047,121532000
2020-01-14,76.20574860255036,76.41509065064128,75.11572039023919,75.23843383789062,161954400
2020-01-15,75.03871351906952,75.91699102743593,74.48527304539368,74.9159927368164,121923600
2020-01-16,75.45740237331857,75.96512366006613,75.09646578451866,75.85443115234375,108829200
2020-01-17,76.10227258526983,76.69661511764261,75.7966822559434,76.6942138671875,137816400
2020-01-21,76.32366259336249,76.76400206376488,76.03731893774885,76.17447662353516,110843200
2020-01-22,76.65810863389025,76.99738987709428,76.35251832728817,76.44636535644531,101832400
2020-01-23,76.49931964228543,76.89393987673444,75.95309750344295,76.81453704833984,104472000
2020-01-24,77.05997452322455,77.8010945444288,76.40306717879187,76.5931625366211,146537600
2020-01-27,74.60798611282112,75.01945169928203,73.36155372985573,74.34089660644531,161940000
2020-01-28,75.21919986278621,76.61481864871986,75.120542963226,76.44397735595703,162234000
2020-01-29,78.07061618830397,78.8887379591413,77.33189726555223,78.04414367675781,216229200
2020-01-30,77.12973152744519,77.98394503620604,76.69901188302893,77.9310073852539,126743200
2020-01-31,77.22362047859812,77.64471336153747,74.1821305597575,74.47569274902344,199588400
2020-02-03,73.22199962473935,75.43333837699004,72.72150411989722,74.27112579345703,173788400
2020-02-04,75.87127869651542,76.91318645690339,75.46703146839315,76.72309112548828,136616400
2020-02-05,77.84681134417079,78.14519062464261,76.74716330264357,77.34872436523438,118826800
2020-02-06,77.61821910965085,78.2558723391088,77.06237729988993,78.25346374511719,105425600
2020-02-07,77.75420072606255,78.00263182401238,76.70017745261804,77.18980407714844,117684000
2020-02-10,75.7787945932457,77.55640411376953,75.69920332307832,77.55640411376953,109348800
2020-02-11,78.05087616110221,78.12323187691563,76.8714264684187,77.0885009765625,94323200
2020-02-12,77.53710627398911,78.92398019498478,77.53710627398911,78.91915893554688,113730400
2020-02-13,78.1931665675849,78.68279311833038,77.99056323907321,78.357177734375,94747600
2020-02-14,78.32583137266305,78.62491882489209,77.86997566415033,78.3764877319336,80113600
2020-02-18,76.06339782410153,77.12224944183446,75.88250122650535,76.94135284423828,152531200
2020-02-19,77.18256041371585,78.28482562119284,77.18256041371585,78.0556869506836,93984000
2020-02-20,77.81690294978998,78.30411519495496,76.75081563386378,77.25491333007812,100566000
2020-02-21,76.84972470852547,77.29111668555649,74.8912180267307,75.50626373291016,129554000
2020-02-24,71.69777437412706,73.36684305832843,69.76097486599113,71.91967010498047,222195200
2020-02-25,72.58778111739974,72.96886672904328,69.01326241271661,69.48358917236328,230673600
2020-02-26,69.10974593206521,71.84731631381621,69.10251036153399,70.58586120605469,198054800
2020-02-27,67.80006024068396,68.98191678336323,65.83672522986622,65.97179412841797,320605600
2020-02-28,62.04995543810668,67.151238688421,61.835287914284685,65.93319702148438,426510000
2020-03-02,68.08464913181372,72.70595468778731,66.98479850420505,72.07160949707031,341397200
2020-03-03,73.24384925589773,73.32344054146022,68.93367898581513,69.7826919555664,319475600
2020-03-04,71.49999490851802,73.17871353455695,70.70163838902825,73.01952362060547,219178400
2020-03-05,71.27809579631553,72.2501134253378,70.28678576484225,70.65099334716797,187572800
2020-03-06,68.01714878203684,70.14449541476748,67.83143084833664,69.71275329589844,226176800
2020-03-09,63.61530881776465,67.07405117029745,63.43441220501271,64.19900512695312,286744800
2020-03-10,66.8449246964159,69.08803991197644,64.9708309423438,68.82272338867188,285290000
2020-03-11,66.90522837411211,67.82900397076429,65.57141009124467,66.43247985839844,255598800
2020-03-12,61.73156686549944,65.12277445766078,59.816474316666195,59.8719482421875,418474000
2020-03-13,63.89028601752773,67.51545445631106,61.01040718580854,67.04512023925781,370732000
2020-03-16,58.35725065107087,62.488927074911565,57.88692016083435,58.41996383666992,322423600
2020-03-17,59.69828839419459,62.1343603897057,57.50099755431687,60.988685607910156,324056000
2020-03-18,57.83144203035199,60.29887079269061,57.19227179173887,59.495689392089844,300233600
2020-03-19,59.66934574830385,60.98386029227968,58.51643172371911,59.039825439453125,271857200
2020-03-20,59.6187005747609,60.74026183260014,54.99257275597992,55.291656494140625,401693200
2020-03-23,55.01187186548029,55.11317353712298,51.280577065059646,54.117034912109375,336752800
2020-03-24,57.0089561723836,59.7417010367925,56.51209413891843,59.54633331298828,287531200
2020-03-25,60.47976645109919,62.288732546346424,58.92405634525676,59.21831512451172,303602000
2020-03-26,59.459503438935364,62.392437317540725,59.42091128360293,62.33455276489258,252087200
2020-03-27,60.962160830090674,61.71468959022156,59.58734725663957,59.7537727355957,204216800
2020-03-30,60.47735127906783,61.63026528942081,60.154146563924634,61.459014892578125,167976400
2020-03-31,61.64957210604245,63.3114052959559,60.78126682215682,61.33360290527344,197002000
2020-04-01,59.45469299280137,59.99014731742834,57.67708326845724,58.10641098022461,176218400
2020-04-02,57.968921460111474,59.129071143668284,57.13920841031964,59.07600784301758,165934000
2020-04-03,58.56225508385467,59.26172040581901,57.638476083102184,58.226993560791016,129880000
2020-04-06,60.51594239996791,63.46093704952722,60.14932793269973,63.306575775146484,201820400
2020-04-07,65.31573278898928,65.53281460871749,62.46962908019549,62.573341369628906,202887200
2020-04-08,63.3717110057614,64.4884474840079,63.007510761837494,64.17489624023438,168895200
2020-04-09,64.80923934887565,65.13967603448393,63.844457266187234,64.63798522949219,161834800
2020-04-13,64.71517076301717,66.01521817669068,64.11700321080237,65.90667724609375,131022800
2020-04-14,67.53473560751405,69.5245983530926,67.06440146882377,69.23516082763672,194994800
2020-04-15,68.11361434863234,69.0615109892011,67.68670092198845,68.60324096679688,131154400
2020-04-16,69.31475615357093,69.51253820784274,68.10154321976958,69.14833068847656,157125200
2020-04-17,68.66594602627303,69.21105020012682,66.77738117936849,68.2100830078125,215250000
2020-04-20,67.04028985944329,67.93994433259655,66.77497334644413,66.79426574707031,130015200
2020-04-21,66.63749449289608,66.87145442951221,64.02052176535352,64.7296371459961,180991600
2020-04-22,65.99348871174,67.02821933430408,65.65340957801277,66.59407043457031,116862400
2020-04-23,66.53861717868332,67.95684823255365,66.29742162151366,66.33601379394531,124814400
2020-04-24,66.85938066911224,68.26072562347866,66.81113863556433,68.2510757446289,126161200
2020-04-27,67.96886487593393,68.6297453170771,67.5226592475762,68.29930877685547,117087600
2020-04-28,68.76000857373481,68.94090519524222,67.10058974876348,67.1922378540039,112004800
2020-04-29,68.67559111709774,69.86709736755677,68.47298779881385,69.39917755126953,137280800
2020-04-30,69.93703810047037,71.03930319142114,69.54871691757756,70.86322784423828,183064000
2020-05-01,69.04221610297073,72.11745891629081,68.94573936920324,69.7223892211914,240616800
2020-05-04,69.74650982081866,70.83671089109956,69.05910113576175,70.70887756347656,133568000
2020-05-05,71.16713764358983,72.59983938170623,71.02241888364539,71.77012634277344,147751200
2020-05-06,72.46958313423785,73.14010619347668,72.08608325049667,72.51058959960938,142333600
2020-05-07,73.13528505567275,73.60561913010429,72.8337907414733,73.26070404052734,115215200
2020-05-08,73.91854342819974,75.05764724717811,73.5920466345589,75.00444030761719,133838400
2020-05-11,74.5134886448119,76.67802725492889,74.3054951964832,76.18466186523438,145946400
2020-05-12,76.86668099114186,77.31652289559408,75.1930940380801,75.31401824951172,162301200
2020-05-13,75.49298094886383,76.41200935037834,73.33085553739997,74.4046630859375,200622400
2020-05-14,73.64527323216542,74.92223274185808,72.92456220039374,74.86177062988281,158929200
2020-05-15,72.63917339112623,74.46512598393333,72.60531107010586,74.41917419433594,166348400
2020-05-18,75.73968112913077,76.54503320734271,75.05041158146969,76.1725845336914,135178400
2020-05-19,76.18949622469526,77.03354472425552,75.70096514534589,75.73240661621094,101729600
2020-05-20,76.58854343128702,77.27539194682277,76.5498468046985,77.20526123046875,111504800
2020-05-21,77.0673988694635,77.60672336639306,76.39263988211127,76.62965393066406,102688800
2020-05-22,76.3684660434856,77.20526681531915,76.26689384939174,77.12303924560547,81803200
2020-05-26,78.23796578857532,78.416931261963,76.54502680706055,76.60065460205078,125522000
2020-05-27,76.45796054995435,77.07950535982266,75.72031846461518,76.93439483642578,112945200
2020-05-28,76.61031579665872,78.22344788867842,76.3346124557575,76.96825408935547,133560800
2020-05-29,77.21010850014466,77.66961902448975,76.53777018415474,76.8932876586914,153532400
2020-06-01,76.84733299745191,77.95983717000007,76.71673278825261,77.83891296386719,80791200
2020-06-02,77.57286288939194,78.22343558014592,77.1326970947877,78.19924926757812,87642800
2020-06-03,78.51848967465142,78.8909382167243,77.94772370544388,78.6297378540039,104491200
2020-06-04,78.45320362768672,78.75067242701921,77.58012709236915,77.95257568359375,87560400
2020-06-05,78.20168176339025,80.23320685109042,78.172661136236,80.17274475097656,137250400
2020-06-08,79.87043535299438,80.68062898183005,79.16182130122834,80.64676666259766,95654400
2020-06-09,80.3275377952439,83.5852289286094,80.2960963197302,83.19343566894531,147712400
2020-06-10,84.13905436012791,85.800551637391,83.70130935970825,85.33378601074219,166651600
2020-06-11,84.48006542527774,84.90330013235034,81.13530524486026,81.23687744140625,201662400
2020-06-12,83.36997039015924,84.11486012218111,80.83056250550848,81.93822479248047,200146000
2020-06-15,80.59599012122506,83.60216436549862,80.43394842399245,82.95159149169922,138808800
2020-06-16,85.00004143146272,85.42086269022191,83.36998548456056,85.14998626708984,165428800
2020-06-17,85.89245089695726,85.95291299210936,84.9105470621372,85.0314712524414,114406400
2020-06-18,84.98793725501275,85.48131000026396,84.45828873010188,85.0653305053711,96820400
2020-06-19,85.76912102080368,86.2334658205362,83.47397466183713,84.5792236328125,264476000
2020-06-22,84.97102639518768,86.93483446322153,84.92507460309979,86.79214477539062,135445200
2020-06-23,88.03282290304573,90.05951379803278,87.61442248881565,88.64469909667969,212155600
2020-06-24,88.27466483721669,89.19127232771852,86.70748456883423,87.0799331665039,192623200
2020-06-25,87.23471346059793,88.27465854046778,86.47772685166568,88.2359619140625,137522400
2020-06-26,88.13196647381191,88.35204937887517,85.37730996316603,85.52484130859375,205256800
2020-06-29,85.43293671398446,87.59022742215014,84.95649512979536,87.49590301513672,130646000
2020-06-30,87.08477070075071,88.51168219927229,87.06542607576557,88.2262954711914,140223200
2020-07-01,88.30368697136247,88.84542502767371,88.01105247279727,88.05941772460938,110737200
2020-07-02,88.96393576296241,89.59757739253234,87.94575606156859,88.05941772460938,114041600
2020-07-06,89.48388335583479,90.88176642762795,89.45244189159348,90.41500091552734,118655600
2020-07-07,90.79231129924504,91.5686426186408,90.02323513682953,90.13448333740234,112424400
2020-07-08,91.10911780370648,92.2651527115249,91.0220485529992,92.23371124267578,117092000
2020-07-09,93.12370590507383,93.17691283826436,91.58555391386294,92.63034057617188,125642800
2020-07-10,92.22645698371295,92.85042991453263,91.61700174534108,92.7923812866211,90257200
2020-07-13,94.09357220876764,96.69586430305165,92.15152914415704,92.3643569946289,191649200
2020-07-14,91.74759058853576,94.08384663898248,90.81648030417851,93.89279174804688,170989200
2020-07-15,95.76229608743468,96.01139965901083,93.34381194373303,94.53854370117188,153198000
2020-07-16,93.41395603386725,94.22898406159878,92.7778934824319,93.37525939941406,110577600
2020-07-17,93.82509836770011,93.97987752001936,92.71500761457771,93.18661499023438,92186800
2020-07-20,93.27368244127173,95.28827651192833,92.93025444088441,95.15042114257812,90318000
2020-07-21,95.93882091931,96.01379331608409,93.58805470208915,93.837158203125,103433200
2020-07-22,93.53970946249737,94.78039302096889,93.4526475751938,94.10079956054688,89001600
2020-07-23,93.83474776947158,93.91214102009206,89.00987716210209,89.8176498413086,197004400
2020-07-24,88.02071829007306,89.93857411627435,86.23828958165114,89.59514617919922,185438800
2020-07-27,90.6544431599045,91.81047808647506,90.43194679011566,91.71857452392578,121214000
2020-07-28,91.29050229407278,91.46705425689517,90.20701896585531,90.21186065673828,103625600
2020-07-29,90.69313969811391,92.12488531095718,90.65686391835999,91.94107818603516,90329200
2020-07-30,91.11638090213245,93.15758190350233,90.71007737841838,93.0535888671875,158130000
2020-07-31,99.53030380101023,102.9452024123297,97.537467741964,102.79525756835938,374336800
2020-08-03,104.67197372398552,107.99738887948055,104.37450494640413,105.38542938232422,308151200
2020-08-04,105.57408746827389,107.17754362792036,104.85337654025795,106.08922576904297,173071600
2020-08-05,105.81108506672477,106.79298888024711,105.34673293855269,106.47374725341797,121776800
2020-08-06,106.80508849601155,110.68191802624929,106.21739865938491,110.18854522705078,202428800
2020-08-07,109.71121529163673,110.16671111141373,106.88860372887443,107.68329620361328,198045600
2020-08-10,109.12489907394888,110.26363878240565,106.60514263588735,109.24846649169922,212403600
2020-08-11,108.51436454798494,109.01104473075696,105.74020453823464,105.99945068359375,187902400
2020-08-12,107.08731438450859,109.77909878796228,106.89348975910477,109.52227783203125,165598000
2020-08-13,110.89843148039117,112.46116903802795,110.41143740175444,111.46053314208984,210082000
2020-08-14,111.28609846459923,111.45085012066804,109.55618389407232,111.3612060546875,165565200
2020-08-17,112.48056244330753,112.50479236850128,110.44537442392807,111.07046508789062,119561600
2020-08-18,110.82332353901295,112.41997706741819,110.48896983798126,111.99597930908203,105633600
2020-08-19,112.40302713967982,113.54661008039473,112.04202566230961,112.13651275634766,145538000
2020-08-20,112.17769677241944,114.73864510178977,112.16073508691606,114.62477111816406,126907200
2020-08-21,115.58181468260125,121.01383628095505,115.56970341549895,120.53169250488281,338054800
2020-08-24,124.72559897540391,124.81040740037858,120.11250865643729,121.97325134277344,345937600
2020-08-25,120.84908855273831,121.31669586600833,119.25485239253774,120.97264862060547,211495600
2020-08-26,122.28580830184438,123.07323276693351,121.22217601375844,122.61773681640625,163022400
2020-08-27,123.21861805256327,123.55054660251213,120.01076655415024,121.15193176269531,155552400
2020-08-28,122.1234863946809,122.54021598651187,120.73277587733193,120.95568084716797,187630000
2020-08-31,123.64261546547715,126.95706531989478,122.11137580386827,125.05754852294922,225702700
2020-09-01,128.66276613112478,130.63981609482647,126.50159235410271,130.0389404296875,151948100
2020-09-02,133.34364518172669,133.7216082722021,123.08048105831436,127.34468078613281,200119000
2020-09-03,122.99326710598547,124.86369573915263,116.78109099839352,117.14936065673828,257599600
2020-09-04,116.36436621062012,119.88233348649146,107.46768160963626,117.22689819335938,332607200
2020-09-08,110.4332501967872,115.3177056334054,109.20244843470786,109.33812713623047,231366600
2020-09-09,113.64111861515656,115.46309530780263,111.7028427061534,113.69926452636719,176940500
2020-09-10,116.6454372541948,116.78111596753853,109.02801283276419,109.98745727539062,182274400
2020-09-11,111.0341102013086,111.67374465663826,106.60515104021346,108.54342651367188,180860300
2020-09-14,111.17949601605923,112.35215193447013,109.31875310720565,111.79974365234375,140150100
2020-09-15,114.67806966043925,115.16263852668574,110.10373838004288,111.97417449951172,184642000
2020-09-16,111.67377493677184,112.42000794306198,108.58222235227805,108.66944122314453,154679000
2020-09-17,106.33378598514221,108.73724325822185,105.35495487136528,106.93464660644531,178011000
2020-09-18,106.99282230683487,107.45800434374442,102.81583306003789,103.54268646240234,287104900
2020-09-21,101.31366904715068,106.78929923364105,99.91810821399545,106.68269348144531,195713800
2020-09-22,109.20246665982306,109.37691179002789,105.79110426173926,108.35931396484375,183055400
2020-09-23,108.17515317604892,108.65002858068,103.47482939677325,103.81403350830078,150718700
2020-09-24,101.9242082877403,106.84742948908296,101.75945665626949,104.88008117675781,167743300
2020-09-25,105.08361720977464,108.96986205260443,104.3470703746047,108.8147964477539,149981400
2020-09-28,111.46053107152444,111.76096139819123,109.29935070600561,111.41207122802734,137672400
2020-09-29,111.01472616815981,111.75126549437508,110.06496797160435,110.56891632080078,99382200
2020-09-30,110.27819234917513,113.64110173479544,110.11344069592683,112.23584747314453,142675200
2020-10-01,114.00937358582986,114.0869063866764,112.25523648180236,113.18560791015625,116120400
2020-10-02,109.40595903034216,111.80942388224,108.75663851817679,109.53194427490234,144712000
2020-10-05,110.39449286426901,113.04992842651572,110.04560265679896,112.90455627441406,106243800
2020-10-06,112.1292442741749,112.53628778325715,108.78572170928096,109.66764068603516,161498200
2020-10-07,111.08258643963451,111.9838849635665,110.60770355491991,111.52838897705078,96849000
2020-10-08,112.66227103853464,112.80764318962937,111.05349871590646,111.4217758178711,83477200
2020-10-09,111.72220118579409,113.38911933685253,111.37331099631979,113.36004638671875,100506900
2020-10-12,116.35469065538149,121.31667922649164,115.59876429754219,120.56075286865234,240226800
2020-10-13,121.40388985664498,121.5201890553274,115.957340112208,117.36258697509766,262330500
2020-10-14,117.26566767493782,119.23301612314903,115.92826024261022,117.4498062133789,150712000
2020-10-15,115.0560520589753,117.459509897586,114.50364375467132,116.98463439941406,112559200
2020-10-16,117.53703239008934,117.79870373934006,115.14326081684207,115.3467788696289,115393800
2020-10-19,116.25777640664253,116.70357893346838,112.09048805904365,112.4006118774414,120639300
2020-10-20,112.6138242501148,115.3080339002408,112.06141592703932,113.8833999633789,124423700
2020-10-21,113.06931343655647,115.04635557719843,112.8561019222811,113.26314544677734,89946000
2020-10-22,113.82523521136082,114.39703037608496,111.05350042518317,112.17770385742188,101988000
2020-10-23,112.79794326147403,112.95300885211658,110.75306199696499,111.48960876464844,82572600
2020-10-26,110.49140909640037,112.95302013932815,109.39627858637218,111.49931335449219,111850700
2020-10-27,111.92572130525396,113.66047883675716,111.00504336225823,113.00146484375,92276800
2020-10-28,111.49929044963356,111.86756009765654,107.67119226626225,107.76810455322266,143937800
2020-10-29,108.90202494425338,113.32129125851726,108.73726588721904,111.76097869873047,146129200
2020-10-30,107.63242799486639,108.53372632984272,104.39551170417884,105.50032806396484,190272600
2020-11-02,105.74261950243951,107.26416545991421,104.00786205893465,105.4131088256836,122866900
2020-11-03,106.2756820857601,108.04919909742894,105.37438340372593,107.03160858154297,107624400
2020-11-04,110.6173826820644,112.02262946819745,108.88262521463015,111.40238189697266,138235500
2020-11-05,114.30980518907859,115.92827100011738,113.26314194201399,115.35647583007812,126387100
2020-11-06,114.86620819105919,115.7205180962264,112.74013248938302,115.22541046142578,114457900
2020-11-09,116.98259196742552,118.42909663240218,112.66249091138815,112.92460632324219,154515300
2020-11-10,112.17705482703222,114.15749993877138,110.79849953418882,112.58479309082031,138023400
2020-11-11,113.76918689454358,116.13795743815948,113.04107964654202,116.00204467773438,112295000
2020-11-12,116.12825248994538,117.01168541609098,115.10889939924142,115.73021697998047,103162300
2020-11-13,115.95352413531403,116.17680624012897,114.42935305539847,115.77877807617188,81581900
2020-11-16,115.44869936969526,117.45827535475047,114.70117908437909,116.78842163085938,91183000
2020-11-17,116.06030900690259,117.14761119066519,115.48752740079281,115.90497589111328,74271000
2020-11-18,115.14775777417243,116.32243681277677,114.55556316864666,114.58468627929688,76322100
2020-11-19,114.15752657877456,115.58461824175113,113.40029608169101,115.1768798828125,74113000
2020-11-20,115.17687350645622,115.3030761134196,113.86628176431465,113.9148178100586,73604300
2020-11-23,113.7595093974955,114.1866681424837,110.42963099730896,110.5267105102539,127959300
2020-11-24,110.58495899509562,112.46832515996194,109.30348281979012,111.80817413330078,113874200
2020-11-25,112.17708942095175,113.34205836437563,111.80817691040372,112.64307403564453,76499200
2020-11-27,113.16729360668182,114.06043680969468,112.82751167148025,113.18670654296875,46691300
2020-11-30,113.5556118121855,117.43885061280498,113.40027870494941,115.57489776611328,169410200
2020-12-01,117.4777254674177,119.86591728622648,116.50691542367302,119.13780975341797,127728200
2020-12-02,118.45821829004096,119.76881755329892,117.36120579212971,119.4872817993164,89004200
2020-12-03,119.91442054863892,120.16683316485343,118.64266210929217,119.35135650634766,78967600
2020-12-04,119.0212852595791,119.27369789260959,117.97280885162905,118.68150329589844,78260400
2020-12-07,118.73974211450027,120.93377429658472,118.68149589769769,120.13771057128906,86712000
2020-12-08,120.73962584742733,121.33182045894168,119.4969829958177,120.74932861328125,82225500
2020-12-09,120.89494675486756,122.27349493369557,117.46798924542293,118.2252197265625,115089200
2020-12-10,116.98259162067868,120.2542236129108,116.64280964087811,119.64260864257812,81312200
2020-12-11,118.8562430760472,119.17661208486537,117.03112333433712,118.83683013916016,86939800
2020-12-14,119.021283489644,119.74939086099992,117.99222744160214,118.2252197265625,79184500
2020-12-15,120.71049556577894,124.16658373624205,120.50662638207584,124.14716339111328,157243700
2020-12-16,123.69089795295262,124.62286719942308,122.86570357898366,124.07921600341797,98208600
2020-12-17,125.13737340779682,125.79753175425047,124.30247641319399,124.9432144165039,94359800
2020-12-18,125.19562621191656,125.33153897823031,122.43852279521552,122.96276092529297,192541500
2020-12-21,121.3706398580424,124.56460503939759,119.84646874418631,124.4869384765625,121251600
2020-12-22,127.76827272564631,130.48654300822767,125.86547908382497,128.0303955078125,168904800
2020-12-23,128.30221385873838,128.5643218128226,126.96249172878603,127.13724517822266,88223700
2020-12-24,127.48676208852152,129.56429466422506,127.27318272727676,128.11778259277344,54930100
2020-12-28,130.07885826350267,133.33106340127654,129.61285872252432,132.70004272460938,124486200
2020-12-29,134.0203193956025,134.73870929323533,130.41860788701317,130.93313598632812,121047300
2020-12-30,131.6224031061202,132.02043870547348,129.50602990016534,129.8166961669922,96452100
2020-12-31,130.16619767612093,130.80693578751612,127.87508564026446,128.8167724609375,99116600
2021-01-04,129.62252856286995,129.70989788960378,123.05985224509121,125.63249969482422,143301900
2021-01-05,125.12767140195429,127.89448518815179,124.68109238722828,127.18578338623047,97664900
2021-01-06,123.99182776037331,127.22462614380248,122.69093878823239,122.9045181274414,155088000
2021-01-07,124.61315591365346,127.78770834669253,124.1277509770645,127.09842681884766,109578200
2021-01-08,128.56433221406948,128.75850602101508,126.42855365810287,128.1954345703125,105158200
2021-01-11,125.41891868730954,126.37030813032683,124.74905756448756,125.21504211425781,100384500
2021-01-12,124.74904496331433,125.90431086268742,123.15691766682359,125.04029083251953,91951100
2021-01-13,125.0014305904701,127.61291061386964,124.73932268123977,127.06925964355469,88636800
2021-01-14,126.98193239512918,127.17609140406186,125.00147198922038,125.14710235595703,90221800
2021-01-15,125.02088418474625,126.41885265934873,123.29284393513538,123.42875671386719,111598500
2021-01-19,124.0500664749991,124.95292722948219,123.23458985463955,124.0986099243164,90757300
2021-01-20,124.90438601399495,128.6225891348087,124.79759634893936,128.17601013183594,104319500
2021-01-21,129.89436203777117,135.59301116722563,129.69048544958548,132.87474060058594,120150900
2021-01-22,132.30197582810843,135.7677743821565,131.07876065141238,135.0105438232422,114459400
2021-01-25,138.89375351472623,140.85477848015867,132.55435242559187,138.7481231689453,157611700
2021-01-26,139.40826822473906,140.0878320002914,137.2433520930361,138.98110961914062,98390600
2021-01-27,139.24325862387312,140.0878733207545,136.31142335408737,137.9132537841797,140843800
2021-01-28,135.44739349341899,137.8452949915903,132.7097026247184,133.08831787109375,142621100
2021-01-29,131.86509178375854,132.7485322226158,126.40914566020653,128.10806274414062,177523800
2021-02-01,129.84578061037203,131.42820495734406,127.10809049941766,130.22439575195312,106239800
2021-02-02,131.7680267032869,132.33109823624255,130.68072432979122,131.0496368408203,83305400
2021-02-03,131.79713965825755,131.80685723730443,129.70990440998943,130.0302734375,89880900
2021-02-04,132.32136807732365,133.38924988354398,130.66127693474024,133.37954711914062,84183100
2021-02-05,133.53998407473009,133.60803459447885,132.09131060559002,132.96633911132812,75693800
2021-02-08,132.25660382908822,133.1608138714623,131.1773940055882,133.11219787597656,71297200
2021-02-09,132.83021630146237,134.05527394815869,132.08158644572234,132.2371368408203,76774200
2021-02-10,132.6941140635208,133.18997643259982,130.6718103643523,131.6343536376953,73046600
2021-02-11,132.13019115518452,132.6066041234454,130.05928645451803,131.38156127929688,64280000
2021-02-12,130.62321880046613,131.7704791984505,129.98152323777,131.6149139404297,60145100
2021-02-16,131.73156315096224,132.2371278628611,129.10644827799214,129.495361328125,80576300
2021-02-17,127.60917872924279,128.5522725131688,125.87855638741323,127.2105484008789,97918500
2021-02-18,125.61605324019762,126.39386460486962,123.8757134782661,126.1119155883789,96856700
2021-02-19,126.62723310292547,127.08419679781535,125.2271753854348,126.26748657226562,87668800
2021-02-22,124.45906002205308,126.1216319880877,122.11591609767342,122.50482177734375,103916400
2021-02-23,120.32695270389084,123.19511800076138,115.10591153263685,122.36869812011719,158273000
2021-02-24,121.47424078389619,122.07703760379697,118.83941546871539,121.87286376953125,111039900
2021-02-25,121.22143247515002,122.95205487892161,117.19627482972935,117.6337890625,148199500
2021-02-26,119.18940971098537,121.38672049171518,117.83796822554648,117.89630889892578,164560400
2021-03-01,120.31722988203185,124.38127883253527,119.38386074641136,124.24516296386719,116307900
2021-03-02,124.84797657824923,125.14937496490815,121.54228933610958,121.64923858642578,102260900
2021-03-03,121.34782670099902,122.22286260620939,118.46021192268415,118.67411041259766,112966300
2021-03-04,118.3727333702154,120.17141407750445,115.3295602258347,116.79766845703125,178155000
2021-03-05,117.62406745905575,118.55743656088569,114.30865590625393,118.0518569946289,153766600
2021-03-08,117.575447007724,117.64350493701029,112.98637686796793,113.13221740722656,154376600
2021-03-09,115.72816384952438,118.6741119196786,115.49482341109125,117.73101806640625,129525800
2021-03-10,118.31438961434448,118.78107052799325,116.13652062478559,116.65182495117188,111943300
2021-03-11,119.1408172366033,119.79223007158603,117.89632483014077,118.576904296875,103026500
2021-03-12,117.06018505801954,117.80882250311154,115.85458391545468,117.6727066040039,88105100
2021-03-15,118.0421413761026,120.56029230814386,117.07959821769512,120.55056762695312,92403800
2021-03-16,122.21313740579694,123.69097746560344,121.26032630464678,122.08674621582031,115227900
2021-03-17,120.60892835870807,122.368717641283,118.94635623317845,121.29923248291016,111932600
2021-03-18,119.47137236768086,119.7630534964986,116.98238776140393,117.18656158447266,121229700
2021-03-19,116.57402966087285,118.06158696536845,116.36013117462356,116.66152954101562,185549500
2021-03-22,116.99210932461362,120.4339124312078,116.92405138540522,119.96722412109375,111912300
2021-03-23,119.90887179060896,120.79362485958434,118.7518795903448,119.14078521728516,95467100
2021-03-24,119.41303294328375,119.49081556265351,116.73931659895885,116.75875854492188,88530500
2021-03-25,116.22401168427893,118.28520644839449,115.69899016650163,117.24488067626953,98844700
2021-03-26,117.0115497729694,118.11020888610055,115.62121696029041,117.84769439697266,94071200
2021-03-29,118.27548724702227,119.1796897776827,117.3810093980004,118.02269744873047,80819200
2021-03-30,116.77820181701264,117.06015823420087,115.56287626935224,116.57402801513672,85671900
2021-03-31,118.27548932601961,120.09361168317854,117.78935908416811,118.7616195678711,118323800
2021-04-01,120.22973871260609,120.7353109160336,119.09218827381586,119.58804321289062,75089100
2021-04-05,120.43389773016308,122.66037492357067,119.65608644750468,122.40758514404297,88651200
2021-04-06,122.99097136924752,123.60349290409206,122.16455130604965,122.70901489257812,80171300
2021-04-07,122.33954050731289,124.37156139198876,121.66867838856395,124.35211944580078,83466700
2021-04-08,125.3729752462817,126.77303259187028,124.95491039655207,126.74386596679688,88844600
2021-04-09,126.19939309739704,129.34950705430177,125.8785454100243,129.3106231689453,106686700
2021-04-12,128.8439334710132,129.1647811362329,127.00636217785619,127.59944152832031,91420000
2021-04-13,128.7661996194506,130.9246193949784,128.27033720569543,130.70098876953125,91266500
2021-04-14,131.19683535032675,131.25516860713591,128.00782207026887,128.3675537109375,87222800
2021-04-15,130.10791292088626,131.2551732400093,129.93289830876327,130.76904296875,89347100
2021-04-16,130.57460771830137,130.93433940993674,129.5828977054859,130.43849182128906,84922400
2021-04-19,129.80647084298718,131.71210761044756,129.64118836775324,131.09957885742188,94264200
2021-04-20,131.27463922976452,131.77048682845773,128.15367596540483,129.41761779785156,94812300
2021-04-21,128.6884221419856,130.0398638721709,127.65782821133615,129.7967987060547,68847100
2021-04-22,129.3495375220918,130.42874732999832,127.7647629078915,128.28005981445312,84566500
2021-04-23,128.49393862388337,131.37182111341806,128.49393862388337,130.59402465820312,78657500
2021-04-26,131.08988992627178,131.3135056957382,129.85511489088012,130.98294067382812,66905100
2021-04-27,131.2648602486865,131.65377327736235,130.38983189631728,130.6620635986328,66015800
2021-04-28,130.5843034959248,131.27461496858584,129.38842725213598,129.8745574951172,107760100
2021-04-29,132.68436155056918,133.2677236525645,128.77587107243528,129.7772979736328,151101000
2021-04-30,128.1244930393449,129.8551156172827,127.4341963624076,127.8133773803711,109839500
2021-05-03,128.37728825955,130.35099100560777,128.17312183322954,128.86341857910156,75135100
2021-05-04,127.55088239645514,127.8425635707918,123.18542655408791,124.30352783203125,137564700
2021-05-05,125.61603203019656,126.83135744619211,124.42015597480123,124.54655456542969,84000900
2021-05-06,124.34240994349356,126.15081528786173,123.60348979624123,126.14109802246094,78128300
2021-05-07,127.43639821291805,127.83569086092047,126.1021285936208,126.81309509277344,78973300
2021-05-10,126.03394527871879,126.16054372317713,123.50176833952001,123.54072570800781,88071200
2021-05-11,120.2781354744355,122.97586852300613,119.56717642454035,122.6252670288086,126142800
2021-05-12,120.18073081693389,121.38837950118456,119.06073063774643,119.5671615600586,112172300
2021-05-13,121.32996037075966,122.85900193405529,121.01830882379365,121.70978546142578,105861300
2021-05-14,122.95637735686638,124.55359227820217,122.56681111085221,124.12506866455078,81918000
2021-05-17,123.5115304740433,123.61866139795352,121.90457404574953,122.97587585449219,74244600
2021-05-18,123.25829164809352,123.67707407576847,121.5247295992301,121.59290313720703,63342900
2021-05-19,119.94699632595916,121.66107596519278,119.65481977612977,121.43708038330078,92612000
2021-05-20,121.96300762442338,124.38804651528841,121.83639430422342,123.98873901367188,76857100
2021-05-21,124.48543261389995,124.66073707262268,121.94352167759979,122.15778350830078,79295400
2021-05-24,122.72264215777629,124.60229244585756,122.65446862112498,123.7842025756836,63092900
2021-05-25,124.48543668582127,124.97240013629873,123.02456862546644,123.58943939208984,72009500
2021-05-26,123.64785661375969,124.06663903705564,123.12194328471185,123.54072570800781,56575900
2021-05-27,123.1414450640804,124.3101365812093,121.81692404847594,122.01170349121094,94625600
2021-05-28,122.29413127736017,122.51813430989525,121.30074429262824,121.35917663574219,71311100
2021-06-01,121.81690564628397,122.07985859728936,120.70664664362424,121.03777313232422,67637100
2021-06-02,121.03776661351102,121.97272112169325,120.81377104330335,121.79741668701172,59278900
2021-06-03,121.42735201359653,121.59291527515944,119.91778539724056,120.31709289550781,76229200
2021-06-04,120.83325448650514,122.86873431142617,120.61899267015994,122.60577392578125,75169300
2021-06-07,122.87846962118002,123.0245579005518,121.57343116760482,122.61551666259766,71057600
2021-06-08,123.29725429760116,125.10873859219605,122.91742922255409,123.43360137939453,74403800
2021-06-09,123.89136079837728,124.41727423866138,123.21935905295427,123.81344604492188,56877900
2021-06-10,123.70630923030153,124.84579201187799,122.65448983014099,122.82005310058594,71186400
2021-06-11,123.22907197958327,124.11533537847384,122.81028956380078,124.02767944335938,53522400
2021-06-14,124.48542499652146,127.13445925571631,123.75499103493249,127.0760269165039,96906500
2021-06-15,126.5501111042377,127.19289650672997,126.0144566021608,126.2579345703125,62746300
2021-06-16,126.96890813933193,127.47534656209021,125.10874743356234,126.75464630126953,91815000
2021-06-17,126.41379212945316,129.0920503743114,126.26769639966578,128.35186767578125,96721700
2021-06-18,127.30003468372927,128.0791523377771,126.842294888582,127.05655670166016,108953300
2021-06-21,126.90074760795298,128.955702701089,125.83918700220758,128.84857177734375,79663300
2021-06-22,128.68298261560656,130.5821078265205,128.18627804148716,130.48471069335938,74783600
2021-06-23,130.2802171084206,130.815871699919,129.75429628741554,130.2120361328125,60214200
2021-06-24,130.94244245203893,131.12748807728477,129.46209231078763,129.92958068847656,68711000
2021-06-25,129.978280483212,130.3970554405537,129.34522887186355,129.6374053955078,70783700
2021-06-28,129.9295852246422,131.72157948620062,129.87115289056985,131.2638397216797,62111300
2021-06-29,131.2832928355185,132.92920589475403,130.84503556701915,132.77337646484375,64556100
2021-06-30,132.61759460995344,133.82525083392224,132.3254180392348,133.38699340820312,63261400
2021-07-01,133.03639973908412,133.7473514160783,132.218302275189,133.6889190673828,52485800
2021-07-02,134.30245986108,136.34768102067733,134.1563790042736,136.30873107910156,78852600
2021-07-06,136.415876793308,139.4155130237445,136.415876793308,138.31500244140625,108181800
2021-07-07,139.79533405407227,141.11012131228122,138.93830152510142,140.79847717285156,104911600
2021-07-08,137.88643093809648,140.30172797997776,137.00016765595169,139.5031280517578,105575500
2021-07-09,139.02595342720224,141.85029259632174,138.92855627210733,141.3243865966797,99890800
2021-07-12,142.39563540462566,142.50276628545902,140.24328402086937,140.73023986816406,76299700
2021-07-13,140.2725768916885,143.61310355848642,139.8830179451055,141.840576171875,100827100
2021-07-14,144.23639158459537,145.6680435964864,143.8273354148668,145.2589874267578,127050800
2021-07-15,145.3466279214185,146.08679566961968,143.25270826705687,144.6064453125,106820300
2021-07-16,144.5870044305878,145.85307833791254,142.07430929851364,142.5709991455078,93251400
2021-07-19,139.99985324997218,140.31151223035158,137.9741144596603,138.7337646484375,121434600
2021-07-20,139.71739371398104,143.26243208036362,139.2304378127707,142.3372039794922,96350000
2021-07-21,141.7334095777614,142.31776271135624,140.85689473808662,141.60679626464844,74993500
2021-07-22,142.13266550721042,144.33370043878932,142.0060522400186,142.97023010253906,77338200
2021-07-23,143.70068066123733,144.84015561733656,143.08711150767857,144.684326171875,71447400
2021-07-26,144.40193160847764,145.92123190033908,143.84679465375743,145.1031494140625,72434100
2021-07-27,145.22978588093153,145.31744927511497,141.75292697377066,142.94110107421875,104818600
2021-07-28,141.03216017207177,143.13581314895694,138.82137630671426,141.19772338867188,118931200
2021-07-29,140.9153625281995,142.72683986518072,140.808231588781,141.840576171875,56699500
2021-07-30,140.61340882010876,142.51253410621536,140.35044843873504,142.05479431152344,70440600
2021-08-02,142.54176110337934,143.11636561756876,141.46071818751764,141.7236785888672,62880000
2021-08-03,142.00610422671278,144.17792379335657,141.3925349204239,143.5156707763672,64786600
2021-08-04,143.4280072023747,143.93443068193204,142.46382908813206,143.11634826660156,56368300
2021-08-05,143.14559599106772,143.98316098970645,142.35672956946877,143.2235107421875,46397700
2021-08-06,142.74557545925379,143.48685218422662,142.0433070322341,142.54074096679688,54126800
2021-08-09,142.59925003312128,143.08693557693016,141.93600483737242,142.49195861816406,48908700
2021-08-10,142.83336158468475,144.0720871817776,141.7214390067462,142.01405334472656,69023100
2021-08-11,142.45296206335397,143.10645895995768,141.94576488875748,142.26763916015625,48493500
2021-08-12,142.58950812317931,145.37907015513477,142.24812227389452,145.22300720214844,72282600
2021-08-13,145.30102293180235,145.7594485046543,144.61826619020815,145.42782592773438,59375000
2021-08-16,144.88162714158625,147.46636967362969,142.86261655746753,147.39808654785156,103296000
2021-08-17,146.52997508674613,147.94426000150526,145.41805278817236,146.490966796875,92229700
2021-08-18,146.1106357649157,147.0079756489524,142.55052129655687,142.75535583496094,86326000
2021-08-19,141.45807654722455,144.35493005036025,140.94113102889904,143.08694458007812,86960300
2021-08-20,143.8086939620168,144.8425847784855,143.16494556886403,144.54022216796875,60549600
2021-08-23,144.65728343893502,146.49098584387335,144.24762936861552,146.02281188964844,60131800
2021-08-24,145.76915579925856,147.14443213044996,145.47654159728515,145.93496704101562,48606400
2021-08-25,146.12030896754547,146.6177576408254,144.15981885908616,144.70602416992188,58991300
2021-08-26,144.6962977745989,145.44732274946605,143.8769748010463,143.90623474121094,48597200
2021-08-27,143.84775953717897,145.0864852931361,143.213774126067,144.940185546875,55802400
2021-08-30,145.33029180641267,149.70971334019745,144.9498976782118,149.34881591796875,90956700
2021-08-31,148.90018188960238,149.03673327230263,147.56391312712373,148.0906219482422,86453100
2021-09-01,149.06597111930256,151.1630130890743,148.58803390921838,148.75384521484375,80313700
2021-09-02,150.08035127222993,150.90942268736845,148.64655451799135,149.8657684326172,71115500
2021-09-03,149.97303195298093,150.82161480012687,149.31953520226918,150.49974060058594,57808700
2021-09-07,151.15329277694906,153.38688652354213,150.58757563240493,152.8309326171875,82278300
2021-09-08,153.11374935418493,153.17226923823645,150.18763608775444,151.28981018066406,74420200
2021-09-09,151.66046161317462,152.26518694823613,150.15838174591684,150.2754364013672,57305700
2021-09-10,151.18255921551165,151.65073329616885,145.03771673531628,145.3010711669922,140893200
2021-09-13,146.92019363279192,147.69073046346875,145.0864907020359,145.86679077148438,102404300
2021-09-14,146.64704249063803,147.34931083330153,143.29176371635268,144.47195434570312,109296300
2021-09-15,144.9011324843855,145.75946384011283,142.76506733146184,145.35955810546875,83281300
2021-09-16,144.78408681235823,145.301032298818,143.59413289330473,145.12545776367188,68034100
2021-09-17,145.15474141357228,145.15474141357228,142.17009319848557,142.46270751953125,129868800
2021-09-20,140.2583754550107,141.27275491051466,137.79068761664803,139.4195556640625,123478900
2021-09-21,140.38520770477817,141.03871968285046,139.26353647409275,139.89752197265625,75834000
2021-09-22,140.8923300236282,142.82356032742504,140.1608018149043,142.2578582763672,76404300
2021-09-23,143.03815533417017,143.45757261545157,142.05303595354863,143.21372985839844,64838200
2021-09-24,142.07258175581498,143.83800136075783,141.97503867631073,143.30154418945312,53477900
2021-09-27,141.88726170941032,142.36519899589,140.27790504587242,141.7897186279297,74150700
2021-09-28,139.72187989437663,141.18493622834916,138.20030368832178,138.41488647460938,108972300
2021-09-29,138.9610760074189,140.89230598166935,138.5319104835906,139.3122100830078,74602000
2021-09-30,140.12180436567434,140.8240726910163,137.80041657451724,138.01499938964844,89056700
2021-10-01,138.40517505038864,139.40005789714257,135.68389579904266,139.13670349121094,94639600
2021-10-04,138.26855565628398,138.70748441125727,134.86452117786632,135.7130889892578,98322000
2021-10-05,136.0545317412187,138.73680249578317,135.92772872481194,137.63462829589844,80861100
2021-10-06,136.0350430050937,138.64903107214994,134.962128569818,138.5027313232422,83221100
2021-10-07,139.53660933038944,140.66804355787346,139.2049866756737,139.7609405517578,61732700
2021-10-08,140.48269778280476,140.62899749402928,139.04890108087716,139.38052368164062,58773200
2021-10-11,138.76609164312617,141.24352842200915,138.3174142557923,139.29278564453125,64452200
2021-10-12,139.7024354588627,139.7219470532615,137.56636980326286,138.02479553222656,73035900
2021-10-13,137.76141892529833,137.91746698955632,135.77165355544514,137.43954467773438,78762700
2021-10-14,138.61000380183043,140.33641501765865,138.02477512030043,140.2193603515625,69907100
2021-10-15,140.2291266309253,141.33128600610704,139.97552058470157,141.27276611328125,67940300
2021-10-18,139.91701670031637,143.22352497013978,139.63416555830162,142.940673828125,85589200
2021-10-19,143.38927699692093,145.49608180607396,142.9406146975332,145.09617614746094,76378900
2021-10-20,145.037656955219,146.0617994269622,144.47194001956103,145.5838623046875,58418800
2021-10-21,145.14499547046705,145.95455540585698,144.22814410067642,145.79849243164062,61421000
2021-10-22,146.0033099939033,146.481232332848,144.97916730862042,145.02793884277344,58883400
2021-10-25,145.0181495258691,145.69115788039105,143.98425867288518,144.97914123535156,50720600
2021-10-26,145.6521738906202,147.12497895180522,145.34004798248478,145.64242553710938,60893400
2021-10-27,145.68142436893194,146.04230690415662,144.83285629616836,145.18399047851562,56094900
2021-10-28,146.1301073675776,149.39759166799496,146.03256430303534,148.8123779296875,100077900
2021-10-29,143.59413644564216,146.2471470636249,142.804088225394,146.110595703125,124953200
2021-11-01,145.3205960120928,146.01310139910805,144.15990161874348,145.2913360595703,74588300
2021-11-02,144.9986596105235,147.83699285465968,144.98889637520205,146.32516479492188,69122000
2021-11-03,146.6860731609645,148.2271614322934,146.13011931995035,147.7589874267578,54511500
2021-11-04,147.84674493928904,148.67580139860405,146.92989377476803,147.2420196533203,60394600
2021-11-05,148.36536141475236,148.6681654176707,146.57782514412813,147.76951599121094,65463900
2021-11-08,147.8964818732159,148.0527725947036,146.67548855791236,146.94898986816406,55020900
2021-11-09,146.7145337755314,147.91598686060686,146.57778313905698,147.3103790283203,56787900
2021-11-10,146.53868549702992,146.6461334665388,144.4190436482623,144.48741149902344,65187100
2021-11-11,145.5033467129879,145.96242651484354,144.25303577054234,144.43862915039062,41000000
2021-11-12,144.9856178095641,146.90990439693277,144.05766590459464,146.50942993164062,63804000
2021-11-15,146.88060480284193,148.3555742437889,145.9624154592678,146.51919555664062,59222800
2021-11-16,146.46063248583715,147.97466759067277,145.8745495727693,147.49603271484375,59256200
2021-11-17,147.4959684847215,151.4031464578267,147.4862059054811,149.92819213867188,88807000
2021-11-18,150.14313374583702,154.9880275581461,149.49844560723523,154.2065887451172,137827700
2021-11-19,153.99168810581827,157.2834965855034,152.897682743032,156.82440185546875,117305600
2021-11-22,157.92816624213555,161.85488526610547,157.26395297389544,157.2834930419922,117467900
2021-11-23,157.38116514595987,158.04539332554327,155.36897034832776,157.66444396972656,96041900
2021-11-24,157.01974088138022,158.3774848564214,155.9354982175197,158.18212890625,69463600
2021-11-26,155.86712045424656,156.72668956141257,152.73160325073675,153.17115783691406,76959800
2021-11-29,155.67176964553224,157.44954318891868,155.10522691977297,156.52159118652344,88748200
2021-11-30,156.27737994661885,161.67905311784355,156.20899716750552,161.4641571044922,174048100
2021-12-01,163.59356203535145,166.34813007275002,160.71202083002768,160.9464569091797,152052500
2021-12-02,155.05640108044867,160.38969196905754,154.13821164787007,159.95989990234375,136739200
2021-12-03,160.21384675586103,161.1320360204304,156.01362719703414,158.0844268798828,118023100
2021-12-06,160.47762170823455,163.98432659887726,160.46785912528537,161.48373413085938,107497000
2021-12-07,165.15644279486372,167.598429443289,164.4336093812365,167.20770263671875,120405400
2021-12-08,168.1356556285786,171.87678065417452,166.73883163036436,171.01719665527344,116998900
2021-12-09,170.85116144440897,172.6484600825667,169.8841293433167,170.50927734375,108923700
2021-12-10,171.1442122366866,175.46164318083981,170.63627480069655,175.2858123779297,115402700
2021-12-13,176.91704079075095,177.9036129181879,171.45676231906222,171.66189575195312,153237000
2021-12-14,171.18324085105056,173.61546458889217,168.21379204713816,170.2845916748047,139380400
2021-12-15,171.04652519555987,175.33465344975855,168.31149697974806,175.13929748535156,131063300
2021-12-16,175.11973661793166,176.9365751900634,166.78767978084602,168.26263427734375,150185800
2021-12-17,165.98672717242667,169.44458898529163,165.75230596796482,167.1686553955078,195432700
2021-12-20,164.37502357405398,166.6216545378973,163.5740596088574,165.8109130859375,107499100
2021-12-21,167.5789142050935,169.18085708761444,165.19553249835857,168.97573852539062,91185900
2021-12-22,169.02453697313442,171.77910499631244,168.15519034473417,171.564208984375,92135300
2021-12-23,171.76931657934202,172.74611106678847,171.20277398805894,172.1893310546875,68356600
2021-12-27,172.9805506410723,176.23327841950962,172.96102548062714,176.14537048339844,74919600
2021-12-28,175.9793227997058,177.12217071968058,174.38714279522745,175.12950134277344,79144300
2021-12-29,175.16859502828655,176.4384311169709,174.00620695259946,175.21743774414062,62348900
2021-12-30,175.30533745901636,176.3798175385403,173.95735606919604,174.06480407714844,59773000
2021-12-31,173.9573242504266,175.07086935429706,173.14658304866205,173.44940185546875,64062300
2022-01-03,173.703352927591,178.63616771335631,173.58614236707933,177.78634643554688,104487900
2022-01-04,178.39199939810527,178.69480333397306,174.96344087400894,175.5299835205078,99310400
2022-01-05,175.4420853705736,175.9890879826122,170.587414831676,170.8609161376953,94537600
2022-01-06,168.69245085589924,171.23212317548703,167.65705080251047,168.00869750976562,96904000
2022-01-07,168.878037036841,170.0990304259398,167.06119827767387,168.17474365234375,86709100
2022-01-10,165.1564429133354,168.4970788622131,164.2675561955421,168.19427490234375,106765600
2022-01-11,168.3212489833143,171.1148671703379,166.85605711502512,171.01719665527344,76138300
2022-01-12,172.0330771442787,173.06847713761263,170.76325596284155,171.45677185058594,74805200
2022-01-13,171.70096415486904,172.52146809219963,167.80354809549323,168.19427490234375,84505800
2022-01-14,167.36399798657283,169.74737940608347,167.11979931497876,169.05386352539062,80440800
2022-01-18,167.53005178287384,168.53614912039677,165.47879187832885,165.8597412109375,90956700
2022-01-19,166.05509393247632,167.1100339648471,162.08930995625335,162.37257385253906,94815000
2022-01-20,163.10517370877471,165.74251639966073,160.3701455866801,160.69248962402344,91420500
2022-01-21,160.60457194151562,162.470253269675,158.5337720868401,158.64122009277344,122848900
2022-01-24,156.30667494751387,158.53376542721094,151.11012055841888,157.86953735351562,162294600
2022-01-25,155.29081165334586,158.98309429431202,153.37630245676536,156.07225036621094,115798400
2022-01-26,159.70591419723806,160.575260779249,154.15772812433738,155.9843292236328,108275300
2022-01-27,158.68029600296296,160.0380400395087,154.6070638933257,155.52525329589844,121954600
2022-01-28,161.86465470605705,166.39698147337538,159.0221785798324,166.37744140625,179935700
2022-01-31,166.21138037947398,170.93906288440527,165.576454917367,170.7241668701172,115541600
2022-02-01,169.9720531603827,170.7827946109015,168.3115050264779,170.55813598632812,86213900
2022-02-02,170.69486467196293,171.79864739328102,169.30781806090394,171.7595672607422,84914300
2022-02-03,170.43110878285196,172.15027672857178,168.12587305039293,168.8877716064453,89418100
2022-02-04,167.90975737649003,170.27662529840396,166.93171820745542,168.6041717529297,82465400
2022-02-07,169.06382633955357,170.129885294368,167.19576822143142,167.8901824951172,77251200
2022-02-08,167.95868798788894,171.4992004689829,167.6652732075989,170.99061584472656,74829200
2022-02-09,172.1837618828852,172.7705763046375,171.05900812473544,172.40870666503906,71285000
2022-02-10,170.31571564595043,171.62628436106874,167.78259814649985,168.34007263183594,90865900
2022-02-11,168.54545914237346,169.27898837706067,164.34966356269592,164.93649291992188,98670700
2022-02-14,163.6943705402025,165.8558431366665,162.90216139662053,165.1712188720703,86185500
2022-02-15,167.21536820889426,169.15188170406051,166.51117876998032,168.99539184570312,62527400
2022-02-16,168.0760262456703,169.53329496166765,166.31555287107355,168.76065063476562,61177400
2022-02-17,167.27399659697775,168.1346756288642,164.77021933006054,165.1712188720703,69589300
2022-02-18,166.09060878011084,166.7947832093295,162.54032203615824,163.62594604492188,82772700
2022-02-22,161.35690506054718,163.02935867994262,158.58905229899906,160.71141052246094,91162800
2022-02-23,161.90460945584556,162.50121399005073,156.24176881453315,156.55474853515625,90009200
2022-02-24,149.2291965620497,159.27366155009665,148.66193213542687,159.16607666015625,141147500
2022-02-25,160.2419073795577,161.49379611504713,157.33713033388693,161.229736328125,91974200
2022-02-28,159.47903178590988,161.7872043480846,158.86286246028953,161.49378967285156,95056600
2022-03-01,161.08307153976776,162.94135518491746,158.41302839932598,159.6160125732422,83474400
2022-03-02,160.77986315221446,163.68464076398826,159.37148431939156,162.90220642089844,79724800
2022-03-03,164.77025023720336,165.20058983386846,161.91437782369874,162.57943725585938,76678400
2022-03-04,160.87767357199544,161.91439273743828,158.54016047816125,159.58665466308594,83737200
2022-03-07,159.7724409102269,161.39598912291174,155.5473055505203,155.80160522460938,96418800
2022-03-08,155.3322124692921,159.3030497335725,152.3785295346828,153.98251342773438,131148300
2022-03-09,157.9337564869507,159.8213797915154,155.90922322313332,159.37147521972656,91454900
2022-03-10,156.68187121650197,156.86770104560523,152.55454474714313,155.0387725830078,105342000
2022-03-11,155.43973102802846,155.78205064733166,151.10702542359093,151.33197021484375,96970100
2022-03-14,148.1240148231261,150.73537736075448,146.80367102699051,147.31224060058594,108732100
2022-03-15,147.58611061794517,152.15356685525754,147.07754097449947,151.68409729003906,92964300
2022-03-16,153.60105321090987,156.48626575095446,151.06793536575267,156.08526611328125,102300200
2022-03-17,155.12679794973494,157.46431103838808,154.16832371335292,157.0926513671875,75615400
2022-03-18,156.98504839102176,160.86786475806085,156.25151907619613,160.37884521484375,123511700
2022-03-21,159.9191797677464,162.69682236043158,159.4301601813594,161.7481231689453,95811400
2022-03-22,161.87525716684658,165.6993938917205,161.28844262082922,165.11257934570312,81532000
2022-03-23,164.3008129085659,168.8486892835288,163.9682682338466,166.47206115722656,98062700
2022-03-24,167.3034064993506,170.31576944635216,166.47208201761543,170.247314453125,90131400
2022-03-25,170.06146151483682,171.43071043053845,168.95627243907444,170.8830108642578,80546200
2022-03-28,168.38901573521346,171.87083307439428,168.22275085370143,171.7436981201172,90371900
2022-03-29,172.80972386459516,175.0787667230212,172.467404224187,175.02987670898438,100589400
2022-03-30,174.628881866762,175.66560091058673,172.8195035873902,173.8660125732422,92633200
2022-03-31,173.9345145849757,174.12034444944086,170.57005683003788,170.77545166015625,103049300
2022-04-01,170.2081296381206,171.03946877548313,168.16403166582776,170.4819793701172,78751300
2022-04-04,170.73630961524591,174.57022147286082,170.60915974417932,174.5213165283203,76468400
2022-04-05,173.60197924086432,174.38441368133695,170.58961634544698,171.21556091308594,73401800
2022-04-06,168.57483234577828,169.81694627331598,166.3938091700385,168.0564727783203,89058800
2022-04-07,167.401190693142,169.55287391806212,166.11996174699982,168.3596649169922,77594700
2022-04-08,168.0075484323814,168.0075484323814,165.48420586824818,166.3546600341797,76575500
2022-04-11,165.00498773482366,165.31795249524248,161.8654755697351,162.1099853515625,72246700
2022-04-12,164.33013728303388,166.13950070260202,162.9804385205217,163.97804260253906,79265200
2022-04-13,163.71398991233582,167.28382721520924,163.10761035124472,166.6578826904297,70618900
2022-04-14,166.87307752116533,167.50881208488343,161.4156158826142,161.66012573242188,75329400
2022-04-18,160.3201467390001,162.94129894819648,159.97784205250275,161.4449005126953,69023900
2022-04-19,161.3960167105301,164.13452917950872,160.31039271090148,163.72373962402344,67723800
2022-04-20,165.0538631380032,165.1712379709988,162.45229063171516,163.55746459960938,67929800
2022-04-21,165.20059691129774,167.7630547165198,162.266479452362,162.76527404785156,87227800
2022-04-22,162.8043941791054,164.1834179598548,157.95331370568275,158.2369384765625,84882400
2022-04-25,157.58162052522974,159.5866032261211,154.98004843066343,159.302978515625,96046400
2022-04-26,158.6868628689345,158.7748828167284,153.2783071958642,153.35655212402344,95623200
2022-04-27,152.48609759207858,156.2808795981602,151.967738002025,153.13160705566406,88063200
2022-04-28,155.75271956865106,160.906989569117,155.43973990755873,160.0463104248047,130216800
2022-04-29,158.2858683064252,162.55012002443183,153.7966717400247,154.18788146972656,131747600
2022-05-02,153.268494371806,154.7551028690703,149.90403790928826,154.4910430908203,123055300
2022-05-03,154.67686742533908,157.18065989099466,152.88706912402677,155.9776611328125,88966500
2022-05-04,156.1635144371754,162.82395888042848,155.76251479077115,162.3740692138672,108256500
2022-05-05,160.25172879543595,160.47667363266967,151.5471709663278,153.32720947265625,130525300
2022-05-06,152.80809337522012,156.16770488216497,151.0156499387557,154.05203247070312,116124600
2022-05-09,151.75023984870148,152.63177739233632,148.38085428930862,148.93914794921875,131577900
2022-05-10,152.328132388233,153.52309446613708,149.79127784510368,151.33885192871094,115366700
2022-05-11,150.3495886480442,152.25956414663153,142.81741468212965,143.49325561523438,142689800
2022-05-12,139.8398213340432,143.19941752795359,135.95129962230052,139.63412475585938,182602000
2022-05-13,141.62242982115953,145.0604001115948,140.17280954058904,144.09071350097656,113990900
2022-05-16,142.56273706460962,144.49230601105745,141.22084476017127,142.5529327392578,86643800
2022-05-17,145.80482673464496,146.69615365751025,143.66956086149628,146.17703247070312,78336300
2022-05-18,143.83608013972986,144.33560760113403,137.0287088681347,137.92984008789062,109742900
2022-05-19,137.00910949443605,138.7525756020971,133.79642936713128,134.53103637695312,136095600
2022-05-20,136.23534285932448,137.81230015984903,129.8883411847853,134.76612854003906,137426100
2022-05-23,134.9620011760451,140.31973647724712,134.82487512400195,140.17282104492188,117726300
2022-05-24,137.92003986063096,139.05623582746938,134.51146690573626,137.47927856445312,104132700
2022-05-25,135.5888849437953,138.87992561613757,135.50073567160547,137.63600158691406,92482700
2022-05-26,134.5702485880299,141.37760590054086,134.32537951243148,140.8291015625,90601500
2022-05-27,142.4060433122878,146.6079896103765,142.27870662441157,146.56881713867188,90978500
2022-05-31,146.01053811087894,147.567901829154,143.8262952175465,145.78524780273438,103718400
2022-06-01,146.8234773391278,148.62572491730577,144.6490389655957,145.6579132080078,74286600
2022-06-02,144.79597858853165,148.16537934399943,143.84588541228797,148.1066131591797,72348100
2022-06-03,143.88503314588232,144.93307974702813,141.49512401563555,142.396240234375,88570300
2022-06-06,144.01235806018857,145.52075950090375,141.92606935448035,143.140625,71598400
2022-06-07,141.3873963509184,145.94195473174813,141.14252729935507,145.6579132080078,67808200
2022-06-08,145.5305491597089,146.79406665216868,144.43354079753493,144.92327880859375,53950200
2022-06-09,144.0613237048235,144.91346299390733,139.60470516840178,139.7124481201172,69473000
2022-06-10,137.40092646925825,137.87107088214006,134.24701176433422,134.31558227539062,91437900
2022-06-13,130.1429810735186,132.4251621177248,128.74233746263164,129.17330932617188,122207100
2022-06-14,130.39763353725542,131.1420298533222,128.78148930777198,130.03521728515625,84784300
2022-06-15,131.53387967535357,134.52128569573054,129.44760509851972,132.65048217773438,91533000
2022-06-16,129.36920911544067,129.6728443246095,126.39159330904647,127.39066314697266,108123900
2022-06-17,127.40048374314352,130.34870189215334,127.14581035148301,128.85989379882812,134520300
2022-06-21,130.68169231513036,134.2469845261448,130.58375367786297,133.08140563964844,81000500
2022-06-22,132.0235786011109,134.93262385029735,131.16164978530637,132.5720977783203,73409200
2022-06-23,134.0119221215175,135.74558399228505,132.84634321517927,135.43215942382812,72433800
2022-06-24,137.0287064173905,138.99746302987265,136.90138468183136,138.75259399414062,89116800
2022-06-27,139.7712426067131,140.5450371291734,138.0767530642211,138.75259399414062,70207900
2022-06-28,139.21296287932694,140.47648065381134,134.50168455265504,134.6192169189453,67083400
2022-06-29,134.63877479951915,137.78288432606877,133.86498040570075,136.3724365234375,66242400
2022-06-30,134.4330767564404,135.53008505921423,131.02450456880948,133.91395568847656,98964500
2022-07-01,133.24794276909347,136.1863715256026,132.87575195629162,136.07862854003906,71051600
2022-07-05,134.94243962271915,138.70362462604172,134.11966825992553,138.65464782714844,73353800
2022-07-06,138.44897021265854,141.16210859174285,138.1845074474581,139.9867401123047,74064300
2022-07-07,140.34911940865916,143.54222096010838,140.33933002838788,143.34632873535156,66253700
2022-07-08,142.27867446652914,144.52168281438622,142.02401609395528,144.0221405029297,64547800
2022-07-11,142.68031255423233,143.63040577238007,140.82910292265402,141.896728515625,63141600
2022-07-12,142.768425199881,145.40321819395862,142.07300556646354,142.8663787841797,77588800
2022-07-13,140.05530730128564,143.44428658574307,139.20315284375937,142.50399780273438,71185600
2022-07-14,141.1229362743088,145.89298070687983,140.30996921418316,145.42283630371094,78140700
2022-07-15,146.7059565075189,147.763792686889,145.15838218653053,147.08795166015625,76259900
2022-07-18,147.64625063740658,148.4592176926782,143.68915834296686,144.05157470703125,81420900
2022-07-19,144.88415076369606,148.1262153340257,143.8948849564332,147.90093994140625,82982400
2022-07-20,148.01845513052425,150.56509951384282,147.2838478982926,149.8990478515625,64823400
2022-07-21,151.32906041419434,152.3771070356204,148.821603940378,152.16162109375,65086600
2022-07-22,152.20081233549695,153.0725455912705,150.26145356507448,150.927490234375,66675400
2022-07-25,150.849124954379,151.85798424989775,149.1546353044719,149.81088256835938,53623900
2022-07-26,149.13504463438227,149.94801169458665,147.70501771546552,148.4886016845703,55138700
2022-07-27,149.44849566558014,154.1010080911438,149.03711741300498,153.57208251953125,78620700
2022-07-28,153.758128174429,154.40458587882554,151.24088279184247,154.12054443359375,81378700
2022-07-29,157.93072824104914,160.2716754702952,156.22643448443253,159.17465209960938,101786900
2022-08-01,157.70548276904853,160.23253356212356,157.5879503888758,158.19522094726562,67829400
2022-08-02,156.81413161603723,159.07671904499605,156.35377664743476,156.72596740722656,59907000
2022-08-03,157.53896009762985,163.17094866506537,157.45081082004532,162.72039794921875,82507500
2022-08-04,162.6028441618955,163.7586338892835,161.05526991931026,162.40695190429688,55474100
2022-08-05,160.0823306929475,162.67173843719075,159.8763484441019,162.1813201904297,56697000
2022-08-08,163.18179581085533,164.59420304327227,161.05338198319762,161.71054077148438,60276900
2022-08-09,160.8768354992681,162.6423445061743,160.1215870695177,161.75958251953125,63135500
2022-08-10,164.46667794890814,166.0948703368816,163.70162657940335,165.99679565429688,70170500
2022-08-11,166.80110596451257,167.71329198279503,164.9669459141007,165.26119995117188,57149200
2022-08-12,166.56569547580565,168.87065273956517,166.1537308916434,168.802001953125,68039400
2022-08-15,168.23308330651162,170.06724280100903,168.06634289486433,169.87107849121094,54091700
2022-08-16,169.4689479524639,170.38113378052608,168.37041574061854,169.7141571044922,56377100
2022-08-17,169.45912928634104,172.77434653771422,169.26296497615442,171.20501708984375,79542000
2022-08-18,170.42036968678258,171.54832585930868,169.80243780169835,170.8126983642578,62290100
2022-08-19,169.71418188591318,170.4105825645676,168.02714147630917,168.23312377929688,70346300
2022-08-22,166.43816395511286,166.6049043800519,163.9370276482697,164.35879516601562,69026800
2022-08-23,163.87819481513557,165.47696339789675,163.4564272588674,164.0253143310547,54147100
2022-08-24,164.11359750144874,164.88845187937156,163.06409508904346,164.31956481933594,53841500
2022-08-25,165.54556098537438,166.87949904444207,165.12380853101578,166.7716064453125,51218200
2022-08-26,167.3013082441995,167.7721056277997,160.42563400937078,160.48448181152344,78961000
2022-08-29,158.06182659509352,159.7782908024648,156.7573269679059,158.2874298095703,73314000
2022-08-30,159.02308781449068,159.44484048815386,154.69759359071182,155.8647918701172,77906200
2022-08-31,157.23795081091825,157.50278094726974,154.1286998362425,154.20716857910156,87991100
2022-09-01,153.6382414104045,155.38412932683354,151.70599214901193,154.93295288085938,74229900
2022-09-02,156.6886565527691,157.286967514474,152.00025851175562,152.82415771484375,76957800
2022-09-06,153.4715206737186,154.07963464254792,150.7447958267751,151.56869506835938,73714800
2022-09-07,151.85316012640948,153.6676992214009,150.66634101658914,152.9713134765625,87449600
2022-09-08,151.67655864828822,153.36359865770876,149.75411248649127,151.50001525878906,84923800
2022-09-09,152.49069467763707,154.79566708651402,151.7844910019974,154.35427856445312,68028800
2022-09-12,156.53171708379904,161.11222243462,156.24728104104713,160.29812622070312,104956000
2022-09-13,156.8357585865151,157.46349338077283,150.43089710301157,150.8918914794922,122656600
2022-09-14,151.82370097735972,154.08944624806267,150.66632089509483,152.333740234375,87965400
2022-09-15,151.6863795720259,152.26508456095567,148.47905455230304,149.4500732421875,90481100
2022-09-16,148.3123702405349,148.4496868226992,145.5267817694543,147.8121337890625,162278800
2022-09-19,146.44872924023372,151.5981220543988,146.24276190884032,151.5196533203125,81474200
2022-09-20,150.4603364872082,155.05065980282333,150.14647654096675,153.8932647705078,107689800
2022-09-21,154.3248240736869,155.69800426701255,150.65650483896582,150.77420043945312,101696800
2022-09-22,149.45988650515864,151.50983141556574,148.0180554999838,149.81298828125,86652500
2022-09-23,148.2926712627535,148.56730428254153,145.71306650576898,147.54722595214844,96029900
2022-09-26,146.7920383807957,150.82327820825114,146.77241745430226,147.88076782226562,93339400
2022-09-27,149.81297617549825,151.75502830388234,147.0764338903238,148.85174560546875,84442700
2022-09-28,144.81072915722658,147.75323924438212,142.06438341593866,146.96856689453125,146691400
2022-09-29,143.3002265150421,143.90834038923484,137.9840792223541,139.7495880126953,128138200
2022-09-30,138.5725991267457,140.35772899315157,135.35545614892226,135.55162048339844,124925300
2022-10-03,135.5614611189966,140.32832857992096,135.05142179088293,139.72019958496094,114311700
2022-10-04,142.25077503845796,143.41797334923848,141.4955264315323,143.30027770996094,87830100
2022-10-05,141.3091461524557,144.55571313373582,140.26944671107276,143.594482421875,79471000
2022-10-06,143.0158044200555,144.7126478104947,142.43711432828448,142.64308166503906,68402200
2022-10-07,139.80847323243142,140.35775442140775,136.77769106151405,137.40542602539062,85925600
2022-10-10,137.7290802001953,139.17091126885134,135.91454138275128,137.7290802001953,74899000
2022-10-11,137.21901816017072,138.64124303543636,135.57122005048993,136.316650390625,77033700
2022-10-12,136.46383432846753,137.67025945099226,135.51242139642648,135.68896484375,70433700
2022-10-13,132.4031536839207,140.8383404618952,131.7950247428473,140.24984741210938,113224000
2022-10-14,141.54453406151188,141.75051634248345,135.5418185741853,135.72817993164062,88598000
2022-10-17,138.36663643162046,140.16155437004147,137.5819641011487,139.6809539794922,85250900
2022-10-18,142.70194639396894,143.88875049899616,137.91545818930572,140.9952850341797,99136600
2022-10-19,138.974750883936,142.1722730567363,138.78838952105372,141.10316467285156,61758300
2022-10-20,140.27927658716155,143.0942732786787,139.91635681145763,140.64218139648438,64522000
2022-10-21,140.13212478208789,145.0167019837592,139.916339525803,144.44781494140625,86548600
2022-10-24,144.36937374781388,147.35111109163424,143.20217553886908,146.5860595703125,75981900
2022-10-25,147.2137868289863,149.5678040506047,146.49778017936205,149.42066955566406,74732300
2022-10-26,148.06710843299678,149.07736899312695,145.20305222207165,146.4879608154297,88194300
2022-10-27,145.23248644302674,146.1937021462339,141.36798774070627,142.025146484375,109180200
2022-10-28,145.35999154749908,154.48177557471033,144.98728378991743,152.75550842285156,164762400
2022-10-31,150.22496108445085,151.2842665764986,149.0087181195706,150.40150451660156,97943200
2022-11-01,152.10814502054632,152.4710497811702,146.27217011734126,147.76303100585938,80379300
2022-11-02,146.0956258102425,149.25392123210702,142.2213237765035,142.25074768066406,93604600
2022-11-03,139.3376819611652,140.06350662558899,136.09111434862288,136.2186279296875,97918500
2022-11-04,139.59825507529519,140.16808578570755,132.02346880241154,135.9533233642578,140814800
2022-11-07,134.70559929239224,136.70981865595215,133.29084915754692,136.48385620117188,83374600
2022-11-08,137.9477566640864,138.94985902565782,135.07896394018204,137.0537109375,89908500
2022-11-09,136.07121539704306,136.12034157773797,132.22977893126608,132.50486755371094,74917800
2022-11-10,138.7631880310501,144.29444885253906,137.0536956773793,144.29444885253906,118854000
2022-11-11,143.26284999283982,147.37935990276293,141.83826577346156,147.07479858398438,93979700
2022-11-14,146.3576203774582,147.64464544159856,144.84461786588682,145.67971801757812,73374100
2022-11-15,149.55065357357725,150.8966242970365,145.95483216140596,147.40887451171875,89868300
2022-11-16,146.51481993344615,147.24183349471545,144.70707528826344,146.18077087402344,64218300
2022-11-17,143.86218666008645,148.82363252503697,143.58709795786277,148.07696533203125,80389400
2022-11-18,149.6390649453273,150.0222252429551,147.3401031595605,148.63694763183594,74829600
2022-11-21,147.5267189168743,147.733027851429,145.12950564069578,145.41441345214844,58724100
2022-11-22,145.53236323934706,147.7821986794849,144.3533947208252,147.54640197753906,51804100
2022-11-23,146.82923559559399,149.16750461394776,146.7211639605135,148.42083740234375,58301400
2022-11-25,145.70918504900035,146.2691965387926,144.5400508786952,145.5126953125,35195900
2022-11-28,142.59478278627932,144.06847835661756,140.86565204725017,141.69091796875,69246000
2022-11-29,141.7596944766532,142.27057984792378,137.8887997144492,138.6944122314453,83763800
2022-11-30,138.9203437218135,146.11198429763354,138.08525867650403,145.43408203125,111380900
2022-12-01,145.61094536816785,146.51481013470644,144.03899751867118,145.7091827392578,71250400
2022-12-02,143.40040769964443,145.4046270438478,143.09583136119605,145.21795654296875,65447400
2022-12-05,145.17867816271277,148.27343309869434,143.21375058654476,144.0586700439453,68826400
2022-12-06,144.49095300364328,144.71691547188212,139.43125562304482,140.40390014648438,64727200
2022-12-07,139.69650913090823,140.85580904494128,137.54491133359693,138.4684295654297,69721100
2022-12-08,139.8635600853956,141.00322179654424,138.62566097989853,140.14846801757812,62128300
2022-12-09,139.84388950557997,143.01725827820258,138.42913927736055,139.66705322265625,76097000
2022-12-12,140.19754337716597,141.9659807375352,138.5863037802082,141.95616149902344,70462700
2022-12-13,146.87834983755218,147.34010905974955,141.71059523341404,142.9190216064453,93886200
2022-12-14,142.8011107216781,144.0881358235322,138.68458524913544,140.69863891601562,82291200
2022-12-15,138.63545090272245,139.3133532425607,133.6445335943197,134.10629272460938,98931900
2022-12-16,134.29296269794702,135.23611943482993,131.38486361161162,132.15118408203125,160156900
2022-12-19,132.74066180080095,132.82907992971283,129.01713123497163,130.0487060546875,79592600
2022-12-20,129.08587408244605,130.91325672721703,127.6121788847663,129.97991943359375,77432800
2022-12-21,130.64802045895354,134.41085828161889,130.42205800232537,133.07470703125,85928000
2022-12-22,131.99401195090732,132.20032094511618,128.0150307307424,129.9111785888672,77852100
2022-12-23,128.62416529925937,130.09786107261186,127.36661277196195,129.5476837158203,63814900
2022-12-27,129.07609558176017,129.1055682957193,126.46273834186272,127.74976348876953,69007800
2022-12-28,127.39606774936588,128.73221899747332,123.66271014073895,123.82972717285156,85438400
2022-12-29,125.74552617249073,128.19185867326428,125.4900910087302,127.33712005615234,75703700
2022-12-30,126.15820060973721,127.67118851090429,125.19538263157119,127.65153503417969,77034200
2023-01-03,127.99538262842435,128.6045053870652,121.99252821247748,122.87674713134766,112117500
2023-01-04,124.66483150899292,126.4037966398773,122.886574422074,124.14412689208984,89113600
2023-01-05,124.90061292758642,125.52938912334946,122.57217865426507,122.8276138305664,80962700
2023-01-06,123.80027430194448,128.00521096875735,122.69991206962038,127.34696197509766,87754700
2023-01-09,128.18204084518473,131.07048653770673,127.6122100970975,127.86764526367188,70790800
2023-01-10,127.9757103650532,128.958174020526,125.87323874198964,128.43746948242188,63896200
2023-01-11,128.94838439618852,131.16874737067045,128.1722445262406,131.14910888671875,69458900
2023-01-12,131.5322547782573,131.90558081812333,129.13504077259947,131.07049560546875,71379600
2023-01-13,129.71469801537842,132.55401787873402,129.35119119619432,132.39682006835938,57809700
2023-01-17,132.4655864864573,134.88243886666353,131.77786487384603,133.55612182617188,63646600
2023-01-18,134.42069543585905,136.1792989256054,132.6620769549058,132.83892822265625,69672800
2023-01-19,131.72873868777404,133.86068318245066,131.4241773301355,132.8978729248047,58280400
2023-01-20,132.90769302903612,135.59964906296133,131.86628386729487,135.4522705078125,80223600
2023-01-23,135.6979103035641,140.80673462294286,135.48176704430378,138.63548278808594,81760300
2023-01-24,137.84949253259393,140.64952034187644,137.83967329148908,140.0305633544922,66435100
2023-01-25,138.41932337339787,139.93231102042415,136.37579688239575,139.372314453125,65799300
2023-01-26,140.65936144448216,141.72042430582104,139.4116280346841,141.43551635742188,54105100
2023-01-27,140.64951214628343,144.64813175929368,140.57091324840124,143.3709259033203,70555800
2023-01-30,142.41799142868322,142.99764160460052,140.3449917396537,140.4923553466797,64015300
2023-01-31,140.19756045993424,141.8088002532181,139.78492752410364,141.75967407226562,65874500
2023-02-01,141.44532609516176,144.03903014040526,138.84180280794712,142.8797149658203,77663600
2023-02-02,146.2888275489756,148.52884341135578,145.57163330132713,148.1751708984375,118339000
2023-02-03,145.43409313083382,154.6201342687517,145.23760339877686,151.79063415527344,154357300
2023-02-06,149.8945101165513,150.41521473457135,148.13589150827315,149.06922912597656,69858300
2023-02-07,147.99834440627268,152.50784959474223,147.99834440627268,151.93801879882812,83322600
2023-02-08,151.18154087876943,151.86926257026718,148.51905726950346,149.2559051513672,64120100
2023-02-09,151.083246261921,151.62360422246954,147.78216807435706,148.22427368164062,56007100
2023-02-10,147.06324691592152,148.913088785703,146.82709018156558,148.58837890625,57450700
2023-02-13,148.52933886882354,151.78625678187208,148.49982115470684,151.38284301757812,62199000
2023-02-14,149.68054257567448,151.30409157346335,148.44075380707582,150.74322509765625,61707600
2023-02-15,150.6546952720313,153.00636811059493,150.42838780610393,152.83909606933594,65573800
2023-02-16,151.04826665403036,153.82305157694913,150.8908438680814,151.2450714111328,68167900
2023-02-17,149.90689371085574,150.54646418705764,148.43094798353164,150.1036834716797,59144100
2023-02-21,147.79138776370112,148.87375415444836,146.0300988341385,146.09896850585938,58867200
2023-02-22,146.4826819914061,147.54536466728035,144.80011234851025,146.5220489501953,51011300
2023-02-23,147.68314896878456,147.92913996180903,144.87886065676489,147.00421142578125,48394200
2023-02-24,144.75092512234477,144.8296440334222,143.38321594733068,144.3573455810547,55469600
2023-02-27,145.3413038601465,146.7778826433076,145.08546365545737,145.5479278564453,44998500
2023-02-28,144.69188448050687,146.68932985809187,144.47541123636594,145.04611206054688,50547000
2023-03-01,144.47539591550134,144.8689754008769,142.68457472462396,142.97976684570312,55479000
2023-03-02,142.06468141879296,144.35731860288683,141.59236804059648,143.5701446533203,52238100
2023-03-03,145.66599039801153,148.6867663889097,144.96738452683869,148.60804748535156,70732300
2023-03-06,151.32379221822697,153.79355106354063,150.99909736370918,151.3631591796875,87558000
2023-03-07,151.2352451910372,151.55995507278075,148.70646582947896,149.16893005371094,56182000
2023-03-08,150.35951315538156,151.00893289820618,149.39523278864294,150.41854858398438,47204800
2023-03-09,151.09748364556307,152.06176399701366,147.82088228318355,148.17510986328125,53833600
2023-03-10,147.8011910673905,148.51948035027368,145.24287949222287,146.1186065673828,68572400
2023-03-13,145.43968998615728,150.6842189540097,145.33145336527863,148.05703735351562,84457100
2023-03-14,148.85406081281639,150.94005952145656,147.69299059245188,150.14305114746094,73695900
2023-03-15,148.7654682431246,150.7924309816341,147.51583019026035,150.53660583496094,77167900
2023-03-16,149.71994010489203,153.9509875803486,149.20827470890512,153.35076904296875,76161100
2023-03-17,153.57707174404283,154.22649145558808,151.80593390078133,152.51438903808594,98944600
2023-03-20,152.5832627325511,155.28916298853815,151.6780028890537,154.87588500976562,73641400
2023-03-21,154.79720820376127,156.84383990664745,154.02970254755692,156.72576904296875,73938300
2023-03-22,156.74542384346483,159.53987720924363,155.27931249330243,155.2989959716797,75701800
2023-03-23,156.28297554136526,158.9593583364734,155.15140813839363,156.38136291503906,67622100
2023-03-24,156.31251228008384,157.76877470893055,155.31871410467124,157.6802215576172,59196500
2023-03-27,157.37517430078694,158.19186606543823,155.33836200567538,155.74179077148438,52390300
2023-03-28,155.4367475403247,155.9484128704115,153.4786543640599,155.1218719482422,45992200
2023-03-29,156.8143056879684,158.46737267599337,156.7946372221569,158.19186401367188,51305700
2023-03-30,158.93967116064357,159.86459953343115,158.68384597812414,159.75636291503906,49501700
2023-03-31,159.83510289651463,162.35404815041076,159.31360321570477,162.25564575195312,68749800
2023-04-03,161.63573905142377,163.62333513475417,161.58653785817188,163.50526428222656,56976200
2023-04-04,163.92833808360348,164.1644797332799,162.46222694746066,162.97389221191406,46278300
2023-04-05,162.09819114468434,162.4032175003463,159.2053353608918,161.13389587402344,51511700
2023-04-06,159.82525040692016,162.31469290771022,159.40215313314846,162.01950073242188,45390100
2023-04-10,158.8314221542027,159.431640625,157.5129143705151,159.431640625,47716900
2023-04-11,159.7465367378167,159.75637097122245,157.93603184667685,158.2213897705078,47644200
2023-04-12,158.6346580327857,159.46118408911326,157.2177476424543,157.53262329101562,50133100
2023-04-13,159.03807402297244,163.14120127307194,158.83143501847854,162.90504455566406,68445600
2023-04-14,161.9506011686896,163.65286938363687,161.19295983913122,162.5606689453125,49386500
2023-04-17,162.44259843625022,162.73779061232008,161.39959909302152,162.58035278320312,41516200
2023-04-18,163.43639900098648,164.7253892225956,162.99360326395418,163.8004608154297,49923000
2023-04-19,163.14122346923992,165.4633789570219,162.885383237049,164.94187927246094,47720200
2023-04-20,163.42655222639002,165.17800667808302,162.90505258707114,163.97756958007812,52456400
2023-04-21,162.40320545287983,163.78074857435575,161.85218820428946,162.37368774414062,58337300
2023-04-24,162.35404681853836,162.94443117624493,161.26184626664974,162.6787567138672,41949600
2023-04-25,162.54101060503098,163.64304544690907,161.10441660264104,161.14378356933594,48714100
2023-04-26,160.44512426219072,162.62952495549953,160.18929909610858,161.13389587402344,45498800
2023-04-27,162.5409858833323,165.85693915334915,162.5409858833323,165.7093505859375,64902300
2023-04-28,165.78806481489534,167.12625617335198,165.1878463008649,166.95896911621094,55275900
2023-05-01,166.56538074727197,167.71661652166532,165.93564455408003,166.8704071044922,52472900
2023-05-02,167.36242742401706,167.6182676642773,164.85331630714083,165.8372802734375,48425700
2023-05-03,166.7818533947913,168.17908009941613,164.47938185396285,164.7647247314453,65136000
2023-05-04,162.24580144031648,164.36131774887434,161.67510059572527,163.13136291503906,81235400
2023-05-05,168.23815821665508,171.50492585877407,168.0216849384858,170.78663635253906,113453200
2023-05-08,169.71408033203093,171.06212101363838,169.35001851271124,170.7177276611328,55962800
2023-05-09,170.27492954930042,170.75706217667226,168.84818511789587,169.0154571533203,45326900
2023-05-10,170.24541483030967,171.23921282792068,169.14336520388548,170.77674865722656,53724500
2023-05-11,171.06211698775132,171.79024060925457,169.40904995436452,170.96371459960938,49514700
2023-05-12,171.07208510437357,171.50563041723674,168.49053896760506,170.03750610351562,45533100
2023-05-15,170.6188460048669,170.66811525184778,168.95364468701064,169.5448455810547,37266700
2023-05-16,169.46601779285794,170.5991352991019,169.27880367524853,169.5448455810547,42110300
2023-05-17,169.19013234108013,170.39221479568312,167.91905489711874,170.15574645996094,57951600
2023-05-18,170.46119076780954,172.6683237371227,170.04735615510018,172.48110961914062,65496700
2023-05-19,173.80142270664055,173.80142270664055,172.37270490292832,172.5894775390625,55809500
2023-05-22,171.42681253611994,172.14611049896482,170.90459157041087,171.64358520507812,43570900
2023-05-23,170.58931050155752,170.83564173486545,168.7664533611328,169.04234313964844,50747300
2023-05-24,168.57924358561866,169.8897275849513,168.01761617725649,169.3182373046875,45143500
2023-05-25,169.87986475065702,171.34798918728478,169.17042964019168,170.45135498046875,56058300
2023-05-26,170.77650880236848,173.19055165787438,170.56958397024448,172.85552978515625,54835000
2023-05-30,174.36311323589106,176.36332172139132,173.9788370991414,174.6981201171875,55964400
2023-05-31,174.72767728843633,176.7180379211288,174.16603484344822,174.6488494873047,99625300
2023-06-01,175.0922027756249,177.47668683522244,174.33349851829678,177.44712829589844,68901800
2023-06-02,178.37336820267623,179.11236188910445,176.62933889294345,178.29454040527344,61996900
2023-06-05,179.949884959394,182.2358308287415,175.4272324012079,176.94464111328125,121946500
2023-06-06,177.328904296753,177.4766970018392,174.82617090162998,176.58006286621094,64848400
2023-06-07,175.82139167098399,178.55074607277277,174.71783250558175,175.2104949951172,61944600
2023-06-08,175.2892595209165,178.1861165677113,174.85572927872582,177.9200897216797,50214900
2023-06-09,178.83646640490514,179.5557493602978,177.97923856717878,178.3043975830078,48900000
2023-06-12,178.60981180571443,181.1913576973854,178.31421139002148,181.0928192138672,54274900
2023-06-13,180.11737806569877,181.4475575367352,179.76266053311636,180.61988830566406,54929100
2023-06-14,180.67899811094975,181.68403358526143,179.34881869349235,181.25048828125,57462900
2023-06-15,181.26036948430115,183.78279874291368,181.08300318978328,183.2802734375,65433200
2023-06-16,183.98968846409701,184.245882524342,181.56579797087073,182.2062530517578,101256200
2023-06-20,181.70373606119196,183.3689372512462,181.70373606119196,182.294921875,49799100
2023-06-21,182.18656875714527,182.68909408055805,179.91047063421516,181.2603759765625,49515700
2023-06-22,181.0435838743865,184.3050065515812,180.97460392176268,184.2557373046875,51245300
2023-06-23,182.82700770116728,184.807505007212,182.29492392440986,183.94041442871094,53117000
2023-06-26,184.0882365039062,185.29033397781694,182.51171079012911,182.55113220214844,48088700
2023-06-27,183.1620330683905,185.6253451571229,182.94526040179295,185.30018615722656,50730800
2023-06-28,185.17209649255778,187.11318769857849,184.84695251457532,186.4727325439453,51216800
2023-06-29,186.3052137668684,187.2806907250245,186.16726889716722,186.80772399902344,46347300
2023-06-30,188.81777221441135,191.62593851624817,188.45319186108497,191.12342834472656,85213200
2023-07-03,190.93624105216273,191.0347795474039,188.9458807202263,189.6356201171875,31458200
2023-07-05,188.75868490984942,190.1479814937267,187.82261429340878,188.52220153808594,46920300
2023-07-06,187.05405664400223,189.20207252866174,186.42344937265386,188.99514770507812,45094300
2023-07-07,188.60102706839623,189.84253092683244,187.4481988352347,187.88172912597656,46815000
2023-07-10,186.4825418141745,187.2018396490787,184.2951198418446,185.8420867919922,59922200
2023-07-11,186.38402246734722,186.52196732292174,183.86159365977753,185.3198699951172,46638100
2023-07-12,186.89638625272656,188.88674640306317,185.7041517573503,186.98507690429688,60750200
2023-07-13,187.7043680387378,188.38424453327508,186.99493300399138,187.7437744140625,41342300
2023-07-14,187.4383302857117,188.37438582770977,186.8471444335954,187.89158630371094,41616200
2023-07-17,189.08384794751433,191.46834750746484,188.9951723122315,191.1431884765625,50520200
2023-07-18,190.51254970289233,191.4781637647375,189.5961898515042,190.886962890625,48288200
2023-07-19,190.26625801592914,195.320964896157,189.822849750849,192.23690795898438,80507300
2023-07-20,192.22701989757815,193.58677299126168,189.67503216410122,190.29579162597656,59581200
2023-07-21,191.25153499324207,192.10876269219432,188.42364281090323,189.12322998046875,71951700
2023-07-24,190.57164355889253,192.04963052919288,189.4286633601603,189.92132568359375,45377800
2023-07-25,190.49282690419068,191.58653792745972,190.08884016702333,190.778564453125,37283200
2023-07-26,190.82785426220883,192.7689453418544,190.48299959942145,191.6456756591797,47471900
2023-07-27,193.1433729163405,194.30604897209747,189.72429463258098,190.38446044921875,47460200
2023-07-28,191.81319626670884,193.74443968391378,191.2909752730755,192.9561767578125,48291400
2023-07-31,193.1827862905988,193.60648379116893,192.39452340931743,193.5670623779297,38824100
2023-08-01,193.3601546102926,193.842954166062,192.41423613585215,192.73939514160156,35175100
2023-08-02,192.17773571935334,192.3156805851802,189.03456234552243,189.75384521484375,50389300
2023-08-03,188.75868668614032,189.54693452970886,187.8915960163783,188.3645477294922,61235200
2023-08-04,182.79748597555601,184.63019095429203,179.25031019901363,179.3192901611328,115956800
2023-08-07,179.45723692919626,180.4425618735659,174.7473848978987,176.22537231445312,97576100
2023-08-08,177.0530363874442,177.6245266423458,174.97400021533483,177.1614227294922,67823000
2023-08-09,178.21565972070235,178.27477679249466,174.41230607517141,175.5749969482422,60378500
2023-08-10,176.84611157664116,178.097478428752,174.9937109597073,175.3582763671875,54686900
2023-08-11,174.95375100085724,176.23639103718068,174.19402209160106,175.41746520996094,52036700
2023-08-14,175.59503330985302,177.29208151781367,174.943837241764,177.06515502929688,43675600
2023-08-15,176.49291042563854,177.08489459113486,174.68732936330193,175.0819854736328,43622600
2023-08-16,174.76626971305478,176.15744233651847,174.14467201512105,174.2137451171875,46964900
2023-08-17,174.77615243783515,175.1412101505236,171.1649897406694,171.6780548095703,66062900
2023-08-18,170.0007213782545,172.76335939467492,169.6652621694116,172.1614990234375,61172200
2023-08-21,172.73378585948967,173.77963828216437,171.42153223598535,173.49349975585938,46311900
2023-08-22,174.69719959083847,175.30892111024494,173.89801113995804,174.86492919921875,42038900
2023-08-23,176.13770818549477,179.12727253692543,175.95024126986627,178.7030029296875,52722800
2023-08-24,178.25903609639087,178.68330576322634,173.66121814414575,174.0262908935547,54945800
2023-08-25,175.0129045232152,176.759273390786,173.473724817143,176.2264862060547,51449600
2023-08-28,177.68674410027091,178.1800717356574,176.16730160755293,177.78541564941406,43820700
2023-08-29,177.30199404892278,182.43259974524452,177.10466595582741,181.6630096435547,53003900
2023-08-30,182.47203136515444,185.34320186637345,182.27470331859433,185.14585876464844,60813900
2023-08-31,185.33334709899387,186.59626480914432,184.97815055206615,185.36294555664062,60794500
2023-09-01,186.96134589549212,187.38560051082152,185.76748618147488,186.93174743652344,45766500
2023-09-05,185.76745412260553,187.44476508042712,185.10639689444145,187.1685028076172,45280000
2023-09-06,185.88585963952747,186.32986658571798,179.04834537431464,180.46913146972656,81755800
2023-09-07,172.84227669356144,175.83185624974686,171.22416252451072,175.19052124023438,112488800
2023-09-08,175.96997548136457,177.83475336123297,175.4174358773743,175.80223083496094,65551300
2023-09-11,177.66706953016848,177.8939960879197,174.97348907813478,176.96653747558594,58953100
2023-09-12,177.09477490699047,177.72623373133553,172.487096210491,173.9473419189453,90370200
2023-09-13,174.15453395453247,174.93400012779577,171.65829707262085,171.88523864746094,84267900
2023-09-14,171.67803539320033,173.75001770449512,171.26364194197464,173.3948211669922,60895800
2023-09-15,174.12494522635322,174.14468255030425,171.5004532372104,172.674560546875,109259500
2023-09-18,174.12494029407293,176.98624997924455,173.8190795297471,175.59506225585938,67257600
2023-09-19,175.1510856525732,177.23292932503867,174.76629061620125,176.68040466308594,51826900
2023-09-20,176.86785847407558,177.3019893003594,173.05936766417838,173.14817810058594,58436200
2023-09-21,172.22069958579337,173.94734650075085,171.53990496478352,171.6089630126953,63149100
2023-09-22,172.33911043282527,174.71695374662696,171.7273888544839,172.45750427246094,56725400
2023-09-25,171.87535356826675,174.6083930174941,171.82601779128095,173.7302703857422,46172700
2023-09-26,172.48708745695123,172.86200623492672,169.36925308333926,169.66525268554688,64588900
2023-09-27,170.31646332448594,170.7308568174817,166.79411110643792,168.1556854248047,66921800
2023-09-28,167.0801950701548,169.73430008001054,165.38314684947002,168.4121856689453,56294400
2023-09-29,169.72448150635748,170.76047278128746,168.0668924554359,168.92529296875,51861100
2023-10-02,168.93509907845757,171.97399880268054,168.64896064883084,171.43133544921875,52164500
2023-10-03,169.96123409658216,171.31296207551728,168.54046313149794,170.099365234375,49594600
2023-10-04,168.80686354725646,171.88523853747708,168.68846972057472,171.3425750732422,53020300
2023-10-05,171.47083294671847,173.10868450108188,170.3756448658088,172.57589721679688,48527900
2023-10-06,171.48069938400815,175.61478762599208,170.86896284182788,175.1214599609375,57266700
2023-10-09,174.45055415802327,176.66066786762835,173.45403753652568,176.60147094726562,42390800
2023-10-10,175.72333700059065,177.32171396949087,175.57532965392068,176.00946044921875,43698000
2023-10-11,175.82198018511957,177.4499705441094,175.22999600880442,177.400634765625,47551100
2023-10-12,177.6670488234186,179.90674578858014,176.6507798893927,178.2985076904297,56743100
2023-10-13,178.99902980590412,179.5022186651883,175.76280113660414,176.4633331298828,51427100
2023-10-16,174.39134016768617,176.69024903281087,174.15453745424634,176.33505249023438,52517000
2023-10-17,174.2926830064713,176.03906740635364,172.46737941742194,174.7860107421875,57549400
2023-10-18,173.2369747453516,175.21028574818484,172.77324545527233,173.49349975585938,54764400
2023-10-19,173.69082297603654,175.466805839834,172.85217485644313,173.1185760498047,59302900
2023-10-20,172.97054807703984,173.07908076842247,170.33618008275127,170.57298278808594,64244000
2023-10-23,168.62926966195786,171.68789221712717,167.66233657820504,170.69137573242188,55980100
2023-10-24,170.74072378645857,171.35244533043914,169.16206908920728,171.12551879882812,43816600
2023-10-25,169.58633193718455,170.75057806188605,168.3727349771656,168.81674194335938,57157000
2023-10-26,168.0964746462511,169.0930062294273,163.459197305812,164.6629180908203,70625300
2023-10-27,164.68264263448572,166.70528904611524,164.60370840247674,165.97515869140625,58499100
2023-10-30,166.76450604315932,168.88580920893756,166.61649869462795,168.01754760742188,51131000
2023-10-31,167.09007075196132,168.619374328328,165.65940861123508,168.49111938476562,44846000
2023-11-01,168.71806981976965,171.90496247869652,167.849808268541,171.6484375,56934900
2023-11-02,173.17777741023195,175.4076134182441,173.11858048911532,175.20042419433594,77334800
2023-11-03,171.91485064572058,174.46042350768224,171.0367278993792,174.2926788330078,79829200
2023-11-06,174.02626772873157,177.03555436857033,173.858538133294,176.83822631835938,63841300
2023-11-07,176.7889073081916,180.00541354681909,176.58171810512866,179.39369201660156,70530000
2023-11-08,179.91661457451394,181.00192645947115,179.16674685036813,180.44940185546875,49340300
2023-11-09,180.51844768984608,181.6629563158929,179.38378514108624,179.9757843017578,53763500
2023-11-10,181.75413731292954,184.3228271167955,181.31943456996746,184.1548614501953,66133400
2023-11-13,183.58186108306094,183.7893232540613,181.9912524470517,182.5741424560547,43627500
2023-11-14,185.43917491856425,185.84424013993512,184.05604376632093,185.18231201171875,60108400
2023-11-15,185.58736101326681,187.21748080558552,185.51819692419994,185.74542236328125,53790500
2023-11-16,187.2866746678448,188.6599317940755,186.37774261703024,187.42498779296875,54412900
2023-11-17,187.9584954748911,188.08693448765234,186.29873780998344,187.40524291992188,50922700
2023-11-20,187.60280481288592,189.59847845797387,187.5929306882813,189.14401245117188,46505100
2023-11-21,189.10452557023848,189.21320125507725,187.45464204586924,188.3437957763672,38134500
2023-11-22,189.18354656200316,190.60618938615343,188.53149251239262,189.00570678710938,39617700
2023-11-24,188.57102324664504,188.60066069963858,186.97054048498805,187.68186950683594,24048300
2023-11-27,187.6324520630897,188.37341847212542,186.62473352580105,187.50401306152344,40552600
2023-11-28,187.49414676130317,188.77849160556613,187.11871894105684,188.10667419433594,38415400
2023-11-29,188.60060499036513,189.77627386184204,186.69385906099282,187.0890350341797,43014200
2023-11-30,187.55340318726755,188.02763251612237,185.92328320995222,187.66207885742188,48794400
2023-12-01,188.0375263099119,189.25270705783993,186.95076949469112,188.9365692138672,45704800
2023-12-04,187.69175492742627,187.76091903857423,185.19222907454912,187.14837646484375,43389500
2023-12-05,187.9189436108549,192.05846275973386,187.8892910892655,191.09027099609375,66628400
2023-12-06,192.1079050949125,192.41416882595195,189.79609331061306,190.00357055664062,41089700
2023-12-07,191.29780863526577,192.65130270720775,191.25828197732412,191.9300994873047,47477700
2023-12-08,191.86091528323507,193.629363703371,191.33730018286,193.3527374267578,53406400
2023-12-11,190.78403090604945,191.15945870925907,189.11438419177532,190.85317993164062,60943700
2023-12-12,190.75440470261375,192.3746507369947,189.4107849369075,192.36477661132812,52696900
2023-12-13,192.74018081786602,195.61513413450965,192.50308121236986,195.57562255859375,70404200
2023-12-14,195.63487305941916,197.21559217390634,193.79727597101643,195.72378540039062,66831600
2023-12-15,195.1508267360026,196.01034310022396,194.6272115859594,195.1903533935547,128538400
2023-12-18,193.72812085100188,194.2616250715381,192.04860011875655,193.53053283691406,55751900
2023-12-19,193.79731295132126,194.5777909959987,193.53056080250687,194.5679168701172,40714100
2023-12-20,194.52836624027822,195.29897006409448,192.48330688476562,192.48330688476562,52242800
2023-12-21,193.73803856316968,194.70623052718972,191.16934877699248,192.3351287841797,46482500
2023-12-22,192.82908334808235,193.05632389177538,190.64571085868127,191.26812744140625,37149600
2023-12-26,191.27801448490152,191.55464074590694,190.5074106042434,190.72476196289062,28919300
2023-12-27,190.17149315937536,191.16932243864449,188.78834689776542,190.8235321044922,48087700
2023-12-28,191.80163510638113,192.31537606668746,190.84331729052167,191.24838256835938,34049900
2023-12-29,191.56453833112627,192.05851601127358,189.42067700828724,190.21104431152344,42672100
