Date,Open,High,Low,Close,Volume
2015-01-02,39.52246829324134,40.166210463492945,39.42082547292098,39.60717010498047,27913900
2015-01-05,39.27684068003301,39.58177246660181,39.17519782823274,39.24296188354492,39673900
2015-01-06,39.28528996016405,39.59869045583667,38.57378394893018,38.66695785522461,36447900
2015-01-07,38.94650250026539,39.35307717529689,38.53145893314019,39.158260345458984,29114100
2015-01-08,39.59870865804818,40.44573985928985,39.57329875598457,40.31021499633789,29645200
2015-01-09,40.327155999250174,40.50503177599165,39.72576462198083,39.97140121459961,23944200
2015-01-12,40.16621831640922,40.26786438776945,39.26836730423394,39.47165298461914,23651900
2015-01-13,39.78505346219784,40.58126156622329,39.01425525825986,39.26836395263672,35270600
2015-01-14,38.9295654296875,39.166736437531576,38.641574601795035,38.9295654296875,29719600
2015-01-15,39.149795895019764,39.28532080207261,38.46369923553234,38.52299118041992,32750800
2015-01-16,38.378989601074785,39.20060776990832,38.260402504168006,39.16672897338867,35695300
2015-01-20,39.21754452738084,39.51400739071998,38.59921212944626,39.29377746582031,36161900
2015-01-21,38.91262812195872,39.08203507766216,38.52299438565906,38.895687103271484,39081100
2015-01-22,39.28530465636376,39.92904689250361,39.03119596397086,39.92057800292969,35898000
2015-01-23,40.115394633103314,40.14080453290265,39.641056039456025,39.962928771972656,26211600
2015-01-26,39.81046650397874,39.92058146499327,39.166724212011125,39.81893539428711,42525500
2015-01-27,36.379989639410056,36.59174743331679,35.66848332263674,36.13434982299805,169164000
2015-01-28,36.20210657529643,36.24445747931292,34.86379603644066,34.88920593261719,84507100
2015-01-29,34.668975239036186,35.67694085389702,34.55039142918979,35.58376693725586,63585300
2015-01-30,35.194154057486166,35.219567196705,34.177715730278635,34.220069885253906,78004900
2015-02-02,34.380992363639145,35.041675585463274,34.07606065166887,34.9654426574707,50352500
2015-02-03,35.26190146950367,35.51601012352092,34.770621938059065,35.236488342285156,52082400
2015-02-04,35.52449065373426,35.75318948664794,35.0332141924577,35.439788818359375,41614800
2015-02-05,35.76165372614775,36.117405233707466,35.45672201614388,35.95647048950195,36548200
2015-02-06,36.15130248604822,36.24447646238456,35.70237685224794,35.922603607177734,34616600
2015-02-09,35.778609968581094,36.202125694751395,35.75319682781625,35.880252838134766,31381100
2015-02-10,36.20212134398014,36.22753125052265,35.72778262445475,36.083534240722656,29670700
2015-02-11,36.12588127190473,36.12588127190473,35.75318548318488,35.89718246459961,38262500
2015-02-12,36.1343383111539,36.49856185913086,36.00728238282092,36.49856185913086,33268800
2015-02-13,36.74421629573954,37.15925979614258,36.54939949722027,37.15925979614258,40264900
2015-02-17,37.50901936605866,37.53461010434308,36.84363088319625,37.176326751708984,33695700
2015-02-18,37.21897869057536,37.27869258207726,37.01424302388096,37.133670806884766,27111700
2015-02-19,36.83509551200831,37.13366492220265,36.72419690786648,37.10807418823242,27603400
2015-02-20,37.11659237145161,37.43222651649837,36.92892162090012,37.415164947509766,29721100
2015-02-23,37.27868605003817,37.69668321730927,37.236033742748,37.66256332397461,32518800
2015-02-24,37.66257007588073,37.79052702069055,37.466363569678876,37.611385345458984,25271700
2015-02-25,37.49195412002599,37.61138189254964,37.363993932800504,37.52607727050781,29759800
2015-02-26,37.52607103576866,37.730803396319054,37.4407631737375,37.585784912109375,28957300
2015-02-27,37.64550553082068,37.70521941785624,37.244566642870915,37.406646728515625,33807700
2015-03-02,37.25309841931948,37.69668964999044,37.15073221352249,37.43224334716797,31924000
2015-03-03,37.15924212780946,37.38956839200494,36.75830345448835,36.92038345336914,31748600
2015-03-04,36.69008292205403,36.860695450840126,36.57918754438189,36.73273849487305,25748700
2015-03-05,36.74126746858505,36.88628925626694,36.528002622236556,36.775390625,23193500
2015-03-06,36.68155473225977,36.77539178828751,35.95645553340371,36.135597229003906,36248800
2015-03-09,35.99056236035054,36.79243999930585,35.99056236035054,36.55358123779297,32108000
2015-03-10,36.127058907202006,36.43416076612526,35.85408020019531,35.85408020019531,39159700
2015-03-11,36.09294303825606,36.14412451768106,35.69200409388965,35.811431884765625,32215300
2015-03-12,35.256926854658374,35.529905449724716,34.85598811945901,34.99247741699219,59992500
2015-03-13,34.719503036585294,35.376358877626,34.64272759401789,35.299583435058594,58007700
2015-03-16,35.37636099692499,35.521379478149996,35.21427768948276,35.4531364440918,35273500
2015-03-17,35.291059690833904,35.68346941265409,35.10338887169841,35.57257080078125,31673400
2015-03-18,35.34224695366369,36.53653127175811,35.256942325583935,36.25502014160156,44194800
2015-03-19,36.05028415178811,36.331795279394335,36.016164253363094,36.07587814331055,33879100
2015-03-20,36.30619918435085,36.664482471163915,36.24648530321534,36.57917785644531,71904500
2015-03-23,36.57918392157587,36.79244874789589,36.493876038550056,36.5621223449707,26246100
2015-03-24,36.493879158326685,36.82657179516096,36.46828841831275,36.596248626708984,25513300
2015-03-25,36.61329383414277,36.621826247199586,35.3507667971891,35.367828369140625,43469900
2015-03-26,35.16309631693891,35.495788837454114,34.9071759896237,35.154563903808594,37495600
2015-03-27,35.07779365943197,35.342243184940365,34.830408962715374,34.94983673095703,34401400
2015-03-30,35.0607348455166,35.436083008588625,34.898654755020964,34.941307067871094,35049700
2015-03-31,34.7877566756663,35.00102149737423,34.58302426915792,34.68539047241211,34887200
2015-04-01,34.63419520994832,34.77068452416258,34.386810565171295,34.73656463623047,36865300
2015-04-02,34.6853896231914,34.75363592646523,34.224736838581556,34.36975860595703,37487500
2015-04-06,34.412413405019464,35.64081766524579,34.27592404277209,35.44461441040039,39223700
2015-04-07,35.495797574723994,35.751714710870914,35.239880438577075,35.42755126953125,28809400
2015-04-08,35.367836683418865,35.5640399257417,35.00955335069791,35.33371353149414,24753400
2015-04-09,35.18869209865646,35.50432309237585,35.18869209865646,35.38489532470703,25723900
2015-04-10,35.512850863911446,35.785829512655546,35.32517682258906,35.58962631225586,28022000
2015-04-13,35.316650217869785,35.87966912839641,35.30811780401318,35.623748779296875,30276700
2015-04-14,35.657875604239436,35.85407883906686,35.30812144577965,35.5299186706543,24244400
2015-04-15,35.62375191088052,36.22089402100182,35.5555088648407,36.0502815246582,27343600
2015-04-16,35.785846992908134,36.11853968018971,35.67494834575968,35.964988708496094,22509700
2015-04-17,35.54697054075922,35.60668767059016,35.11191183886352,35.50431823730469,42387600
2015-04-20,35.5981568200118,36.826560785899815,35.55550451468501,36.604766845703125,46057700
2015-04-21,36.68154872774834,36.80950892032425,36.28060982822921,36.374446868896484,26013800
2015-04-22,36.400041235549146,36.79245101330357,36.29767502377822,36.67302322387695,25064300
2015-04-23,36.58770327011684,37.20190684652364,36.510927823065984,36.971580505371094,46309500
2015-04-24,38.9506958955117,41.06628302458459,38.942166732506735,40.83595657348633,130933700
2015-04-27,40.28998824403737,41.0577428756005,40.28145908331458,40.972434997558594,59248200
2015-04-28,40.75916361445799,41.97903841346363,40.69092057718614,41.93638610839844,60730800
2015-04-29,41.561041615449305,42.06434662941566,41.37336756659877,41.85108184814453,47804600
2015-04-30,41.54398257368464,42.26055241258206,41.45867470348107,41.4927978515625,64725500
2015-05-01,41.44162175628123,41.69753889174516,41.28807082417028,41.509864807128906,38937300
2015-05-04,41.26247234819506,41.68900194566623,41.100392272654545,41.15157699584961,34039500
2015-05-05,40.79329159270753,41.08333185733731,40.358232822844194,40.60561752319336,50369200
2015-05-06,40.58002710773022,40.750639603709125,39.25778595867842,39.47957992553711,52433000
2015-05-07,39.471044438816236,40.17055263146835,39.3772074183596,39.837860107421875,32971700
2015-05-08,40.562965233550905,40.92978095824322,40.53737449829975,40.733577728271484,35364900
2015-05-11,40.56295946734023,40.870061263348816,40.40940856933594,40.40940856933594,24609400
2015-05-12,39.96583099360305,40.6738718470651,39.599015196728566,40.39236068725586,29928300
2015-05-13,41.10892911228733,41.219827739512205,40.58003322378613,40.63121795654297,34184600
2015-05-14,40.9724374114417,41.64635504394387,40.9724374114417,41.56105041503906,32980900
2015-05-15,41.68900999310317,41.723133148486845,40.98950157855387,41.20276641845703,28642700
2015-05-18,40.929784933650005,41.134520598032694,40.614153902966216,40.95537567138672,24136500
2015-05-19,40.83517586786728,41.04982670201759,40.50890568287151,40.85234832763672,28574800
2015-05-20,40.68921159748293,41.15285818532244,40.58618011417809,40.85234832763672,25047900
2015-05-21,40.59476188559085,40.869514672186504,40.362938607779846,40.7149658203125,22410700
2015-05-22,40.61192913921904,40.65485864250172,40.19980001214528,40.268489837646484,25720600
2015-05-26,40.208381690723236,40.25131118739992,39.65887299720546,40.002315521240234,29581900
2015-05-27,40.19980024237086,41.0154739106577,40.028078952945556,40.87809753417969,27335600
2015-05-28,40.783652161357594,41.23012622016139,40.68920528493411,40.74072265625,19283700
2015-05-29,40.72355739798349,40.843761343658116,40.00233044862387,40.234153747558594,36519600
2015-06-01,40.405869314322814,41.01547682353068,40.02808179569485,40.55183029174805,28837300
2015-06-02,40.294243840536254,40.6548555712418,40.02807569979342,40.2856559753418,21498300
2015-06-03,40.67202944155309,40.98971495858422,40.19979837406406,40.225555419921875,28002200
2015-06-04,40.17403968150418,40.49172191020275,39.6674637234282,39.804840087890625,27745500
2015-06-05,39.761919615526125,39.9422255206983,39.35837502034987,39.6159553527832,25438100
2015-06-08,39.75331561654472,39.86493491625167,39.21239484522215,39.263912200927734,22121600
2015-06-09,39.28967598005107,39.44422479836558,39.032095707963855,39.19523239135742,24406100
2015-06-10,39.31543878631888,40.20838684298218,39.229576506652556,40.019493103027344,28417400
2015-06-11,40.06242892600733,40.28566433773832,39.60737023556823,39.87353515625,27347800
2015-06-12,39.6846405745693,39.89929137252727,39.409887815207995,39.46998977661133,23931000
2015-06-15,39.02351358364006,39.19523486765091,38.6543139693756,39.04927062988281,33254500
2015-06-16,38.93765244722317,39.70181201974231,38.894722943787784,39.34978485107422,27070300
2015-06-17,39.26392356943473,39.555848785670015,38.94624130554408,39.46998977661133,28704100
2015-06-18,39.68464715492044,40.182635385595525,39.6417143679609,40.113948822021484,32658300
2015-06-19,40.17403453149998,40.208379437040556,39.487152797240846,39.58159637451172,63837000
2015-06-22,39.77909961531661,40.11395443848951,39.63313532490325,39.6932373046875,20318100
2015-06-23,39.60736987276338,39.736158398436004,39.16948036966641,39.41847610473633,25896500
2015-06-24,39.21239110145922,39.71038233313708,39.10935967519517,39.1866340637207,34890900
2015-06-25,39.52149920752284,39.547259527449164,39.06644061765838,39.19523239135742,20616000
2015-06-26,39.195236254944106,39.736153897053825,38.66289992813762,38.86037826538086,49835300
2015-06-29,38.671487753729025,38.83462117772211,38.087637333222666,38.096221923828125,34081700
2015-06-30,38.38814521668438,38.39673308217207,37.72702041250582,37.90732955932617,35945400
2015-07-01,38.173486321750836,38.83461098543642,37.86438873609936,38.16490173339844,28343900
2015-07-02,38.190669125831405,38.42249237790865,37.830057361696504,38.12198257446289,21752000
2015-07-06,37.74420360676522,38.19067775513197,37.735619014146145,38.1134033203125,23034000
2015-07-07,38.070477737146106,38.19926956691288,37.19470181054399,38.0361328125,36435800
2015-07-08,38.15632571939171,38.55128568777575,37.80429853203363,37.9846076965332,39785900
2015-07-09,38.42249973887489,38.826044359651135,38.207848902344864,38.22502136230469,32424700
2015-07-10,38.64573120819025,38.75735054883696,38.26794695371643,38.30229187011719,25465800
2015-07-13,38.6199729426146,39.1694784864798,38.594215893780735,39.100791931152344,28178300
2015-07-14,39.02351838968395,39.46140460629513,38.90331445866565,39.16947937011719,22880300
2015-07-15,39.22099012098194,39.40129598706102,39.006339344608485,39.289676666259766,26629600
2015-07-16,39.50433033647687,40.08818075300681,39.46998869897776,40.06242370605469,26271700
2015-07-17,39.96798564295713,40.1654640221763,39.718989883167445,40.0280876159668,29467100
2015-07-20,40.053836020065894,40.46596511600547,39.87352687940221,40.2856559753418,30631900
2015-07-21,40.165451718072475,40.6376860403604,39.907871444749624,40.59475326538086,42781900
2015-07-22,39.01492964285379,40.29424989835544,38.808866701560035,39.100791931152344,59152400
2015-07-23,38.86896412652641,39.693222346065845,38.722999891120516,39.59019088745117,33934000
2015-07-24,39.41846064191636,39.77048771449578,39.32401379495184,39.444217681884766,32333200
2015-07-27,39.444236319657534,39.50433829152275,38.851801193281084,38.937660217285156,39701400
2015-07-28,39.13513572976811,39.186649825965915,38.45683841046569,38.92906951904297,34328900
2015-07-29,38.980579532183654,40.16544937542344,38.86037235468726,39.74473571777344,40945900
2015-07-30,39.718972237696995,40.697782381821355,39.435634958713685,40.25130844116211,39777900
2015-07-31,40.603335685040165,40.67202222023605,39.92503854518721,40.09675979614258,31201500
2015-08-03,40.33716882459777,40.35434127775323,39.88211027956503,40.19120788574219,24125900
2015-08-04,40.139695912304006,40.963954122503424,40.07959395585057,40.8179931640625,33403900
2015-08-05,41.19578769709014,41.56498739385361,40.81800340809784,40.85234832763672,26959700
2015-08-06,40.96396540680401,41.01548278737452,39.779095131488994,40.0280876159668,27368000
2015-08-07,39.83059430263663,40.16544896251466,39.718974990907064,40.131107330322266,19163000
2015-08-10,40.31141757687485,40.77506405278504,40.216970708599334,40.63768768310547,23079900
2015-08-11,40.199797839306335,40.302829296678034,39.40988454060501,39.84777069091797,29237400
2015-08-12,39.65887304043207,40.26848368502378,39.246743976327515,40.131107330322266,30181400
2015-08-13,40.405868710911506,40.440210350473684,39.91646513755338,40.122528076171875,22627200
2015-08-14,39.950806485164534,40.44021005494622,39.94222189416456,40.35435104370117,21473400
2015-08-17,40.19121463415878,40.7407201261575,39.985148437003716,40.62910079956055,21099700
2015-08-18,40.48218646099255,40.992103115801896,40.36118984746329,40.85382080078125,23574100
2015-08-19,40.43032499070359,40.68960718816571,40.015478090438336,40.28340148925781,31485500
2015-08-20,39.816697538451876,40.16240493754763,39.46234893798828,39.46234893798828,36238200
2015-08-21,39.15121073507543,39.30677872622342,37.223899841308594,37.223899841308594,70053100
2015-08-24,34.95953323358338,36.89548572516786,34.32861993875117,36.022579193115234,88753700
2015-08-25,36.79176990088526,37.37082930873184,34.907671470373906,34.97681427001953,70616600
2015-08-26,36.30778671441929,37.0251285534706,35.48673725109554,36.91277313232422,63408000
2015-08-27,37.36219035365197,37.9844624551469,37.10291141033263,37.94124984741211,50943200
2015-08-28,37.50911498041677,38.15731394922413,37.50047048122949,37.9671745300293,28246700
2015-08-31,37.647383432434445,37.9671605494939,37.24981903897462,37.61281204223633,34441700
2015-09-01,36.44605759710268,36.80905065262544,36.005283847799724,36.1435661315918,49688900
2015-09-02,36.610279211547756,37.49183022704772,36.19543225664963,37.474544525146484,37671500
2015-09-03,37.51774747354606,38.01037831173041,37.40539208856604,37.59553146362305,28285200
2015-09-04,36.99920108167705,37.19798171795156,36.471998686948226,36.82634735107422,37138800
2015-09-08,37.42267776398081,38.02766398678893,37.336252573683794,37.932594299316406,32469800
2015-09-09,38.20916158730591,38.373374076245405,37.0856175488337,37.223899841308594,33469500
2015-09-10,37.26710522061631,37.84616447481231,36.947328099381984,37.414031982421875,31366600
2015-09-11,37.28439301239058,37.67331293679225,37.11153934633323,37.578243255615234,27132500
2015-09-14,37.53503421136699,37.54367541187742,37.042403359528244,37.19797134399414,23656000
2015-09-15,37.32760580526713,38.278299325236624,37.23253942048871,38.0103759765625,28882200
2015-09-16,38.00174713153489,38.356095780449344,37.889391716929666,38.28695297241211,23372200
2015-09-17,38.27829621296631,38.891923548811576,38.096801360996736,38.24372482299805,32768200
2015-09-18,37.595528951911916,38.01902026890695,37.44860547875432,37.578243255615234,63143700
2015-09-21,37.699246492712675,38.43387387900795,37.68196079336231,38.122737884521484,26177200
2015-09-22,37.49183147376696,38.07088767061646,37.43133316355613,37.94124984741211,28085900
2015-09-23,37.96716700011355,38.174588782724705,37.60417393517933,37.91530990600586,17145200
2015-09-24,37.55231378113255,38.14001422722799,37.396745822053795,37.94987487792969,27905600
2015-09-25,38.442511133759766,38.65857740809311,37.820239208668625,37.975807189941406,29384600
2015-09-28,37.880735865461766,38.105443310864715,37.34488920112295,37.414031982421875,27613800
2015-09-29,37.48318760186186,37.65604133260667,37.206622951434426,37.54368591308594,32763600
2015-09-30,37.92395058809028,38.286940319595644,37.73381122573444,38.25236892700195,34958900
2015-10-01,38.67587103108162,38.67587103108162,37.81160575664404,38.554874420166016,28657900
2015-10-02,38.26101938691173,39.38456344604492,37.958524599934734,39.38456344604492,41839000
2015-10-05,39.54012038016079,40.525381868685585,39.49690779322549,40.30067443847656,34369300
2015-10-06,40.04140627399874,40.77603033809165,39.9463365792999,40.404396057128906,27017200
2015-10-07,40.706883997985216,40.92295026824397,39.71298113294074,40.44760513305664,27711500
2015-10-08,40.24018491621108,41.06987863483569,40.188327822455875,41.00938034057617,33772700
2015-10-09,41.00938066865189,41.087164661452086,40.55131791242419,40.71553039550781,28600600
2015-10-12,40.6031786253539,40.68096262508659,40.18833172574956,40.62046432495117,19769100
2015-10-13,40.240181064224835,40.73281186855804,40.240181064224835,40.525386810302734,19987800
2015-10-14,40.317971872864305,40.70688856544016,40.214257677728064,40.34389877319336,24697800
2015-10-15,40.62910461425781,40.64639031346706,40.21425772396591,40.62910461425781,27189400
2015-10-16,40.63774169169967,41.08715989834447,40.53403081229223,41.06122970581055,26450300
2015-10-19,40.98345352393463,41.381018015013666,40.637749427795946,41.156307220458984,29387600
2015-10-20,41.00072923859316,41.32050965320735,40.637739531507954,41.28593826293945,30802200
2015-10-21,41.41558842869846,41.47609002823285,40.715535699215906,40.79331970214844,25144300
2015-10-22,41.07851809583395,42.305776220792914,40.698242648461544,41.510650634765625,56637100
2015-10-23,45.20107931772821,46.730829456368696,45.157866707533785,45.69371032714844,135227100
2015-10-26,45.399842292072535,46.94687753205117,45.37391539542906,46.88637924194336,64633300
2015-10-27,46.66167935191885,46.99009775240708,46.30733075366886,46.40239715576172,50999900
2015-10-28,46.27275871634858,46.65303421020508,45.68505812780943,46.65303421020508,47000800
2015-10-29,46.27273252053113,46.523370073116865,45.99616808212899,46.117164611816406,30202100
2015-10-30,46.0826194129545,46.661678801454876,45.47763312390829,45.49491882324219,46619800
2015-11-02,45.67640357923863,46.11718057211108,45.47762302639962,46.01346969604492,30285000
2015-11-03,45.74556396680019,47.00739055144283,45.71963706203279,46.79996871948242,36596900
2015-11-04,46.82588995421118,47.4308762685087,46.72217905078909,47.016029357910156,37087800
2015-11-05,47.093807024265026,47.27530190506507,46.67031567215518,46.99873733520508,31468500
2015-11-06,46.748092992946646,47.51728829916926,46.63573762218885,47.465431213378906,32851200
2015-11-09,47.14565658316531,47.422221128168104,46.29003605234712,46.80859375,32513100
2015-11-10,46.73081198234547,46.78266907333438,46.03940058704127,46.246822357177734,55283700
2015-11-11,46.411037150639864,46.84316970642438,46.203612073223,46.36782455444336,36516300
2015-11-12,46.22089335675237,46.65302587126603,45.97025570707618,46.082611083984375,35361100
2015-11-13,45.86655480473017,46.05669420749093,45.3998507962684,45.66777420043945,36848200
2015-11-16,45.87519676383835,46.5752494408708,45.67641287364077,46.47153854370117,32165200
2015-11-17,46.262718631581805,46.57595179910934,45.984289886920095,46.08870315551758,31551300
2015-11-18,46.11480206006409,46.967490454576954,46.09739984967008,46.85437774658203,29710000
2015-11-19,46.976193037433454,47.55915214728017,46.793471488570056,46.93268585205078,28149200
2015-11-20,47.20241033050174,47.2459141923256,46.34972202605302,47.150203704833984,37147600
2015-11-23,47.20241033050174,47.385128541641066,46.76736507399942,47.150203704833984,28235900
2015-11-24,46.915291555577774,47.36773914299381,46.61946388752058,47.202423095703125,24600000
2015-11-25,47.06318254457336,47.18499465055536,46.715145111083984,46.715145111083984,21005100
2015-11-27,46.81086801905833,47.05449561493802,46.8021685745167,46.923980712890625,9009100
2015-11-30,47.45473658580866,47.82017300200329,46.98488692001685,47.2894172668457,56241400
2015-12-01,47.34163118497287,48.05510523814372,47.24592068432979,48.04640579223633,39952800
2015-12-02,48.13339968209599,48.69025699569298,47.90717764312149,48.037689208984375,47274900
2015-12-03,48.28132255340616,48.52494682748937,46.92398019966016,47.158905029296875,38627800
2015-12-04,47.0892999562382,48.92519156025952,47.07189774682424,48.64676284790039,43963700
2015-12-07,48.54235883582514,48.698975420535916,48.1073135047691,48.55976104736328,30709800
2015-12-08,48.263925861784024,48.81208054112346,47.84628277884972,48.542354583740234,32878000
2015-12-09,48.176904918182814,48.61195012179072,47.42862663691617,47.83757019042969,36373200
2015-12-10,48.194318544102174,48.42924340801087,47.86368318166043,48.089908599853516,31775800
2015-12-11,47.60264323451174,47.941977946955205,46.993579313113315,47.037086486816406,39549500
2015-12-14,47.27202769279742,48.03770509259795,46.706467429662204,47.97679901123047,46768900
2015-12-15,48.42924403404783,48.63806724437685,47.93329264354026,48.02900314331055,39843000
2015-12-16,48.32482701582847,48.94259047230953,47.64615417093612,48.83818054199219,37503300
2015-12-17,49.03830613433086,49.41244535318659,48.31612935217094,48.464046478271484,41280900
2015-12-18,48.524947458008555,48.725067874196036,47.01098853149945,47.097999572753906,84684200
2015-12-21,47.75056944515799,48.15950973921287,47.18500927028817,47.70706558227539,37246300
2015-12-22,47.84627796015922,48.272620445596566,47.41993215559003,48.159507751464844,28322200
2015-12-23,48.464048611195395,48.62066518966183,48.23782318935174,48.568458557128906,27279800
2015-12-24,48.6032656721961,48.69027341210688,48.22912641614119,48.43794631958008,9558500
2015-12-28,48.15951181130297,48.68156814575195,47.837579229161975,48.68156814575195,22458300
2015-12-29,48.977387432118206,49.46463591217145,48.77726704650615,49.203609466552734,27731400
2015-12-30,49.13399962214319,49.403725487161,48.97738310478335,48.99478530883789,21704500
2015-12-31,48.759865329457156,48.89037689400849,48.22040690809127,48.272613525390625,27334100
2016-01-04,47.26331476073622,47.68095779418945,46.45413034619191,47.68095779418945,53778000
2016-01-05,47.794077147931255,48.194318029218714,47.45474234339918,47.89848709106445,34079700
2016-01-06,47.26331380093469,47.332922631329204,46.671652019108194,47.02838897705078,39518900
2016-01-07,45.853770311675035,46.54114260773159,45.30561236375749,45.39262008666992,56564900
2016-01-08,45.5666423784556,46.358424667116886,45.375224709406275,45.53184127807617,48754000
2016-01-11,45.688447872414855,45.98427875690671,44.77485356767378,45.50572967529297,36943800
2016-01-12,45.90597959474529,46.20181053794946,45.2969188167946,45.92338180541992,36095500
2016-01-13,46.810872095186646,47.0457969478493,44.63564566586448,44.93147659301758,66883600
2016-01-14,45.24471666948705,46.48024387766245,44.87057740072799,46.21051788330078,52381900
2016-01-15,44.64435358477414,45.21861329565189,43.80036457063088,44.36592483520508,71820700
2016-01-19,44.79225715472535,44.96627591316328,43.556730276166356,43.99177551269531,43564500
2016-01-20,43.48712758310518,44.70525574497098,42.72144692938575,44.19190216064453,63273000
2016-01-21,44.37461619709289,44.879270288203934,43.76555217369857,43.92216873168945,40191200
2016-01-22,44.731344109916314,45.531828946217935,44.60082923166273,45.49702453613281,37555800
2016-01-25,45.19250041709644,45.810267208880234,44.94017668881893,45.061988830566406,34707700
2016-01-26,45.06198808429719,45.627544921491726,44.85316490252274,45.39262008666992,28900800
2016-01-27,45.25340906653738,45.41872839901345,44.39202126130816,44.5660400390625,36775200
2016-01-28,45.12289438114057,45.427424731997796,44.59213863896206,45.296913146972656,62513800
2016-01-29,47.62004786534529,47.93328094482422,46.98488226268259,47.93328094482422,83611700
2016-02-01,47.75057445037917,47.93329268511785,47.419939083376555,47.602657318115234,44208500
2016-02-02,47.13281165536071,47.21111995117511,45.81027671136841,46.11480712890625,56313800
2016-02-03,46.33232919009136,46.454141355492354,44.60084725853158,45.38393020629883,57559800
2016-02-04,45.33171292100451,45.94947968762426,44.69654726552835,45.24470520019531,46987100
2016-02-05,45.19250171575843,45.24470834334983,43.121688608280174,43.643741607666016,62009000
2016-02-08,43.112996409719266,43.13039862318112,41.92967244737603,42.99118423461914,59290500
2016-02-09,42.651841108981415,43.713352690627104,42.34730741108145,42.8780632019043,46740500
2016-02-10,43.40881764715729,43.84386292855856,43.08688506827734,43.252201080322266,38237000
2016-02-11,42.35601964379408,43.600249730830804,42.20810248451905,43.23480987548828,48878600
2016-02-12,43.72204495420551,44.09618411188148,43.28699973078057,43.93956756591797,34243300
2016-02-16,44.60558796094063,44.772090911865234,43.93080756567327,44.772090911865234,37291200
2016-02-17,45.12263480629425,46.24434612087883,45.08758049197263,45.937625885009766,40789000
2016-02-18,45.858751176208784,46.402079587291425,45.65719057337595,45.736061096191406,27176000
2016-02-19,45.54327527625515,45.81493784724578,45.157684515422034,45.41182327270508,33559100
2016-02-22,45.814943251613,46.44590759434112,45.814943251613,46.139190673828125,25008300
2016-02-23,45.86750738484827,45.893796441533866,44.67568778498504,44.850955963134766,28895300
2016-02-24,44.42156843228586,45.13140335847845,43.99216471899313,45.00871658325195,33014500
2016-02-25,45.33294822153368,45.65719223022461,44.35145094651726,45.65719223022461,26939500
2016-02-26,46.09536951645979,46.165478148996606,44.78086274306687,44.95613098144531,35975900
2016-02-29,44.999942574470275,45.26284657646496,44.395270724401655,44.58806610107422,31654000
2016-03-01,44.66693833227286,46.0866046194193,44.623118768297964,46.077842712402344,33024500
2016-03-02,45.92886116511563,46.41084625714804,45.70977672846788,46.40208435058594,29289900
2016-03-03,46.41960199264973,46.41960199264973,45.37675814844817,45.87627029418945,24427800
2016-03-04,45.92009158780694,45.96390779922454,45.315416504170976,45.59584426879883,33034200
2016-03-07,45.183974205904896,45.394293387386774,44.325163638433835,44.719512939453125,38407800
2016-03-08,44.51795877788997,45.68348963573722,44.34269055242139,45.262847900390625,33835100
2016-03-09,45.47317290989488,46.31445648813818,45.44688384275096,46.305694580078125,28251600
2016-03-10,46.38456636705384,46.39332827534861,44.83344784769826,45.61338806152344,38387800
2016-03-11,46.44589692539855,46.507240295410156,45.9025685011688,46.507240295410156,32275700
2016-03-14,46.19176078362149,46.962938919340424,46.12165550380875,46.59487533569336,24083600
2016-03-15,46.22680886160081,46.96293258666992,46.21804695641688,46.96293258666992,21104800
2016-03-16,46.8402538641299,47.84804028070682,46.796437644794075,47.62895584106445,31691700
2016-03-17,47.50627064864373,48.19857830294266,47.32224051561643,47.9006233215332,28223900
2016-03-18,48.128465014780865,48.17228457427456,46.8402508653715,46.87530517578125,67625500
2016-03-21,46.66498785047973,47.26089782192293,46.38456002191392,47.199554443359375,23925700
2016-03-22,46.980483624978056,47.54133944484479,46.84903157964988,47.38359832763672,23124100
2016-03-23,47.4186309504435,47.5325557813913,47.09438695478283,47.29594421386719,20129000
2016-03-24,47.18202352349193,47.611430482155534,47.085625838304395,47.50626754760742,19950000
2016-03-28,47.50626543704866,47.576374056966024,46.735090675735634,46.91912078857422,17025100
2016-03-29,47.02428867937997,48.075894763099754,46.840258534044,47.94444274902344,23924300
2016-03-30,48.13723009106637,48.75942905527221,48.11094102983495,48.24238967895508,23008300
2016-03-31,48.15476532773953,48.71562101455515,48.07589478784586,48.40013885498047,26360500
2016-04-01,48.2424011161666,48.733151547598425,47.82175932192381,48.698097229003906,24399200
2016-04-04,48.57539367675781,48.776950924603625,48.19856823944875,48.57539367675781,18928800
2016-04-05,48.36507479157956,48.4614724701292,47.72534869379719,47.812984466552734,19272300
2016-04-06,47.63772239651565,48.37384626761054,47.506270391941676,48.30373764038086,21188700
2016-04-07,48.08464389925832,48.119698206096636,47.52378836169596,47.725345611572266,19225100
2016-04-08,47.90937676653433,48.44394325725994,47.60265993232919,47.69029235839844,22167200
2016-04-11,47.75164747164237,48.330030277187696,47.585141152660775,47.59390640258789,21414200
2016-04-12,47.64647652026195,48.00577481871338,47.11191002533019,47.89185333251953,24944300
2016-04-13,48.30372991381056,48.5841576919459,48.10217265721096,48.505287170410156,20818000
2016-04-14,48.391366607321366,48.70684869948493,48.259914621265594,48.51405334472656,20877100
2016-04-15,48.461472103380935,49.004800518501845,48.29496915084984,48.768192291259766,28793800
2016-04-18,48.62798576956646,49.59195600795379,48.38260891347829,49.478031158447266,23786000
2016-04-19,49.62699805758706,49.74968478382938,48.79447668856227,49.41667556762695,29596800
2016-04-20,49.32904367013441,49.51307376145001,48.627974267768344,48.715606689453125,36195700
2016-04-21,48.899649197174824,49.27647472343413,48.56663989288356,48.88212203979492,38909100
2016-04-22,45.490687220522915,45.94638319910488,44.49166283565443,45.37676239013672,126834100
2016-04-25,45.37676535687538,45.68348555982042,45.2453167067244,45.665958404541016,33226900
2016-04-26,45.79740444144714,45.87627496422252,44.77209098833012,45.07880783081055,33532600
2016-04-27,45.11387111902824,45.13139827679621,44.29887666911697,44.640647888183594,43369300
2016-04-28,44.36020885243747,44.49166083103444,43.4312931259562,43.729248046875,43134800
2016-04-29,43.24727627923057,44.03598176747542,43.24727627923057,43.702972412109375,48411700
2016-05-02,43.81687403162769,44.474127142102105,43.62407871614062,44.3514404296875,33114500
2016-05-03,44.11485016047814,44.17619354623677,43.4663586415049,43.62409973144531,26460200
2016-05-04,43.6766833434892,43.86947876127438,43.34367398812316,43.702972412109375,24257600
2016-05-05,43.702957931617895,44.07978339081527,43.58027119475602,43.76430130004883,25390700
2016-05-06,43.74678483501044,44.15866470336914,43.5189384598747,44.15866470336914,24787300
2016-05-09,44.2462946433804,44.33392708154167,43.81688767327845,43.878231048583984,17951600
2016-05-10,44.10607876050007,44.78085585862949,43.98338867242254,44.710750579833984,22891000
2016-05-11,44.80714245666728,45.3767598913046,44.693217632554756,44.73703384399414,24039100
2016-05-12,44.8684932306733,45.40305979021283,44.62311638875945,45.14015579223633,24102800
2016-05-13,45.07881882139283,45.48193678217422,44.72828567923278,44.76333999633789,22592300
2016-05-16,44.51795550750728,45.53450712899104,44.47413929009981,45.42058563232422,20032000
2016-05-17,45.64121727314746,45.650040466393655,44.44106101089621,44.573429107666016,27803500
2016-05-18,44.54694566480956,45.1293739058568,44.38810129303802,44.83816146850586,24907500
2016-05-19,44.53812170429638,44.67048976758926,43.96451666432468,44.4057502746582,23842400
2016-05-20,44.54692637050414,45.19995332342889,44.476330772707456,44.67047119140625,23905800
2016-05-23,44.65283200601,44.723430986839716,44.105703369958455,44.14982604980469,26118700
2016-05-24,44.74107888461881,45.63236909955075,44.47633945012826,45.52647399902344,34757900
2016-05-25,45.81770750030709,46.320717034098344,45.70298915779932,45.99420166015625,24040200
2016-05-26,45.826521113919384,45.87064379983061,45.3235150885721,45.791221618652344,24335200
2016-05-27,45.817692793362625,46.17068099975586,45.68532474072393,46.17068099975586,17721400
2016-05-31,46.11772864006096,46.770755767822266,45.95888766090557,46.770755767822266,37653100
2016-06-01,46.27657817460269,46.72663832610054,46.27657817460269,46.638389587402344,25324800
2016-06-02,46.45308047420135,46.541329228455645,45.74710727189578,46.311885833740234,22840800
2016-06-03,46.22363585771425,46.25893198956675,45.53530910823649,45.702980041503906,23368300
2016-06-06,45.8794649436298,46.197150264514896,45.79121621587442,46.00300979614258,18243300
2016-06-07,46.10007637226764,46.53248330596294,45.97652816772461,45.97652816772461,20866800
2016-06-08,45.90593805345403,46.2765726124026,45.77356664448968,45.923587799072266,21149400
2016-06-09,45.88829026107473,45.88829026107473,45.438233510859796,45.55295181274414,20305700
2016-06-10,45.04994787870583,45.93241503937135,45.041124688291,45.42940902709961,25833200
2016-06-13,43.75271924303375,44.75873117103809,43.29383595956174,44.24689865112305,83217800
2016-06-14,44.03512297130075,44.211613751670015,43.74390712426894,43.973350524902344,42577100
2016-06-15,43.92920319563011,44.22924208988156,43.84978103637695,43.84978103637695,33757600
2016-06-16,43.69976864841934,44.53811301781579,43.69094209278079,44.46751403808594,31188600
2016-06-17,44.48517646725836,44.50282621722337,43.964520625500235,44.23808670043945,45710500
2016-06-20,44.688137092188825,44.855808009482494,44.14983157816305,44.18513107299805,35607900
2016-06-21,44.299851833748534,45.385286029934335,44.26455233964207,45.173492431640625,34097800
2016-06-22,45.07643529072655,45.41177047064691,44.9617135889928,44.997013092041016,28816800
2016-06-23,45.252909407455256,45.941235998013745,45.13819111431605,45.80886459350586,29028800
2016-06-24,43.95570077359624,44.9528864747968,43.699784429176624,43.973350524902344,133503000
2016-06-27,43.32913203112564,43.3732580779465,42.393719086190686,42.73788070678711,50216300
2016-06-28,43.17029374620295,43.65565339858261,42.949676946519546,43.62917709350586,38140700
2016-06-29,44.04393640188796,44.75873602280043,43.94686447439237,44.599891662597656,31304000
2016-06-30,44.75872674614042,45.27055584911073,44.564582931387335,45.15583419799805,28527800
2016-07-01,45.120541683371926,45.64119738299871,45.06759244793127,45.14701461791992,21400400
2016-07-05,44.85579865351696,45.25290610537459,44.776376489876554,45.15583419799805,24806400
2016-07-06,44.81169262975884,45.48236972596635,44.46753088901763,45.3411750793457,28167500
2016-07-07,45.376471216241434,45.54414217346627,45.06760897874186,45.3411750793457,19585200
2016-07-08,45.65002439886507,46.20597963538677,45.49118004557315,46.15303039550781,28391000
2016-07-11,46.32952100560613,46.62073675348683,46.303048070833235,46.40894317626953,22269200
2016-07-12,46.717814829803324,47.1237523217199,46.58544676260163,46.95608139038086,27317600
2016-07-13,47.26493979996136,47.529679260680865,46.92960135433271,47.2208137512207,25356800
2016-07-14,47.51202006648185,47.64439145369142,47.28258014384204,47.42377471923828,24545500
2016-07-15,47.60911323191301,47.65323592524131,46.956085925078696,47.38849639892578,32024400
2016-07-18,47.388487568907074,47.95326601750244,47.256116147241556,47.61792755126953,31433900
2016-07-19,47.397302556792624,47.56497344406443,46.708979362481664,46.85017395019531,53336500
2016-07-20,49.55052341968895,50.15942443808944,49.00339145566531,49.33872985839844,89893300
2016-07-21,49.40050541123023,49.621122175320934,49.20636158160011,49.241661071777344,32776700
2016-07-22,49.488762237758024,49.97411852493926,49.22401938443624,49.92116928100586,32157200
2016-07-25,49.832915091075215,50.07118159710383,49.64759445326766,50.062355041503906,25610600
2016-07-26,49.87704262901873,50.556542723590425,49.86821607255893,50.08883285522461,28079000
2016-07-27,49.95646097604872,50.12412850613799,49.51522744453985,49.58582305908203,32327500
2016-07-28,49.41816398570109,49.74467591231566,49.17107424300307,49.60348129272461,37550400
2016-07-29,49.647592543221144,50.08882604859274,49.462275278887745,50.01823043823242,30558700
2016-08-01,49.9476466883871,50.08001812689066,49.541712547616285,49.93000030517578,26003400
2016-08-02,50.16826350832935,50.21238956539422,49.691733735676685,49.93000030517578,35122000
2016-08-03,50.018238381406796,50.397699525594476,49.85057083462307,50.27415466308594,22075600
2016-08-04,50.124134881358316,50.75951232477417,50.00941320599821,50.64479064941406,26587700
2016-08-05,50.87424913837761,51.368428749110016,50.69775497753912,51.14781188964844,29335200
2016-08-08,51.236045837402344,51.26251877565184,50.9889527371415,51.236045837402344,19473500
2016-08-09,51.33311994498668,51.6243357625701,51.200751873095086,51.359596252441406,16920700
2016-08-10,51.32428566782813,51.4654802671564,51.02424672346244,51.200740814208984,15756900
2016-08-11,51.20957127818807,51.580209258039254,51.20957127818807,51.447837829589844,18162300
2016-08-12,51.20955674377835,51.3507513230891,50.847745423898026,51.13013458251953,21655200
2016-08-15,51.19191428777074,51.62432464203247,51.1477916066448,51.28898620605469,19283900
2016-08-16,51.15578557633793,51.16466375698464,50.853876624464334,51.00482940673828,20523500
2016-08-17,51.093637037842264,51.21795191247561,50.818365967349635,51.11139678955078,18856400
2016-08-18,50.98708104983389,51.23571419872633,50.853887986420595,51.146915435791016,14214300
2016-08-19,50.995956488562065,51.26234597068719,50.79172443935527,51.164669036865234,17271000
2016-08-22,51.14691848363891,51.280114942315855,50.84500944632096,51.209075927734375,15221900
2016-08-23,51.41330432927415,51.66193407145786,51.368903257604615,51.404422760009766,18732400
2016-08-24,51.32450619474964,51.53761982443498,51.25347057640535,51.45770263671875,18151500
2016-08-25,51.39554155999376,51.759607969952214,51.30674280919536,51.65304946899414,18552600
2016-08-26,51.750727917011204,52.1236759066363,51.22682712759634,51.52873611450195,20971200
2016-08-29,51.66194325327584,52.03488793283442,51.590904235839844,51.590904235839844,16417200
2016-08-30,51.484339946758276,51.67081225339605,51.15579301782606,51.404422760009766,16930200
2016-08-31,51.19132569688226,51.32451878419622,50.8805350518289,51.02260971069336,20860300
2016-09-01,50.62300840573186,51.34226305467083,50.62300840573186,51.138031005859375,26075400
2016-09-02,51.209075927734375,51.670819360534,50.98708408815725,51.209075927734375,18900500
2016-09-06,51.30675269016236,51.32451244374232,50.80061156877672,51.155799865722656,16278400
2016-09-07,51.031478939745796,51.36002587378351,50.97819968531012,51.200191497802734,17493400
2016-09-08,51.1735658497829,51.315640508393805,50.77397981390001,50.9959716796875,20146100
2016-09-09,50.42766611639614,51.0758818689504,49.91264343261719,49.91264343261719,35113900
2016-09-12,49.72616250476837,50.80060198878816,49.37985584358232,50.65852737426758,29303000
2016-09-13,50.170143228288005,50.30333965373591,49.770557339270106,50.196781158447266,30130200
2016-09-14,50.072467929987965,50.28558154017144,49.75279920837571,49.95703125,24062500
2016-09-15,49.85936494614895,50.92492298979561,49.70840874465895,50.7828483581543,26847000
2016-09-16,51.17355675937142,51.17355675937142,50.39214458215705,50.83612823486328,44607000
2016-09-19,50.853884247373365,51.2801081161453,50.48093624511905,50.55197525024414,20937100
2016-09-20,50.92493059190575,50.92493059190575,50.39215149054877,50.445430755615234,17384000
2016-09-21,51.06699439642658,51.36890339301385,50.68517160020633,51.28898620605469,33707300
2016-09-22,51.43106145276184,51.502100458621356,51.17355352483667,51.34226608276367,19822200
2016-09-23,51.38667614403574,51.42219565552023,50.95157398399542,50.9959716796875,19955300
2016-09-26,50.68517541989918,50.738451290336094,50.463183593541515,50.52534103393555,21688700
2016-09-27,50.55197563837699,51.555379575852605,50.32998382664596,51.45770263671875,28065100
2016-09-28,51.39554306539206,51.555377434184805,51.209067376916465,51.52873611450195,20536400
2016-09-29,51.33339633048454,51.65306174736801,50.80061386102519,50.969329833984375,25463500
2016-09-30,51.12027750057364,51.29787163911783,50.91604542681209,51.146915435791016,29910800
2016-10-03,50.978193809913876,51.102508668609865,50.66740666317391,50.9870719909668,19189500
2016-10-04,50.853881736875415,51.146909150235054,50.58749225545955,50.82724380493164,20085900
2016-10-05,50.87165067682321,51.466587179878125,50.84500935274086,51.182437896728516,16726400
2016-10-06,51.271240234375,51.37779537614298,50.86277264749847,51.271240234375,16212600
2016-10-07,51.368906354011735,51.48434305012367,50.98708014845613,51.32450866699219,20089000
2016-10-10,51.422187658422324,51.84841156796938,51.38666815246177,51.53762435913086,18196500
2016-10-11,51.40442614183245,51.51986283858052,50.51645884724263,50.7828483581543,26497400
2016-10-12,50.71181106567383,50.85388569263555,50.08135512023907,50.71181106567383,22177500
2016-10-13,50.34774034192732,50.88051930090656,50.01031186133326,50.5430908203125,25313700
2016-10-14,50.720682524143136,51.27122459454801,50.720682524143136,50.9870719909668,27402500
2016-10-17,50.933808908439204,51.02260429054908,50.4987034065167,50.80949401855469,23830000
2016-10-18,51.08475480685523,51.45770281325246,50.97819968531012,51.200191497802734,19149500
2016-10-19,51.03147526587641,51.3600221762613,50.969317833839426,51.08475112915039,22878400
2016-10-20,51.05812006121639,51.075879813803816,50.31222738917687,50.83612823486328,49455600
2016-10-21,53.526670242288134,53.67762645169829,52.825178617125424,52.976131439208984,80032200
2016-10-24,53.224753894508225,54.16600036621094,53.21587571274054,54.16600036621094,54067000
2016-10-25,54.0328053064727,54.49454867866967,53.988407621849696,54.15712356567383,35137200
2016-10-26,53.997286300762525,54.34359296454134,53.69537731923017,53.83745193481445,29911600
2016-10-27,53.8196941005415,54.01504797417214,53.357950736622065,53.36682891845703,28479900
2016-10-28,53.286920174986335,53.739785428819104,52.905097323719374,53.16260528564453,33574700
2016-10-31,53.42011055184768,53.650980550431896,53.20699691772461,53.20699691772461,26434700
2016-11-01,53.251404824299925,53.29580251580269,52.61206722721454,53.10044860839844,24533000
2016-11-02,53.11819538427724,53.2158723141143,52.65645205334583,52.771888732910156,22147000
2016-11-03,52.86068732428508,52.95836426009071,52.48774271920118,52.5765380859375,21600400
2016-11-04,52.07928485847962,52.638701833197636,51.963848158016916,52.13256072998047,28697000
2016-11-07,53.08268338085516,53.7397806642522,53.08268338085516,53.65098190307617,31664800
2016-11-08,53.76641678376703,53.97064884658735,53.41123191303326,53.69538116455078,22935400
2016-11-09,53.278028991446504,53.80192974535543,52.56765594902572,53.42898178100586,49632500
2016-11-10,53.70425293152718,53.713134499947195,51.173547903962195,52.12367248535156,57822400
2016-11-11,51.706326793068406,52.49661701543762,51.51097293591615,52.40782165527344,38767800
2016-11-14,52.40782587738127,52.46110513016762,50.86276141983866,51.6086540222168,41328400
2016-11-15,52.1450418344278,53.18204232598326,52.13610026412437,52.62778091430664,35904100
2016-11-16,52.690347252105525,53.33400377101824,52.57413414413119,53.32506561279297,27332500
2016-11-17,54.00448269342768,54.48722512300378,53.61113890463019,54.2100944519043,32132700
2016-11-18,54.33524944301183,54.657077731197845,53.90614619550032,53.950843811035156,27686300
2016-11-21,54.084932923757954,54.505097956746596,54.01341402018158,54.406761169433594,19652600
2016-11-22,54.51403980899405,54.764349168056725,54.36206724390864,54.63919448852539,23206700
2016-11-23,54.540864648605044,54.62132172573494,53.861451983004635,53.995548248291016,21848900
2016-11-25,53.90613982108229,54.111751556396484,53.754167264192745,54.111751556396484,8409600
2016-11-28,53.941902115116555,54.54979919511794,53.82568559417855,54.18327331542969,20732600
2016-11-29,54.219040971431724,54.89845365233406,54.10282443291339,54.61238479614258,22366700
2016-11-30,54.40676966091684,54.6928384994522,53.8346319838461,53.87038803100586,34655400
2016-12-01,53.73629949159793,53.77205895183566,52.69035744600836,52.92279052734375,34542100
2016-12-02,52.8155147468402,53.16416095328647,52.565201939224856,52.96748733520508,25515700
2016-12-05,53.3697625871657,54.165391657873286,53.24460791225113,53.834625244140625,23552700
2016-12-06,54.022364984214086,54.049182872615084,53.45916545632576,53.59326171875,19907000
2016-12-07,53.64688826121967,54.87162391059691,53.45915625430807,54.8626823425293,30809000
2016-12-08,54.80010249173517,55.0504152330044,54.38887904493346,54.54085159301758,21220800
2016-12-09,54.69283682427633,55.41695046788312,54.648139209038504,55.399070739746094,27349400
2016-12-12,55.264971272498336,55.69407449222423,55.17557604721724,55.577857971191406,20198100
2016-12-13,55.87287578811385,56.69532288281423,55.64044612532757,56.301979064941406,35718900
2016-12-14,56.31985177454629,56.72213711212061,55.89968670972318,56.033782958984375,30352700
2016-12-15,56.05166429963293,56.453949648786704,55.694076564783046,55.94438934326172,27669900
2016-12-16,56.27515189988854,56.27515189988854,55.53315859482591,55.69407272338867,42453100
2016-12-19,55.926520731290076,57.008218899402536,55.801362612069994,56.874122619628906,34338200
2016-12-20,56.936689891716696,57.03502669144242,56.34667250357179,56.80259704589844,26028400
2016-12-21,56.70426024617271,56.94563146089691,56.42712957514652,56.80259704589844,17096300
2016-12-22,57.07079731930696,57.30322701034887,56.68639161433717,56.811546325683594,22176600
2016-12-23,56.72215208377736,56.802609172528655,56.14107273055021,56.534420013427734,12403800
2016-12-27,56.507586383674195,57.27639763954069,56.507586383674195,56.57016372680664,11763200
2016-12-28,56.67743896556394,56.67743896556394,56.16787867950302,56.3109130859375,14653300
2016-12-29,56.194713100014305,56.498661729399,56.07849654489979,56.230472564697266,10250600
2016-12-30,56.28410401193615,56.31092531348554,55.45271527831472,55.55105209350586,25579900
2017-01-03,56.13212136946368,56.176818983767575,55.54210399410795,55.94438934326172,20694100
2017-01-04,55.85498685195143,56.09635804479557,55.53315859482591,55.69407272338867,21340000
2017-01-05,55.595735932577085,56.01590098051419,55.45270153054454,55.69407272338867,24876000
2017-01-06,55.69408777559102,56.45396101255154,55.46165808829878,56.17683029174805,19922900
2017-01-09,56.10531040703894,56.3913826937376,55.90864018583425,55.9980354309082,20382700
2017-01-10,56.07848129676698,56.38242984350593,55.676195953993464,55.98014450073242,18593000
2017-01-11,55.97121324148241,56.52547122084228,55.810299084537654,56.48971176147461,21517300
2017-01-12,56.3734881680188,56.677436695795976,55.3811855211519,55.9712028503418,20968200
2017-01-13,55.98014353638096,56.203635010715196,55.73877233487487,56.05166244506836,19422300
2017-01-17,56.033792622484896,56.051672352817185,55.452713322420024,55.899696350097656,20664000
2017-01-18,56.02484397223033,56.05166526944423,55.53316338596167,55.87287139892578,19670100
2017-01-19,55.640436954007185,56.301969784579285,55.604677500946764,55.69407272338867,18451700
2017-01-20,56.02485590933196,56.158952193344774,55.756666751516484,56.08743667602539,30213500
2017-01-23,56.05167751295436,56.427141653868205,55.93546096020048,56.28410720825195,23097600
2017-01-24,56.498652524077684,56.981394988013754,56.26621945171897,56.78472137451172,24672900
2017-01-25,57.16912083961378,57.303213680487964,56.722137882947855,56.92774963378906,23672700
2017-01-26,57.32109550892131,57.69655954704426,56.81153181256849,57.45518493652344,43554600
2017-01-27,58.45644560740242,58.92131182169301,58.00946253542631,58.805091857910156,44818000
2017-01-30,58.72464382354459,58.81403908244867,57.92901442458247,58.22401809692383,31651400
2017-01-31,57.98262336029579,58.24187426533632,57.446245234882035,57.794891357421875,25270500
2017-02-01,57.53565608196032,57.768089166933365,56.7400268353731,56.83836364746094,39671500
2017-02-02,56.54335501396287,56.68638945150283,56.09637197037423,56.47183609008789,45827000
2017-02-03,56.76683549657258,56.94562936128082,56.38242988102314,56.92774963378906,30301800
2017-02-06,56.76683217202055,56.90092841525071,56.44500391643548,56.89198684692383,19796400
2017-02-07,56.981384791624905,57.01714083387362,56.52546029831074,56.704254150390625,20277200
2017-02-08,56.829410111338454,57.04396342073716,56.51652342076655,56.62379837036133,18096400
2017-02-09,56.784709472746044,57.60715980302007,56.60591562614656,57.26744842529297,22644400
2017-02-10,57.437320560216904,57.48202159232278,57.195949309726984,57.213829040527344,18170700
2017-02-13,57.4283799985269,57.98264143244461,57.33004318250247,57.857486724853516,22920100
2017-02-14,57.92943559792561,58.20824296611452,57.57866886592992,58.073333740234375,23108400
2017-02-15,58.01038067049764,58.07333739830495,57.70459281022461,58.03736114501953,17005200
2017-02-16,58.22622822581195,58.67592107526443,57.956416633201464,58.02836227416992,20546300
2017-02-17,57.983403593410436,58.1812695671895,57.83050965431537,58.11831283569336,21248800
2017-02-21,58.109313494672236,58.415101354119514,57.96540848191915,58.00138473510742,20655900
2017-02-22,57.857479977850396,57.911440920587104,57.605653096055235,57.88446044921875,19292700
2017-02-23,57.93843155872643,58.21724582258289,57.73157666742584,58.11831283569336,20273100
2017-02-24,58.037364545615965,58.28020255407904,57.68660463274183,58.11831283569336,21796800
2017-02-27,58.046358816963576,58.046358816963576,57.60566170793907,57.76755142211914,15871500
2017-02-28,57.632630895631145,57.74055277610141,57.34482434721403,57.54269027709961,23239800
2017-03-01,57.67760554901557,58.45107784123723,57.578672567794044,58.40611267089844,26937500
2017-03-02,58.181254086278415,58.23521502412598,57.452750547383594,57.569671630859375,24539600
2017-03-03,57.55168372399177,57.81250292996256,57.21890859522563,57.7855224609375,18135900
2017-03-06,57.533685808359095,58.06431990691365,57.38978427991244,57.803497314453125,18750300
2017-03-07,57.73156669726004,58.262200933692164,57.73156669726004,57.92043685913086,18521000
2017-03-08,57.794513681703286,58.53200951124032,57.78551790548167,58.4510612487793,21510900
2017-03-09,58.630948294856246,58.63993721020499,57.992385354955644,58.21723175048828,19846800
2017-03-10,58.5589958500428,58.69390505982779,58.235216491265795,58.3971061706543,19538200
2017-03-13,58.46907539374526,58.630965119454935,58.073343428283955,58.199256896972656,20100000
2017-03-14,58.03735762151599,58.05534917795077,57.69559352870637,57.92943572998047,14280200
2017-03-15,58.055347474333274,58.388115779160515,57.78552902987565,58.23522186279297,24833800
2017-03-16,58.23522830172556,58.24422408067361,57.83050745205817,58.136295318603516,20674300
2017-03-17,58.379115891721995,58.67590789072723,58.17225420827783,58.3431396484375,49219700
2017-03-20,58.37912147817444,58.621952566373466,58.20823602166229,58.3971061706543,14598100
2017-03-21,58.63095853878003,58.90976592218777,57.67760498915111,57.74955749511719,26640500
2017-03-22,57.66862675534071,58.58599736016079,57.66862675534071,58.487064361572266,20680000
2017-03-23,58.406096358743675,58.67590789072723,58.25319560934285,58.3431396484375,19269200
2017-03-24,58.78387238075592,58.86481383106032,58.244242126747075,58.442108154296875,22617100
2017-03-27,58.12729070841671,58.657931797430365,57.87546383028187,58.55000305175781,18614700
2017-03-28,58.42409113316818,58.88277973700411,58.14528377680124,58.720890045166016,20080400
2017-03-29,58.567990775949006,58.909754822238725,58.41509001413894,58.882774353027344,13618400
2017-03-30,58.837798745641,59.34145930005249,58.783837810505354,59.0986213684082,15122800
2017-03-31,59.04465801021611,59.53032699180703,58.864776797534304,59.23352813720703,21040300
2017-04-03,59.18856248182706,59.3054869980822,58.63094781698215,58.95472717285156,20400900
2017-04-04,58.810839614728856,59.188580021257025,58.71190662324251,59.116634368896484,12997400
2017-04-05,59.629268706387855,59.674233869841345,58.855796532604124,58.96371841430664,21448600
2017-04-06,58.99970981799294,59.413426481586086,58.891787908567416,59.116634368896484,18103500
2017-04-07,59.22454537679599,59.32347835007163,58.85580081785163,59.071651458740234,14108500
2017-04-10,59.00869337446965,59.19756353861062,58.78384696071593,58.93674087524414,17952700
2017-04-11,58.99968746301636,59.008683239316454,58.32514833761198,58.89176559448242,18791500
2017-04-12,58.83780211458529,58.918750383690636,58.55899478473118,58.66692352294922,17108500
2017-04-13,58.72088714296148,59.23353666481706,58.41509246826172,58.41509246826172,17896500
2017-04-17,58.4960337784798,58.9007545090157,58.469053311346315,58.89176559448242,16689300
2017-04-18,58.75687583986938,59.09863997292896,58.60398190100871,58.81083679199219,15155600
2017-04-19,59.04467381103731,59.13461101056279,58.361138743460344,58.49604797363281,26992800
2017-04-20,58.87378708477788,59.1346097611289,58.58598393531612,58.90976333618164,22299500
2017-04-21,59.06266831947841,59.98903466586651,58.86480233058588,59.71922302246094,32522600
2017-04-24,60.69054280252233,60.852432483646886,60.34877188583298,60.73550796508789,29770000
2017-04-25,61.06830375339461,61.194217229980936,60.79848523969827,61.08628845214844,30242700
2017-04-26,61.23016022529775,61.437015026554924,60.8164437610173,61.005313873291016,26190800
2017-04-27,61.29314772944916,61.50000263465178,60.78049806373587,61.40106964111328,34971000
2017-04-28,61.9766690392381,62.18352389816427,60.879417437660265,61.57194137573242,39548800
2017-05-01,61.7698178658905,62.55228599286205,61.60792814519877,62.42637252807617,31954400
2017-05-02,62.69616761335477,62.69616761335477,62.174522333001335,62.327423095703125,23906100
2017-05-03,62.39939694357598,62.39939694357598,61.79680998262841,62.12958526611328,28928000
2017-05-04,62.084592326667575,62.12956435532715,61.73383246078106,61.88672637939453,21749400
2017-05-05,61.96767998421969,62.08459766230722,61.59892853047105,62.0576171875,19128800
2017-05-08,62.03062350495112,62.10257599696254,61.53595869958177,62.00364303588867,18566100
2017-05-09,61.93170388639269,62.309444258181735,61.76981417537327,62.09359359741211,22858400
2017-05-10,62.048633999383306,62.56128371005219,61.985677258135205,62.3364372253418,17977800
2017-05-11,61.482004182209394,61.81477934618943,61.26615354540052,61.57194137573242,28789400
2017-05-12,61.70684644799664,61.70684644799664,61.194196931438896,61.49998474121094,18714100
2017-05-15,61.28414495831735,61.58993968394325,60.77149535108664,61.54496765136719,31530300
2017-05-16,61.71684377593226,62.811337705160994,61.6535261734513,62.784202575683594,34956000
2017-05-17,62.313828472148884,62.50378125259707,60.99319945015191,61.038429260253906,30548800
2017-05-18,60.966073492703934,61.626384652450994,60.73089086678663,61.24647903442383,25201300
2017-05-19,61.056509505352864,61.59923265406948,60.993191919687575,61.22837448120117,26961100
2017-05-22,61.4092841695723,61.96105469780129,61.05651375330784,61.91582489013672,16237600
2017-05-23,62.160049497731755,62.1871846195717,61.85250201431432,62.12386703491211,15425800
2017-05-24,62.29573610280252,62.30477654327732,61.915823668773704,62.20527648925781,14593900
2017-05-25,62.38620231624385,63.20933114905713,62.33193205725208,62.97415542602539,21854100
2017-05-26,63.136958104162225,63.516863629049695,62.88368085313779,63.281681060791016,19827900
2017-05-30,63.12791048791361,63.68872833251953,63.10981580522664,63.68872833251953,17072800
2017-05-31,63.79728854835856,63.987241368702655,63.14601779226362,63.173152923583984,30436400
2017-06-01,63.534948921221236,63.86963152827933,62.820360804161545,63.4083137512207,21603600
2017-06-02,63.71587244783495,65.00031905591023,63.53496010092972,64.90986633300781,34770300
2017-06-05,65.09980542413584,65.93198134150504,64.95507557706348,65.38021087646484,33316800
2017-06-06,65.39828927114903,65.68774199210966,65.37114725575819,65.59728240966797,31511100
2017-06-07,65.70585631460955,65.82344415775582,65.0817208293024,65.47972106933594,22301800
2017-06-08,65.58824300209793,65.59728343960626,64.67465503365098,65.08169555664062,24588300
2017-06-09,65.16313431335163,65.19931678139771,62.042463730104,63.607322692871094,49187400
2017-06-12,62.639460370663066,63.26359583036166,61.626372029008785,63.118865966796875,47761700
2017-06-13,63.33595750966611,64.05959306697734,63.281687258252816,63.90582275390625,25258600
2017-06-14,64.14100055597869,64.31285863965537,62.80227694524148,63.56208801269531,25510700
2017-06-15,62.65754418744821,63.50781482932815,62.232415767607534,63.22740936279297,26068700
2017-06-16,63.073629056097296,63.34498713838236,62.61231134478502,63.31785202026367,48345100
2017-06-19,63.77013002266211,64.16813020562333,63.63444751473452,64.10481262207031,23798300
2017-06-20,64.059578728946,64.104808529067,63.2002677354354,63.2364501953125,21512200
2017-06-21,63.50781776533422,63.87868285856736,63.26359475110966,63.56208801269531,19891100
2017-06-22,63.806302214833345,63.85152510946429,63.05553177276091,63.55303192138672,22965700
2017-06-23,63.399257763299985,64.44852834430993,63.24548749228591,64.41234588623047,27617300
2017-06-26,64.58420166432326,64.86460704824206,63.71584349703841,63.79724884033203,19607000
2017-06-27,63.417382816507,63.48070042319734,62.57615924127723,62.603294372558594,25215100
2017-06-28,62.603287691072445,63.17314609046605,62.22338209147671,63.13697052001953,25806200
2017-06-29,62.75704431713449,62.8565443668899,61.59018574362965,61.952003479003906,28918700
2017-06-30,62.21431597204277,62.757039079257325,62.178133511415304,62.349998474121094,24161100
2017-07-03,62.71181100410195,62.95603396680983,61.52685794490968,61.662540435791016,16165500
2017-07-05,61.74398283828023,62.8113417060185,61.70780036297197,62.4857063293457,21176300
2017-07-06,61.75299566383814,62.21431339132901,61.61732006848651,62.02436065673828,21117600
2017-07-07,62.14193866676751,63.173114435305855,62.14193866676751,62.82939147949219,16878300
2017-07-10,62.829412831449005,63.54400100180771,62.59423025486394,63.29977798461914,15014500
2017-07-11,63.31786997414029,63.932958129933084,63.091734724232644,63.30882263183594,17460000
2017-07-12,63.941990071448764,64.47566582016393,63.81535491408929,64.35807800292969,17750900
2017-07-13,64.67464611864501,65.16309881956074,64.50278121431455,64.91886901855469,20269800
2017-07-14,65.34402850140839,66.27570446460143,65.09075816979463,65.83248138427734,25868100
2017-07-17,65.85057492343586,66.4385209397264,65.77821000105895,66.34806823730469,21803900
2017-07-18,66.11288155189958,66.3842465432779,65.72393564594154,66.30284118652344,26435300
2017-07-19,66.48375954371552,66.97221248278092,66.43852973596697,66.80939483642578,22416200
2017-07-20,67.0988578117517,67.20740522610599,66.28476945684649,67.13504028320312,42361000
2017-07-21,66.4385081924826,67.19832592945976,66.18523791385604,66.74605560302734,46717100
2017-07-24,66.51086304294583,66.70986306065814,66.14904545629585,66.57418060302734,21394800
2017-07-25,66.75513207039496,67.21644303585838,66.48376699568665,67.10790252685547,22018700
2017-07-26,67.2435806770565,67.27976314844368,66.76417500810268,66.98126983642578,16252200
2017-07-27,66.71895467386372,67.3159482220784,65.41641325797559,66.17623138427734,36844200
2017-07-28,65.73297490747763,66.3118804376905,65.61538709390567,66.06765747070312,18306700
2017-07-31,66.30283121952996,66.42946635617714,65.49779060751692,65.76010131835938,23600100
2017-08-01,66.12194673064815,66.41139957902928,65.5701761601247,65.6515884399414,22132300
2017-08-02,65.62444690796272,65.63348734842636,64.62040592853153,65.36212921142578,26499200
2017-08-03,65.29880911171121,65.52494433439911,64.991261620284,65.26262664794922,18214400
2017-08-04,65.4887569564852,66.06766253103832,65.34402711229752,65.74202728271484,22579000
2017-08-07,65.85059498164054,65.9410477116143,65.36214195846107,65.48877716064453,18705700
2017-08-08,65.20834710527586,66.1490704252168,64.90080652625045,65.8415298461914,22044600
2017-08-09,65.35306293813484,65.5882454429531,65.17215756587316,65.55206298828125,22213400
2017-08-10,65.03649245935235,65.29881014997312,64.53899220108887,64.59326934814453,24734500
2017-08-11,64.77417514525706,65.76012142505657,64.47567498856384,65.57921600341797,21443700
2017-08-14,66.0857722265499,66.68277268015474,65.9862721509491,66.56517791748047,20096600
2017-08-15,66.91982528561611,66.91982528561611,66.41968125240479,66.58336639404297,19181400
2017-08-16,66.69247411183308,67.3835898103118,66.5378845420544,66.97438049316406,18150400
2017-08-17,66.9107455299861,67.17446090073135,65.83769989013672,65.83769989013672,22977500
2017-08-18,65.71945716739616,66.23779219257182,65.41027803631869,65.91951751708984,18761500
2017-08-21,65.90133127461155,65.91042681872739,65.2011200729065,65.61033630371094,17734800
2017-08-22,65.79221442479414,66.6015445134828,65.79221442479414,66.52880096435547,14343700
2017-08-23,66.34692953643223,66.51971022105278,65.95590431293803,66.1286849975586,13766500
2017-08-24,66.14685850025248,66.2559842210515,65.53758883599355,66.10139465332031,17098300
2017-08-25,66.25599499715909,66.70157962162477,65.9104405652282,66.21961975097656,12794300
2017-08-28,66.43782471090155,66.4651043948198,65.97405620856189,66.22867584228516,14569700
2017-08-29,65.70126587368313,66.52878687783917,65.51939663257053,66.42875671386719,11478400
2017-08-30,66.39238245897903,67.48361179751055,66.22869736441261,67.30174255371094,16897800
2017-08-31,67.3199342834458,68.16563954429104,67.11078532331192,67.99285888671875,27652800
2017-09-01,67.93829476552037,67.96557445947637,66.96527969984233,67.23809051513672,21736200
2017-09-05,66.69248000714688,67.1926309393099,66.36511668721192,66.9380111694336,21556000
2017-09-06,67.05623426095175,67.3290451573507,66.70158425835469,66.74705505371094,16535800
2017-09-07,67.00168569028416,67.83829573230368,66.92893518109888,67.60186004638672,17471200
2017-09-08,67.59274213564174,67.69277230794223,67.1471506634423,67.27446746826172,14703800
2017-09-11,67.57455601437756,68.14745739564023,67.57455601437756,67.98377227783203,17910400
2017-09-12,67.98373830064091,68.42022710473401,67.62908854561609,67.9109878540039,14394900
2017-09-13,68.13833992404268,68.4111506785558,67.79278564780964,68.39295959472656,13380800
2017-09-14,68.20201478472035,68.6475993387109,67.76551883743635,67.99285888671875,15733900
2017-09-15,68.04740546541989,68.5566448078872,67.35628997359589,68.48389434814453,38578400
2017-09-18,68.4111662236392,69.0840907830505,68.23838557732886,68.3475112915039,23307000
2017-09-19,68.39296359671994,68.84764358893682,68.21109437497962,68.60211944580078,16093300
2017-09-20,68.52027969869603,68.70215587491644,67.57454439595003,68.14744567871094,21587900
2017-09-21,68.30202981464697,68.42024411642602,67.39266981917876,67.48360443115234,19186100
2017-09-22,67.28356026366892,67.75643145996102,67.15625038879054,67.66549682617188,14111400
2017-09-25,67.3744917577371,67.51999271531352,66.3105420224628,66.6197280883789,24149200
2017-09-26,66.9925621509003,67.1198720198459,66.37419695693559,66.6197280883789,18019600
2017-09-27,66.88344610021191,67.4472449891613,66.53788478079876,67.15625,19565100
2017-09-28,66.87434795438688,67.26537310628821,66.66519206193698,67.1744384765625,10883800
2017-09-29,67.23809155501438,67.78370625617418,67.18352522839126,67.73823547363281,17079100
2017-10-02,67.93829332749755,68.21110413701746,67.5654592882119,67.84735870361328,15304800
2017-10-03,67.9019096153096,68.09287438299178,67.46542069999788,67.5290756225586,12190400
2017-10-04,67.37449096325325,67.9473923046203,67.02893659988536,67.92011260986328,13317700
2017-10-05,68.40208618729697,69.22051188448938,68.1656505552483,69.0841064453125,21195300
2017-10-06,68.81127577965106,69.13864596438974,68.69306146655474,69.11136627197266,13959800
2017-10-09,69.08406617222208,69.61149652937301,68.98403603766363,69.37506103515625,11386500
2017-10-10,69.41143626025612,69.68424004170795,69.23865567549794,69.37506103515625,13944500
2017-10-11,69.4387496258147,69.52968426373974,69.06590859109343,69.4933090209961,15388900
2017-10-12,69.55695856786211,70.28444949058887,69.44783978596043,70.1298599243164,16876500
2017-10-13,70.55724321151459,70.81186985426872,70.28443935822081,70.46630859375,15335700
2017-10-16,70.40266052095097,70.7573104212633,70.33900558853253,70.61181640625,12380100
2017-10-17,70.44813219838277,70.58453760897481,70.24807185456342,70.5572509765625,16824000
2017-10-18,70.63001411078093,70.7936992452502,70.35721017857794,70.57545471191406,13300700
2017-10-19,70.53905009744302,70.8664202300794,70.33898980106903,70.84823608398438,15092800
2017-10-20,71.22107963664423,71.81216506334172,71.13014501819848,71.66666412353516,22866400
2017-10-23,71.83037717625814,72.14865193365961,71.62122816619548,71.68488311767578,20627200
2017-10-24,71.74853344989604,72.02133739387554,71.34841267328342,71.712158203125,17517200
2017-10-25,71.4575116258484,71.9303757808685,70.93917669494317,71.50297546386719,20410800
2017-10-26,72.02132961584543,72.22138998254599,71.61212027513479,71.6212158203125,32120700
2017-10-27,76.72274757225398,78.38687200774059,76.03163165244625,76.2135009765625,71066700
2017-10-30,76.11344371223024,76.68634506151024,75.57692454028536,76.28622436523438,31756700
2017-10-31,76.71362450182579,76.71362450182579,75.57692428924287,75.64057922363281,27086600
2017-11-01,76.09525930866599,76.1680097873595,75.36776839746591,75.64057922363281,22307400
2017-11-02,75.79516827091105,76.80455860783508,75.58601931842695,76.43172454833984,23992900
2017-11-03,76.45900567274191,76.87731052339858,75.84064047223477,76.51356506347656,17633500
2017-11-06,76.56813612589458,77.0228162856395,76.45901732779174,76.81366729736328,19860900
2017-11-07,77.08647799014281,77.20469928227915,76.32261858496608,76.63179779052734,17939700
2017-11-08,76.51355536186584,76.94095570274149,76.2316559616571,76.8954849243164,18034200
2017-11-09,76.48627732958722,76.6317713355444,75.38595245891861,76.46808624267578,21178400
2017-11-10,76.19528541386296,76.47718483141357,75.68604596593488,76.26803588867188,19397800
2017-11-13,76.07707711877491,76.33169686289737,75.89520091735336,76.32260131835938,14196900
2017-11-14,75.9315736830649,76.47718839381282,75.45870945051468,76.43172454833984,18801300
2017-11-15,76.28550702179449,76.4865721280759,75.57264489785953,75.83768463134766,19383100
2017-11-16,75.9473354973416,76.23979187072446,75.80111079700515,76.03872680664062,20962800
2017-11-17,75.96560753364997,75.96560753364997,75.16134738751832,75.30757904052734,22079000
2017-11-20,75.30759122319911,75.48123262335143,75.17050076950298,75.42639923095703,16315000
2017-11-21,75.618310354879,76.62362855833045,75.618310354879,76.51396179199219,21237500
2017-11-22,76.614495171069,76.67846977638864,75.89249206948504,75.95646667480469,20553100
2017-11-24,75.86508513575701,76.24893281704735,75.65487884969234,76.09356689453125,7425600
2017-11-27,76.13925055839239,76.75158690277284,76.13011630941281,76.65105438232422,18265200
2017-11-28,76.83385605836547,77.7386419943602,76.78815691128345,77.57413482666016,21926000
2017-11-29,77.41876974497256,77.6106936139745,76.02046229030768,76.16668701171875,27381100
2017-11-30,76.32206646366375,77.24512796416423,76.16669353218022,76.92525482177734,33054600
2017-12-01,76.40430445960102,77.51015541813311,76.05701467043977,77.00749969482422,29532100
2017-12-04,77.15370885257342,77.1628500741248,73.75389959720049,74.1011962890625,39094900
2017-12-05,74.33883235638515,75.56349838497826,74.00982499142694,74.56731414794922,26152300
2017-12-06,74.53075039234062,75.98389099012638,74.42107664105671,75.65487670898438,26162100
2017-12-07,75.43553831320183,75.67316129468448,74.94201687752708,75.38983917236328,23184500
2017-12-08,76.43173512605325,77.2999702167043,76.1575611285148,76.91612243652344,24489100
2017-12-11,77.03491117142582,78.02195404978163,76.87954524780777,77.89400482177734,22857900
2017-12-12,77.96712583129955,78.64343696777271,77.7569264837098,78.2138900756836,23924100
2017-12-13,78.36010838290089,78.59773138362894,77.83917020961549,78.00367736816406,22062700
2017-12-14,78.0767631374421,78.47889314182991,77.25422766151601,77.40045928955078,19306000
2017-12-15,77.92144689031097,79.59392862173758,77.57415003888912,79.37458801269531,53936700
2017-12-18,79.62134137091965,79.96863120196353,78.80794670851085,78.94503021240234,22283800
2017-12-19,78.9175835683602,78.9175835683602,77.930540878582,78.44234466552734,23524800
2017-12-20,78.78050537393145,78.87190365298439,77.41875608310116,78.1590347290039,23674900
2017-12-21,78.64343267128999,78.68912484436446,78.04937863963647,78.1407699584961,17990700
2017-12-22,78.04937743214109,78.25957676499515,77.61068934660689,78.14990997314453,14145800
2017-12-26,77.96713561750562,78.16820073884494,77.71123708951443,78.04939270019531,9891200
2017-12-27,78.27785398566549,78.5794515885388,77.88486507144846,78.33268737792969,14678000
2017-12-28,78.50633453954357,78.53375123525281,78.18646146841908,78.34182739257812,10594300
2017-12-29,78.25959538934089,78.64345017030016,78.1407873456584,78.1773452758789,18717400
2018-01-02,78.71653962973676,78.88104678877039,78.14076805947431,78.55203247070312,22483800
2018-01-03,78.65256284720414,79.06383421983,78.57031275630516,78.9176025390625,26061400
2018-01-04,79.13693666596708,80.11484526314953,79.11866119370926,79.6121826171875,21912000
2018-01-05,80.11487044024004,80.80031591502905,79.9046640933115,80.59925079345703,23407100
2018-01-08,80.60836456886037,80.95566131706403,80.06000972287217,80.68148040771484,22113000
2018-01-09,81.01965220489089,81.09276805842997,80.29764883979352,80.62666320800781,19484300
2018-01-10,80.29763580169293,80.59923341903689,79.88637139455875,80.26107788085938,18652200
2018-01-11,80.54438754191877,80.54438754191877,79.73099303396495,80.49869537353516,17808900
2018-01-12,81.03791071470252,82.05237030884334,80.8368456459236,81.88786315917969,24271500
2018-01-16,82.34482520663133,82.97543709777433,80.43472103303876,80.74545288085938,36599700
2018-01-17,81.41260271806934,82.50931211189513,81.11100519431935,82.38136291503906,25621200
2018-01-18,82.07065181347411,82.86576388380405,81.9427025843932,82.3448257446289,24159700
2018-01-19,82.38140537853016,82.81095232054618,81.94272418396496,82.25345611572266,36875000
2018-01-22,82.25343797454691,83.73400236826448,82.01581497915045,83.72486114501953,23601600
2018-01-23,83.9898910522461,84.35546323963982,83.6608767808627,83.9898910522461,23412800
2018-01-24,84.58396373608988,85.38821714847862,83.69745325126546,83.91679382324219,33277500
2018-01-25,84.51083038609883,85.21455110461312,84.01730897182365,84.38288116455078,26383200
2018-01-26,85.10487978123022,85.9639663696289,84.61135839331988,85.9639663696289,29172200
2018-01-29,86.95103665481558,87.23435186664142,85.65326165345093,85.83604431152344,31569900
2018-01-30,85.26937977751605,85.59839400860001,84.17266334966665,84.75757598876953,38635100
2018-01-31,85.6806492188202,87.18863003961326,85.46130870917857,86.83219909667969,48756300
2018-02-01,86.63113921666623,87.80096463470002,85.52528840828398,86.14675903320312,47227900
2018-02-02,85.58012327478943,85.88172085666305,83.6243200628307,83.88021850585938,47867800
2018-02-05,82.7652339747874,85.21455882339797,80.42558288574219,80.42558288574219,51031500
2018-02-06,79.41111781382837,83.60604644051041,77.91227806632236,83.46895599365234,67998600
2018-02-07,82.70129498595517,83.87112103443911,81.52232771039185,81.89704132080078,41107600
2018-02-08,81.98841821832637,82.14378418771751,77.4644808187755,77.69296264648438,55628700
2018-02-09,78.87191500622977,81.27554087532496,76.61451385379014,80.59009552001953,63499100
2018-02-12,81.10189719941961,82.05238231739185,80.3616184039468,81.45832824707031,35720300
2018-02-13,81.2755173952334,82.25341887404986,80.24278253510101,82.09805297851562,26407700
2018-02-14,81.27171033012249,83.54889358087277,81.17988966775582,83.38361358642578,34960900
2018-02-15,83.7508595905031,85.13737398763269,83.20911306107021,85.08228302001953,27823900
2018-02-16,84.88945360677114,85.85358760667884,84.29261608874305,84.47625732421875,30596900
2018-02-20,83.99879888880501,85.44958168636238,83.5672342127381,85.13739013671875,30911700
2018-02-21,85.37611824531966,85.72503940330421,84.00796508789062,84.00796508789062,26922500
2018-02-22,84.5221779821603,85.14656804100335,83.8886037591603,84.22834777832031,24392800
2018-02-23,85.9454021765305,86.37696675554017,84.80681118468154,86.36778259277344,26329200
2018-02-26,86.6799804526395,87.64410737228641,86.54224603398607,87.61656188964844,30199800
2018-02-27,87.910397804178,88.00221842080582,86.496337890625,86.496337890625,25869100
2018-02-28,87.08401219037442,87.8828663944497,85.97296643867335,86.10151672363281,31167300
2018-03-01,86.30353030111313,86.8360997950893,84.32935511169487,85.25675964355469,37135600
2018-03-02,84.09061424828909,85.53221979609141,83.42949453112489,85.44039916992188,32830400
2018-03-05,84.78843546965997,86.5606004341573,84.71498319031842,85.98212432861328,23901600
2018-03-06,86.62489023667327,86.76262466765685,85.33938756206416,85.68830871582031,22175800
2018-03-07,85.54140691434773,86.2576176308536,84.87110300977957,86.18415832519531,26716100
2018-03-08,86.56059334427998,87.3227175994124,86.1014833600502,86.70751190185547,25887800
2018-03-09,87.49720610274092,88.64498138427734,87.23092139676874,88.64498138427734,36937300
2018-03-12,88.60825426879894,89.2601898067012,88.18587379376923,88.85617065429688,26073700
2018-03-13,89.06734990999239,89.2877207729822,86.28514412130697,86.68916320800781,35387800
2018-03-14,87.34111622173435,87.60740094562114,85.85359683482145,86.17497253417969,32132000
2018-03-15,85.88112943987333,86.845263398787,85.2383781375734,86.47797393798828,27611000
2018-03-16,86.93707623003581,87.57982747479682,86.23922701753591,86.86361694335938,49081300
2018-03-19,86.07395034576047,86.22086892461041,84.57725410240958,85.29346466064453,33344100
2018-03-20,85.44038743411205,86.10150005500329,85.3944736246015,85.51383972167969,23075200
2018-03-21,85.33018073585205,86.35858960787024,84.66906124708767,84.91698455810547,24457100
2018-03-22,83.80593740254174,84.24668609065121,82.32760962842906,82.44697570800781,38604700
2018-03-23,82.18072419213787,83.06221491823567,79.95863254892477,80.05045318603516,44068900
2018-03-26,83.19993097007492,86.31269681609042,83.00710557316275,86.11068725585938,56396800
2018-03-27,87.17584985578752,87.35949113957975,81.2716922113571,82.15318298339844,56569000
2018-03-28,82.47455458869047,83.76924869240905,81.60224802630908,82.07971954345703,52501100
2018-03-29,82.80509733118622,84.74254249993496,81.17066650760802,83.80595397949219,45867500
2018-04-02,83.07138695838356,83.4478536172263,80.35345586492824,81.28085327148438,48515400
2018-04-03,82.254184286207,82.68574899074193,80.702389584062,82.37355041503906,37213800
2018-04-04,80.6656298298618,85.17409362895515,80.5554479075788,84.77925872802734,35560000
2018-04-05,84.8802932984515,85.45876960995129,83.92534327238921,84.8251953125,29771900
2018-04-06,84.0079733479135,84.89864816044994,82.1623555874764,82.85102081298828,38026000
2018-04-09,83.59476326826066,85.55056966512937,83.20911248670298,83.34683990478516,31533900
2018-04-10,84.83439093577752,85.65160661553537,84.14572556482653,85.28431701660156,26812000
2018-04-11,84.48545173119489,85.66077259385675,83.99879609326129,84.34771728515625,24872100
2018-04-12,84.87110063732773,86.45962480182462,84.87110063732773,85.92705535888672,26758900
2018-04-13,86.35861603434904,86.4779821431121,84.8802808933294,85.46794128417969,23346100
2018-04-16,86.37695991357475,86.91871338648184,85.78011547935824,86.46878051757812,20288100
2018-04-17,87.23089151147066,88.64495101452256,87.1207026002267,88.21338653564453,26771000
2018-04-18,88.35115966070136,88.81026981732072,87.70840123815526,88.55316925048828,21043300
2018-04-19,88.55316696474958,89.13164322519089,87.5431190418864,88.25015258789062,23552500
2018-04-20,88.06651033026803,88.25015158390038,86.35862005072107,87.23092651367188,31154400
2018-04-23,87.91042015803303,88.41544418609944,86.89119494172868,87.55231475830078,22331800
2018-04-24,88.36951178502122,88.5807055174848,84.85273367557797,85.50466918945312,34524800
2018-04-25,85.6699454251039,85.6699454251039,82.89691656398176,84.76090240478516,33729300
2018-04-26,85.89950945330023,87.36866049092222,85.48630612663281,86.55144500732422,42529000
2018-04-27,89.6182792079117,89.89374803655912,86.23005184614287,87.98384857177734,48272800
2018-04-30,88.45212813852982,88.51640325384756,85.53218846109388,85.8719253540039,41523600
2018-05-01,85.5873113734427,87.49721123526412,85.20166053753591,87.23092651367188,31408900
2018-05-02,87.22173975960612,87.38701968515375,85.56894750959458,85.86277770996094,27471000
2018-05-03,85.35775854557981,87.16665366377438,84.88946422941343,86.37698364257812,31142500
2018-05-04,85.68830183160676,87.57065589107083,85.32101238031333,87.3778305053711,22531300
2018-05-07,87.38703157371367,88.80109179456014,87.32275642756,88.35116577148438,24242000
2018-05-08,88.01140005684547,88.29605306732101,87.28600529702683,87.97467041015625,23484600
2018-05-09,88.15832300367343,89.03981355141954,87.27683245592732,89.01226806640625,27327400
2018-05-10,89.48974316359573,89.9396691167187,89.11327651050307,89.90294647216797,22388100
2018-05-11,89.80194115261534,89.866216288394,89.10409181740098,89.71011352539062,16778300
2018-05-14,89.91211015815817,90.61914355544552,89.35199533891722,90.01311492919922,19454100
2018-05-15,89.28775436695899,89.84786940045653,88.46135456299001,89.36121368408203,24594000
2018-05-16,89.7854122968985,89.82230114930566,89.10298611693905,89.59175109863281,17384700
2018-05-17,89.23207465314258,89.95138953291682,88.37442836514381,88.69719696044922,17246700
2018-05-18,88.54042871652265,89.38885107340639,88.54042871652265,88.86319732666016,17865800
2018-05-21,89.45342563337461,90.38484987031111,89.26898839485415,90.00674438476562,19422500
2018-05-22,90.0805165825149,90.53239271432066,89.63785738699043,89.91452026367188,15441200
2018-05-23,89.1859737137664,91.04882191613312,88.82631622599008,90.98426818847656,21251200
2018-05-24,91.04880546704604,91.24246661502843,89.27817619038484,90.6614761352539,26649300
2018-05-25,90.65228132415173,91.27937773362841,90.24651098983473,90.70761108398438,18363900
2018-05-29,90.22804730826103,91.18713618110571,89.6655117644797,90.38482666015625,28671000
2018-05-30,90.6615014062492,91.52837186479678,90.29262694679257,91.251708984375,22158500
2018-05-31,91.56526288514259,92.21080024030006,90.93816643906268,91.1502685546875,34140900
2018-06-01,91.55601575052748,93.01309345307145,91.45457318669038,92.94853973388672,28655600
2018-06-04,93.3819876627596,93.93530633672795,93.00388223012023,93.76008605957031,27281600
2018-06-05,94.06441899537772,94.36874674543232,93.63098378211734,94.23963928222656,23514400
2018-06-06,94.50704893592737,94.61770842110141,93.97217130482994,94.51626586914062,21122900
2018-06-07,94.66383797022313,94.70072681707995,92.57043988502406,93.03153991699219,28232200
2018-06-08,93.22519383811498,94.01828639430563,92.71798806388077,93.72318267822266,22165100
2018-06-11,93.15143512589223,93.6863058427196,92.83788342971076,93.18832397460938,23490900
2018-06-12,93.23444700062433,93.55721569180383,92.91167830944481,93.42810821533203,18325200
2018-06-13,93.80618463169988,94.07362347459072,92.7364292601365,93.00386810302734,29492900
2018-06-14,93.74163486041375,94.09206834042506,93.14220343116642,93.52952575683594,25691800
2018-06-15,93.61253011280647,93.63097101825238,92.28455977420134,92.33988952636719,65738600
2018-06-18,92.22924614787229,93.24366498463827,91.68514435840487,93.01311492919922,23586000
2018-06-19,91.89725350517371,93.14222239737875,91.75892206474441,93.01311492919922,28653100
2018-06-20,93.4834266225966,94.54395110839727,93.25287659771325,93.94452667236328,26180800
2018-06-21,94.13820226488464,94.48863582347299,93.03155775448079,93.27133178710938,23198200
2018-06-22,92.5981216430664,92.93010722842186,91.87879960661444,92.5981216430664,38923100
2018-06-25,92.220002614729,92.32144518047141,89.73006535846244,90.73526000976562,35433300
2018-06-26,91.13180044044869,92.29377436868286,91.06724672420387,91.37157440185547,26897200
2018-06-27,91.83269763923961,92.23846094302884,89.8223009210481,89.95140838623047,31298400
2018-06-28,89.80384621092799,91.39925553309246,89.69318669815428,90.95659637451172,26650700
2018-06-29,91.23324458221121,92.13700366114283,90.67992599968231,90.93814086914062,28053200
2018-07-02,90.46783472616775,92.27534620420603,90.37561611688773,92.22924041748047,19564500
2018-07-03,92.6626564612243,92.80098082862942,91.24246765730311,91.34391021728516,14670300
2018-07-05,91.7588985191893,92.14622082434005,91.32546340045168,91.99867248535156,18977400
2018-07-06,92.1185588172915,93.53874768286866,91.91567368851936,93.28975677490234,19234600
2018-07-09,93.74164159068165,94.29496024362525,93.3727601434431,93.92607879638672,18212000
2018-07-10,94.06441279774866,94.53473683176941,93.93530534304941,94.17507934570312,19293100
2018-07-11,93.28053178099015,94.37794500102527,93.2344189664743,94.04595947265625,19644600
2018-07-12,94.7745006692124,96.28691529800363,94.73761885694064,96.08403015136719,24335900
2018-07-13,96.25003204460914,97.38433428735048,95.99181009289873,97.2275619506836,24635200
2018-07-16,97.19990010370368,97.58722248960706,96.388359444673,96.7480239868164,21786900
2018-07-17,96.47139279527133,98.21435113995904,96.20395381171723,97.70713806152344,25901700
2018-07-18,97.69787704999767,97.799319619923,96.5727918459736,96.9416732788086,29493900
2018-07-19,96.76645197578351,97.11688546350729,95.80736307504533,96.2776870727539,40171600
2018-07-20,99.6713996770147,99.7820591984975,97.82699927012321,98.00221252441406,56004000
2018-07-23,98.02988131638405,99.72672625944745,97.87310193956468,99.56995391845703,29707000
2018-07-24,100.12328675301855,100.35383682908572,98.91520660589215,99.28408813476562,26316600
2018-07-25,99.56071886993736,102.5025393493425,99.22872628134745,102.20743560791016,30702100
2018-07-26,102.12441979780944,102.36419375320892,100.98089383762502,101.09156036376953,31372100
2018-07-27,101.60802912660941,101.60802912660941,97.88233907796682,99.30252838134766,37005300
2018-07-30,98.85060654989006,99.16415112923272,96.60966057907203,97.17220306396484,34668300
2018-07-31,98.20509426117076,98.41720339631175,97.18145150827125,97.82699584960938,27655200
2018-08-01,97.78087880017299,98.16820116673662,97.21833615718973,98.01142883300781,23628700
2018-08-02,97.19988504772797,99.6805983562788,96.68344824402236,99.20105743408203,26104300
2018-08-03,99.41319538190074,99.6437454574285,98.50943599006675,99.634521484375,18659600
2018-08-06,99.70830472974548,99.98496061423188,99.19186774754296,99.71752166748047,20265900
2018-08-07,100.1140301912609,100.61201903776244,99.75437275253663,100.40913391113281,16080200
2018-08-08,100.82412372253987,101.21144601870536,100.2984700246503,100.97167205810547,15487500
2018-08-09,101.17456890083417,101.58956315409948,101.07312633020231,101.13768005371094,13677200
2018-08-10,100.90713590116202,101.15613387475953,99.94804692769652,100.51981353759766,18183700
2018-08-13,100.74112462666112,101.05467628092377,99.68981720417187,99.791259765625,18472500
2018-08-14,100.11406221315927,101.21148282049167,99.6345211534196,101.03626251220703,16788300
2018-08-15,100.43452703874586,100.89740163094956,98.88852759588288,99.6661605834961,29982800
2018-08-16,100.25861120487912,100.77702834172722,99.33286228170536,99.64761352539062,21384300
2018-08-17,99.388398024851,99.88830325604602,98.76814798468253,99.5920639038086,18061500
2018-08-20,99.52726264525455,99.88830413826693,98.5737424425345,98.93478393554688,17914200
2018-08-21,98.98110030244622,99.37917273104311,97.99054896564547,98.11090087890625,22881900
2018-08-22,97.99053179559597,99.36989584991643,97.92572964708171,99.11068725585938,18000600
2018-08-23,99.19401679578431,100.1475372321656,98.93480817963076,99.57357025146484,18167700
2018-08-24,99.67538881130407,100.4993048205329,99.57355586068891,100.35118865966797,17234000
2018-08-27,101.15658306539498,101.49911271414486,100.45301895976844,101.46208190917969,19662300
2018-08-28,101.77685019376133,102.29526738826925,101.63798642725969,102.07308959960938,19151500
2018-08-29,102.2489745553378,103.71165967516268,102.08233945228301,103.70240020751953,20818000
2018-08-30,103.37837993411111,104.24858617679116,103.16546163828751,103.63758850097656,22798700
2018-08-31,103.39691629947859,104.40597939959572,103.2395335891452,103.98939514160156,23222700
2018-09-04,102.61926825199427,103.6468501370778,102.03604896434032,103.41541290283203,22634600
2018-09-05,102.76741637793604,103.14696986137442,100.07348292824277,100.43452453613281,32872400
2018-09-06,100.2123547010409,100.8974071574112,99.5273022446706,100.66596984863281,23477600
2018-09-07,100.19379664135467,100.64741157986032,99.26804783294962,100.17527770996094,22498600
2018-09-10,100.75854032031502,101.49914251122904,100.31418465609137,101.2584457397461,20727900
2018-09-11,100.81407437425726,103.30433455097608,100.8048149060138,102.9803237915039,24301800
2018-09-12,103.1562043305414,103.54501718897735,102.30451700361388,103.41541290283203,18891100
2018-09-13,103.79499401659001,105.28545066682624,103.79499401659001,104.52633666992188,26055600
2018-09-14,104.94291185765987,105.28544154549142,104.09122443499749,104.9521713256836,19122300
2018-09-17,105.2484133247519,105.25766573009852,103.55429084288141,103.8134994506836,20736500
2018-09-18,103.85979329046586,105.25766933946252,103.42469008549011,104.8040542602539,22170900
2018-09-19,104.65592522308387,104.90587434050498,102.7951677919561,103.40615844726562,21728400
2018-09-20,103.94308169753675,105.35022393115551,103.61907100654011,105.13729858398438,23714500
2018-09-21,105.53538817732326,106.72960525950992,105.08177313557785,105.77608489990234,71229700
2018-09-24,104.63738172210098,106.36853445437299,103.88752748297956,106.15560913085938,27334500
2018-09-25,106.27599077011818,106.55371123954869,105.30395146985006,105.95197296142578,22668000
2018-09-26,105.97049892428093,106.51668749441315,105.2946989843342,105.51688385009766,19352000
2018-09-27,106.25745481470133,106.37780668879137,105.72051877173935,105.91493225097656,19091300
2018-09-28,105.71128694553958,106.06306904410987,105.23915294945213,105.87792205810547,21647800
2018-10-01,106.22970363950031,107.09065053974841,106.21119176615191,107.02584838867188,18883100
2018-10-02,106.73886987565925,107.23876815472856,105.94272511580095,106.60000610351562,20787200
2018-10-03,106.84995992011126,107.5535312169723,106.39634483663085,106.61852264404297,16648000
2018-10-04,106.10010043508444,106.2389642068008,103.34136512591644,104.41523742675781,34821700
2018-10-05,104.26709655913007,104.76700181505068,102.42485821700116,103.8042221069336,29068900
2018-10-08,103.36913178158373,103.71165437492729,101.22138742401492,102.61927032470703,29640600
2018-10-09,102.8877571317631,104.68371269342045,102.57300581962805,103.92459869384766,26198600
2018-10-10,102.98033486273057,103.22103162260312,97.93500475207948,98.27753448486328,61376300
2018-10-11,97.52765729193052,100.84184045985295,96.46304451238059,98.04608154296875,63904300
2018-10-12,100.91589376763393,102.98030994534736,99.16622883882954,101.43431091308594,47742100
2018-10-15,100.82332403103194,101.35100066308081,99.00884982875091,99.61058807373047,32068100
2018-10-16,101.40655537998632,103.13770870751122,100.86035974841012,102.75814819335938,31610200
2018-10-17,103.38765514609847,103.50799998106973,101.41581219394271,102.48967742919922,26548200
2018-10-18,101.92493745381944,102.32300970466025,99.82349086824743,100.44374084472656,32506200
2018-10-19,100.84183754682013,102.62853337620223,100.17529714538577,100.59188842773438,32785500
2018-10-22,101.20287299639004,102.3322878238592,100.2030624544104,101.48985290527344,26545600
2018-10-23,99.76797979330264,100.87888297770238,97.3054908009247,100.07347869873047,43770400
2018-10-24,100.36043203734711,100.4344865744553,94.04681836300598,94.72261810302734,63897800
2018-10-25,98.63856043850126,101.1565918281231,98.26825941967601,100.25862121582031,61646800
2018-10-26,97.84239898279905,100.67518822585262,96.98145226304115,99.01809692382812,55523100
2018-10-29,100.08272310110335,100.62891161079169,94.08386658454805,96.13903045654297,55162000
2018-10-30,95.96312907646576,96.62966231489965,92.67671783739105,96.0279312133789,65350900
2018-10-31,97.61097794835354,100.11049745208217,97.56468767265675,98.8792495727539,51062400
2018-11-01,99.10142150576883,99.35137059840667,97.69427923765613,98.0553207397461,33384200
2018-11-02,98.57377393435812,99.35139984069245,97.18515019055627,98.27753448486328,37680200
2018-11-05,98.47191426194436,99.74018575048021,98.03681114346132,99.52726745605469,27922100
2018-11-06,99.40692897185286,100.75852171725614,98.38860644453858,99.72168731689453,24340200
2018-11-07,101.31397381998696,103.90606680782544,101.27694301207298,103.64685821533203,37901700
2018-11-08,103.49875152253253,103.8783049783185,102.6748353939991,103.45246124267578,25644100
2018-11-09,102.61926842434988,103.17471637489186,100.68445653299945,101.43431091308594,32039200
2018-11-12,101.29543930809682,101.79534454370703,98.22195335289952,98.93478393554688,33621800
2018-11-13,99.56432608917898,100.66596279904078,98.72189095402605,98.99961853027344,35374600
2018-11-14,100.5057977205912,100.65456086513805,97.13081367962779,97.59568786621094,39495100
2018-11-15,97.61426109525422,100.2268583490919,96.6101384347413,99.7433853149414,38505200
2018-11-16,99.55744714809275,101.23098978971016,99.29711876562448,100.68244171142578,33502100
2018-11-19,100.66386276855377,100.93349067349995,96.27545599035545,97.2702865600586,44773900
2018-11-20,94.64837829989536,95.73618209149464,92.37049074440347,94.564697265625,64052500
2018-11-21,96.32191528410425,97.09360801802328,95.0574571228492,95.86634063720703,28130600
2018-11-23,94.9923876600706,96.51717439370799,94.8343321422536,95.82916259765625,13823100
2018-11-26,97.42832560544561,99.13905907958066,97.23307931285954,98.99030303955078,32336200
2018-11-27,98.80432917086173,99.78986699739039,97.95826207383786,99.61321258544922,29124500
2018-11-28,100.31056137394653,103.5088983651164,100.28267005492876,103.31365203857422,46788500
2018-11-29,102.57914645208969,103.31364856634919,101.37047065021099,102.44898223876953,28123200
2018-11-30,102.92314564293937,103.17418168471728,101.67728618451315,103.09980010986328,33665600
2018-12-03,105.06155129439023,105.45204385341853,102.9510259071901,104.2154769897461,34732800
2018-12-04,104.07601496202257,104.72683585955434,100.60805108210559,100.89627075195312,45197000
2018-12-06,98.38594935401564,101.56568633767712,97.62355615161583,101.51920318603516,49107400
2018-12-07,100.76612441646886,101.76095487510167,96.97275650945875,97.45622253417969,45044900
2018-12-10,97.43762469565718,100.39422457394883,96.59155033765839,100.0316162109375,40801500
2018-12-11,102.08635871972184,103.15556351188069,99.89215232454038,100.96135711669922,42381900
2018-12-12,103.09979632263216,103.4530981500845,101.3797632544665,101.41695404052734,36183000
2018-12-13,101.88181999944426,103.08119615274552,100.99855486200929,101.76094818115234,31333400
2018-12-14,100.64524955596535,101.58429728855633,98.08844183052511,98.58120727539062,47043100
2018-12-17,98.00477394091753,98.36737521870621,94.56470089648415,95.66180419921875,56957300
2018-12-18,96.46138594110346,97.16799663391299,95.31779241318033,96.66593170166016,49319200
2018-12-19,96.36843359837856,99.37151728588509,94.23000920757862,96.40562438964844,68198200
2018-12-20,95.81055917662205,96.98203685429655,91.84053021092112,94.37874603271484,70334200
2018-12-21,94.49034005533642,95.76409808839519,90.61329040796451,91.3292007446289,111242100
2018-12-24,90.81782147999952,91.08744935974066,87.37775533265946,87.5172119140625,43935200
2018-12-26,88.45625671519967,93.61636285211273,87.35915338759548,93.49549102783203,51634800
2018-12-27,92.32401323107835,94.08123703061523,89.62774161962797,94.07193756103516,49498500
2018-12-28,94.91800991950707,95.21553621458088,92.52855683617967,93.33744049072266,38196300
2018-12-31,94.17420378303974,95.20622493748444,93.38391916665485,94.43453216552734,33173800
2019-01-02,92.55644686887081,94.60189030844347,91.98929983370067,94.01615142822266,35329300
2019-01-03,93.06782078791431,93.15150183911494,90.3715487958128,90.55750274658203,42579100
2019-01-04,92.71446865403227,95.30846634016224,91.97996690691326,94.76921081542969,44060600
2019-01-07,94.49962122804631,96.01510847692208,93.88599100886,94.8901138305664,35656100
2019-01-08,95.80126259865891,96.66592877355556,94.56469569705315,95.578125,31514400
2019-01-09,96.56367681040736,97.51201713016418,95.98723020448902,96.94486999511719,32280800
2019-01-10,95.96862810386999,96.46139360614016,95.18763578272288,96.32192993164062,30067600
2019-01-11,95.94072625785186,96.173163325368,94.49961360188529,95.578125,28314200
2019-01-14,94.74136517609254,95.64322227614912,94.146326756277,94.88082885742188,28437100
2019-01-15,95.30850272406684,97.6700643193437,94.72275673988557,97.63287353515625,31587600
2019-01-16,97.86529480526552,98.79504297949228,97.58636751563122,97.97686004638672,29853900
2019-01-17,97.62357343374724,99.13906063913635,97.40043582348393,98.6648941040039,28393000
2019-01-18,99.91075901340024,100.31985056619368,98.46965329559843,100.14319610595703,37427600
2019-01-22,99.25064412722521,99.57605465649982,97.4934201757248,98.25581359863281,32371300
2019-01-23,98.66489185090703,99.5202585818973,97.93968222063278,99.21343994140625,25874300
2019-01-24,99.35291039420565,99.48307459723334,97.93968891359495,98.73927307128906,23164800
2019-01-25,99.70620300614567,100.30124133456077,98.73926394911703,99.64112091064453,31225600
2019-01-28,98.79505553930674,98.99960129858704,97.30745969010901,97.69795227050781,29476700
2019-01-29,97.5120202571765,97.59570131086619,94.99240267000675,95.70831298828125,31490500
2019-01-30,97.27025689619175,98.90660858154297,97.0006290734722,98.90660858154297,49471900
2019-01-31,96.50788139447243,97.82812234668714,95.93143486487503,97.09362030029297,55636400
2019-02-01,96.48928049497349,96.78679967665957,95.15974010012883,95.55953216552734,35535700
2019-02-04,95.64321135841614,98.36737419487005,95.55023085253204,98.31158447265625,31315100
2019-02-05,98.60909545495056,99.73408996718642,98.51612205020851,99.68760681152344,27325400
2019-02-06,99.48306422621978,99.48306422621978,98.1163331434924,98.58120727539062,20609800
2019-02-07,97.80022879631407,98.17212245241596,96.96345388325122,97.87460327148438,29760700
2019-02-08,97.05642899278847,98.34877862254439,96.93556426178561,98.24650573730469,21461100
2019-02-11,98.73926850145178,99.0925774019612,97.59568204300483,97.85601043701172,18914100
2019-02-12,98.68348709294986,99.61323542214171,98.06985688425999,99.38079833984375,25056600
2019-02-13,99.94792497035672,100.20825331440281,99.21342308913216,99.306396484375,18394900
2019-02-14,98.84155095205536,99.75270751269913,98.23722016178819,99.39010620117188,21784700
2019-02-15,100.32913566309254,100.69173690806221,99.81777129535784,100.61735534667969,26606900
2019-02-19,100.21756765408242,101.02645120890445,100.2082681851535,100.57086944580078,18038500
2019-02-20,100.71092850433887,100.78562773150345,99.24499000885827,100.04798889160156,21607700
2019-02-21,99.81456635053183,102.22356317255677,99.78655591925192,102.158203125,29063200
2019-02-22,102.75576458920855,103.82953559174635,102.5410061144752,103.61478424072266,27763200
2019-02-25,104.35243270518517,104.74459295772115,103.88557322634414,104.19369506835938,23750600
2019-02-26,103.88559196561143,105.73435184603026,103.80155353993152,104.91268157958984,21536700
2019-02-27,104.28704848568205,104.91263833260477,103.53073146117751,104.7352294921875,21487100
2019-02-28,104.61388477854021,105.39820537286741,104.32443414830676,104.60454559326172,29083900
2019-03-01,105.40752762354012,105.5289085178153,104.26838940875324,105.0713882446289,23501200
2019-03-04,105.52892678829515,105.74368531011287,103.45607642441168,104.81930541992188,26608000
2019-03-05,104.8099502402269,104.94067032096378,103.85756006289961,104.29640197753906,19538300
2019-03-06,104.4551427119049,105.19278154580101,104.04430408955507,104.34309387207031,17687000
2019-03-07,104.01630039361625,104.15635967154809,102.58771143087516,103.0732421875,25339000
2019-03-08,101.92476826509794,103.37202842391358,101.58862885913973,103.18528747558594,22818400
2019-03-11,103.63347005532513,105.46355844471744,103.62413799437518,105.35151672363281,26491600
2019-03-12,105.34220934531864,106.43465919800491,105.18347877671556,106.08918762207031,26132700
2019-03-13,106.56531861631656,107.37765649520674,106.23851847781202,106.91079711914062,35513800
2019-03-14,106.94818373794297,107.56443462330097,106.75210358697855,106.99486541748047,30763400
2019-03-15,107.69515214627862,109.47855895676804,106.99486285657647,108.22737884521484,54681100
2019-03-18,108.47015078799984,109.81470862923581,108.35810905037131,109.77735900878906,31207600
2019-03-19,110.26285935702762,110.58966666469846,109.23577001155999,109.8520278930664,37588700
2019-03-20,109.60927857305046,110.87913704936534,108.97434933489302,109.73065948486328,28113300
2019-03-21,109.37584507314901,112.81193134039562,109.32915627281827,112.25170135498047,29854400
2019-03-22,111.57943330384127,111.66346460410283,109.28248515510965,109.29182434082031,33624500
2019-03-25,108.83429248451851,110.18818940980864,108.61020190242989,109.86138916015625,27067100
2019-03-26,110.75776547031889,110.84179677241363,109.10507862533953,110.0948257446289,26097700
2019-03-27,110.06679365483346,110.37492263592199,107.86321623493906,109.03036499023438,22733400
2019-03-28,109.65594715690183,109.78666722974027,108.43277058432827,109.17974853515625,18334800
2019-03-29,110.24418361955236,110.47761333053843,109.20775513287747,110.122802734375,25399800
2019-04-01,111.06585791989525,111.215256360067,110.27219829668451,111.13121795654297,22789100
2019-04-02,111.16860523143855,111.56077270790416,110.66439601059314,111.28999328613281,18142300
2019-04-03,111.91555511501143,112.44777463726071,111.25261550825955,112.01826477050781,22860700
2019-04-04,112.13963466029975,112.2610226723553,110.53363706699852,111.44868469238281,20112800
2019-04-05,111.47671348696194,112.26104116991424,111.4580422409513,111.94357299804688,15826200
2019-04-08,111.86888528433384,112.06496544433216,110.77643562560972,111.9809341430664,15116200
2019-04-09,110.76709695365042,111.61678477462979,110.72041527174561,111.37401580810547,17612000
2019-04-10,111.82219437496948,112.37308518992687,111.61677504610032,112.22369384765625,16477200
2019-04-11,112.55048839806614,112.83993900663536,111.9715800572171,112.35440826416016,14209100
2019-04-12,112.64386084875551,112.96132901663233,112.39175985037127,112.93331146240234,19745100
2019-04-15,112.92397796233469,113.52155755149984,112.57849936834114,113.02668762207031,15792600
2019-04-16,113.57755090925006,113.58689009161291,112.13962314485316,112.76521301269531,14071800
2019-04-17,113.20410461338649,113.77367384899519,112.55050407598875,113.698974609375,19300900
2019-04-18,114.0911432658111,115.33298430004031,113.2601338064279,115.19293212890625,27991000
2019-04-22,114.49263631766485,115.7811660853692,114.44594751411367,115.55707550048828,15648700
2019-04-23,115.87453750901095,117.256444895031,115.62243648943817,117.12572479248047,24025500
2019-04-24,117.4525046400953,117.508525496108,116.26667761395251,116.72420501708984,31257000
2019-04-25,121.43947796338145,122.66264744389186,120.29100770462844,120.58979034423828,38033900
2019-04-26,121.10333759067734,121.86899392181294,120.46841558210407,121.28074645996094,23654900
2019-04-29,121.29007493615161,121.55151507871244,120.77654095803373,121.168701171875,16324200
2019-04-30,121.20607190230884,122.03708131640306,120.81391159708238,121.94371795654297,24166500
2019-05-01,121.87834086351423,121.9903825851974,119.23591436358876,119.40398406982422,26821700
2019-05-02,119.49737523507723,119.51604648290713,117.20041994786774,117.84468841552734,27350200
2019-05-03,118.91846315626768,120.85125425227024,118.81575348708921,120.35638427734375,24911100
2019-05-06,118.01274186982826,120.03891035630994,117.75130169398682,119.65608215332031,24239800
2019-05-07,118.07812247208369,118.75040139770226,115.98659357749065,117.20042419433594,36017700
2019-05-08,117.12571813847306,117.99407712677579,116.48144972413883,117.19107818603516,28419000
2019-05-09,116.05192550913333,117.45250389018918,115.37964674643291,117.18172454833984,27235800
2019-05-10,116.63083195856203,119.45065992002532,115.61307464677384,118.70368194580078,30915100
2019-05-13,115.88386088832989,117.22841847255457,114.88478188441582,115.17423248291016,33944900
2019-05-14,115.65976968236609,117.53653965547308,115.50103204577395,116.4627685546875,25266300
2019-05-15,116.45340558810436,118.74948222900501,115.92858255440808,118.10282897949219,24722700
2019-05-16,118.78695158656856,121.25172683459293,118.51516993202965,120.82998657226562,30112200
2019-05-17,120.24896077205302,122.26389625246225,119.88346297609567,120.0240478515625,25770500
2019-05-20,118.57142389284797,119.57420124620299,117.85917576435249,118.29027557373047,23706900
2019-05-21,119.4242530523501,119.5179691556985,118.62765544876815,118.92755126953125,15293300
2019-05-22,118.66514770463229,120.18337437526199,118.57142444774058,119.64917755126953,15396500
2019-05-23,118.27150982856791,118.35585931635548,116.90323486624975,118.25276947021484,23603800
2019-05-24,118.93690327127311,119.41485745595601,118.05595633074698,118.30899047851562,14123400
2019-05-28,119.00253044579348,119.95844616765655,118.13095707435339,118.23404693603516,23128400
2019-05-29,117.5030352488129,117.51240900373234,116.24722379265059,117.09068298339844,22763100
2019-05-30,117.39057354760364,117.8591611715282,116.94072628260098,117.83104705810547,16829600
2019-05-31,116.42529272899401,116.79079053046706,115.57245975883674,115.90984344482422,26646800
2019-06-03,116.06915576760241,116.55649091208123,111.53323089252349,112.31108093261719,37983600
2019-06-04,113.66059915229235,115.53494942103089,113.07018139166809,115.42249298095703,29382600
2019-06-05,117.1000477226772,117.9622544095278,116.40654002136861,117.92476654052734,24926100
2019-06-06,118.49644223059795,119.9303192352101,117.70921129370355,119.78974151611328,21459000
2019-06-07,121.07369439200866,123.94144887957053,120.20211381824578,123.14484405517578,33885600
2019-06-10,124.08197035977292,125.65643187300017,123.70710606146737,124.26941680908203,26477100
2019-06-11,125.46904382683012,125.80642753395966,123.03238213087653,123.80087280273438,23913700
2019-06-12,123.1448074929406,123.67900418602251,122.49816865943406,123.22916412353516,17092500
2019-06-13,123.68836863327692,124.6442912620374,123.29475679794201,124.00701904296875,17200800
2019-06-14,123.95081012289688,125.38468730464051,123.36976596563541,124.12887573242188,17821700
2019-06-17,124.29759678691478,125.32848130364181,124.20387351259237,124.50377655029297,14517800
2019-06-18,125.75952576303244,126.74356245307169,125.17848179183987,126.66858673095703,25934500
2019-06-19,126.51869845421687,127.39026484615613,125.40345726870534,127.16535186767578,23744400
2019-06-20,128.8147485620881,129.01156167699372,127.19343921611303,128.34616088867188,33042600
2019-06-21,127.99941611139504,129.07716208670809,127.88695964097253,128.3649139404297,36727900
2019-06-24,128.39302778100793,129.70506760031128,128.39302778100793,129.1240234375,20628800
2019-06-25,128.62729546554462,128.94593159968713,124.39125958168773,125.04727935791016,33327400
2019-06-26,125.9094953133706,127.21216828460724,125.20661390514596,125.515869140625,23657700
2019-06-27,125.71266403695127,126.24686069398244,125.12223916342352,125.72203063964844,16557500
2019-06-28,126.11569916667041,126.14381328437315,124.79427843399512,125.54402160644531,30043000
2019-07-01,128.04625748262103,128.11185231326922,126.4905431538185,127.15592956542969,22613500
2019-07-02,127.56828276734362,128.00875625231572,126.83728726040238,127.9993896484375,15237800
2019-07-03,128.2055880472187,129.08653514574118,127.72761947665488,128.82412719726562,13629300
2019-07-05,127.39963260138227,128.70230590119837,127.1934528589513,128.4492645263672,18141100
2019-07-08,127.83071482429632,128.48674902381725,126.86542533663261,128.3555450439453,16779700
2019-07-09,127.4558407020966,128.36490188641113,127.2684085022726,127.88694763183594,19953100
2019-07-10,128.51486878999233,129.87377027700444,128.4117789226928,129.18963623046875,24204400
2019-07-11,129.51764589277087,130.47356886735088,129.20837627451962,129.705078125,22327900
2019-07-12,130.1268282006899,130.3892362053594,129.33958988651776,130.17367553710938,18936800
2019-07-15,130.67975833194603,130.7734673049487,129.7613303156029,130.17367553710938,16651500
2019-07-16,130.2299120711655,130.31425443302476,127.94320159300564,128.468017578125,22726100
2019-07-17,129.0490621682505,129.26460852699716,127.66204644650199,127.70890808105469,20211000
2019-07-18,127.0341036646807,128.0368737118955,126.209384896759,127.84944152832031,30381800
2019-07-19,131.41073283770953,131.83245889838872,127.8775776534815,128.03689575195312,48992400
2019-07-22,128.77726104842654,130.4454319337942,128.70228530861493,129.73316955566406,25074900
2019-07-23,130.9796276309641,131.19518826722913,129.35831820693474,130.53915405273438,18034600
2019-07-24,130.173652212413,131.89806574861151,130.1268048843877,131.8793182373047,20738300
2019-07-25,131.60749649701572,131.77619545631205,130.56724583201162,131.38258361816406,18356900
2019-07-26,131.5512661440665,132.77896325508206,131.48567132218432,132.4603271484375,19037600
2019-07-29,132.6103038536368,132.61967045850167,130.61411590508914,132.16983032226562,16605900
2019-07-30,131.33574914602943,132.34790021052507,131.01711296836243,131.53256225585938,16846500
2019-07-31,131.51383828405858,131.66378979456195,126.59366695945083,127.70890808105469,38598800
2019-08-01,128.39304037400944,132.08551404213475,128.32743122652846,129.38644409179688,40557500
2019-08-02,129.41455750603876,129.630118160732,126.76234920406252,128.29931640625,30791600
2019-08-05,124.92550197337033,125.51591283771656,122.56381561549392,123.90398406982422,42749600
2019-08-06,125.39404119268299,127.15592079641829,124.84111127183411,126.2281265258789,32696700
2019-08-07,125.38467062156676,127.12781716157795,123.54781513648969,126.78106689453125,33414500
2019-08-08,128.0181509900207,130.25799937259114,127.39023095836242,130.16427612304688,27496500
2019-08-09,129.90187801239043,130.62350704802847,127.88695669618893,129.0584259033203,23466700
2019-08-12,128.45863849650743,129.19900076786826,126.74360580443677,127.25904083251953,20484300
2019-08-13,127.50265703049129,130.07988818792433,126.51862045580401,129.8924560546875,25154600
2019-08-14,128.2187747525953,128.7453382646659,125.68937598774652,125.98086547851562,32527300
2019-08-15,126.36633910229862,126.54499758172456,124.35410686940037,125.69872283935547,28074400
2019-08-16,126.82716264781403,128.3128324428672,126.67671180451653,128.00253295898438,24449100
2019-08-19,129.6198140798624,130.2780184343801,128.7171235738247,130.14637756347656,24355700
2019-08-20,129.958356429433,130.42850457398262,129.0462678811841,129.0650634765625,21170800
2019-08-21,130.2780459723668,131.16192672717207,129.7608801745784,130.5037078857422,14970300
2019-08-22,130.38145069166865,130.88920423378826,128.1529393487213,129.55398559570312,18697000
2019-08-23,128.99919850326498,130.08994520499255,124.87130002220518,125.42607116699219,38508600
2019-08-26,126.93055478578043,127.46651601360738,125.90562130137893,127.36308288574219,20312600
2019-08-27,128.24701297239457,128.5573124760061,126.6203043756884,127.63582611083984,23102100
2019-08-28,126.82715060336089,127.65460146735205,125.5765549893077,127.46654510498047,17393300
2019-08-29,129.05563475990274,130.17458937149848,128.73593754166947,129.87368774414062,20168700
2019-08-30,130.84217159134928,130.8703793211406,128.13412909694497,129.6291961669922,23940100
2019-09-03,128.45386819258107,129.0086395232516,127.59819518222236,127.91789245605469,18869300
2019-09-04,129.10264919338846,129.4693640751677,128.33159955346446,129.41294860839844,17995900
2019-09-05,130.80459590004781,131.99877600875112,130.47548651372017,131.6884765625,26101800
2019-09-06,131.6696189588074,131.81065758887533,129.94887593310287,130.79515075683594,20824500
2019-09-09,131.2559300150329,131.40638083548524,128.31281295925083,129.3095245361328,25773900
2019-09-10,128.63251976573824,128.71714297812355,126.47923348761643,127.95550537109375,28903400
2019-09-11,127.7956184067655,128.13412550254242,127.02456888669381,127.99307250976562,24726100
2019-09-12,129.61982397289833,130.15578529256243,128.6983234584626,129.3095245361328,27010000
2019-09-13,129.55397279756352,129.8172545115842,128.41622275078365,129.12144470214844,23363100
2019-09-16,127.72044937965595,128.5385025772367,127.56060072885184,128.1905975341797,16731400
2019-09-17,128.78292028972328,129.30948364702135,128.28455031109254,129.18724060058594,17814200
2019-09-18,129.15910026132207,130.39088611790822,128.37865261107507,130.24984741210938,23982100
2019-09-19,131.9235357890367,133.86994110897095,131.7072717196615,132.64756774902344,35772100
2019-09-20,132.5911716207354,133.19296065850412,129.99595908556697,131.1149139404297,39167300
2019-09-23,130.91741739201672,131.29354442748715,130.17458981210405,130.83279418945312,17139300
2019-09-24,131.9799654136106,132.29026485832162,128.70773889777342,129.17788696289062,29773200
2019-09-25,129.29072142779168,131.60385628417788,127.90848493088666,131.0396728515625,21382000
2019-09-26,131.1148870821589,131.81069699554976,130.1745910065241,131.2089080810547,17456600
2019-09-27,131.7824569727974,131.9799254133215,128.49142151441941,129.50694274902344,22477700
2019-09-30,129.80788392497303,130.9080286779575,129.55399995189035,130.7293701171875,17280900
2019-10-01,131.3217152241367,131.87648630416052,128.8205249459536,128.8863525390625,21466600
2019-10-02,128.11534993453395,128.2281808808012,125.60476094562391,126.61087036132812,30521700
2019-10-03,126.8928986808001,128.58543376814387,125.26619117774602,128.14349365234375,24132900
2019-10-04,128.5854867279905,129.99593082372718,128.27518730519495,129.87368774414062,22897700
2019-10-07,128.9521900639223,129.9300915696498,128.83935913766322,128.93338012695312,15303700
2019-10-08,128.89575927670083,129.53515357985705,127.52292099672381,127.56993865966797,25550500
2019-10-09,129.25309674419262,130.41905462210212,128.79234653089637,129.9865264892578,19749900
2019-10-10,130.22156974826777,131.3311118988692,129.9958935923839,130.79515075683594,17654600
2019-10-11,131.75427821281482,132.60995106358794,131.1712992518736,131.34054565429688,25446000
2019-10-14,131.34993308492764,131.91410200130701,131.19008450789798,131.21829223632812,13304300
2019-10-15,131.69785021286717,133.3245582106238,131.4627762222408,133.11770629882812,19695700
2019-10-16,132.38423439678826,132.5723050279448,131.19946689848578,132.0269317626953,20751600
2019-10-17,132.53474360668926,132.9766839587958,130.71997886752163,131.3499755859375,21460600
2019-10-18,131.41580337958663,131.64147965276456,128.40685814279428,129.20611572265625,32273500
2019-10-21,130.18400159112943,130.231019269086,128.82997281355318,130.16519165039062,20078200
2019-10-22,130.672940083348,131.65084163887934,128.12473153592026,128.22816467285156,27431000
2019-10-23,128.7076965438783,129.2436577008972,127.51351683407137,129.04620361328125,29844600
2019-10-24,131.06784111435604,132.03634471536037,130.3908269382281,131.5850067138672,37029300
2019-10-25,131.0208243846277,132.7133598370061,130.8891835354303,132.3278350830078,25959700
2019-10-28,135.77875297709673,136.97293305797643,134.94189001044404,135.581298828125,35280100
2019-10-29,135.47786032917864,135.87278295929912,134.13322947987797,134.302490234375,20589500
2019-10-30,134.95130744674947,136.34294173117877,134.26488092694217,135.97622680664062,18496600
2019-10-31,136.24887810336656,136.2770858341867,134.4529237341156,134.8102264404297,24605100
2019-11-01,135.6471121085509,135.79756293011184,134.4341364356935,135.1393585205078,33128400
2019-11-04,136.18308155649737,136.3429301666834,135.5530849112538,135.9197998046875,16912000
2019-11-05,136.3146897585826,136.3617074203744,135.3179784588111,135.83514404296875,18250200
2019-11-06,135.75055017893018,135.89160320967744,134.6504054084483,135.4590606689453,16575800
2019-11-07,135.25218734577064,136.23010332282993,135.1863740797304,135.64710998535156,17786700
2019-11-08,135.3837940744378,137.27379793797405,135.17692783715745,137.24559020996094,16732700
2019-11-11,136.66264091061882,137.67816248856838,136.08905967717826,137.3866729736328,14362600
2019-11-12,137.54652565024938,138.75951577120807,137.33965934043908,138.28936767578125,18641600
2019-11-13,137.97905333826856,138.65606767053015,137.54651082407602,138.5150146484375,16919200
2019-11-14,138.2423436805433,139.54935475220276,138.2235337402069,139.22024536132812,19729800
2019-11-15,140.03830402505773,141.03503003386288,139.41771944691715,141.01622009277344,23485700
2019-11-18,141.11025085197898,141.56158898894984,140.08531713883045,141.36412048339844,21534000
2019-11-19,141.87186776766802,142.29499810615428,141.23245901467087,141.41111755371094,23935700
2019-11-20,141.81683157521755,142.31688312760556,140.0713732271126,141.1658172607422,25696800
2019-11-21,140.95822529565103,141.33563214259124,140.10908508408411,141.03370666503906,18576100
2019-11-22,141.59041579676025,141.80741579079225,140.41104609523438,141.1375274658203,15901800
2019-11-25,141.52434933718655,142.79807423986176,141.44886795661458,142.68484497070312,22420900
2019-11-26,142.80746551718235,143.8075683461118,142.76973203536878,143.43960571289062,24620100
2019-11-27,143.72268660917013,143.88307913372716,142.9584574759159,143.7132568359375,15184400
2019-11-29,143.50567289972844,143.6943691225008,142.73199967078307,142.82635498046875,11977300
2019-12-02,143.23205671678392,143.2509306587758,139.93926647088404,141.09976196289062,27418400
2019-12-03,139.15616707862256,140.98653639491616,138.3636198568316,140.87332153320312,24066000
2019-12-04,141.65645044887273,141.6941839441331,140.76956214592752,141.38284301757812,17574700
2019-12-05,141.5715117276472,141.82625956002167,141.03371234781216,141.45828247070312,17869100
2019-12-06,142.4584245069698,143.2886909541522,141.77910643416462,143.17547607421875,16403500
2019-12-09,142.53390295623964,143.60948748325697,142.38294018837007,142.80751037597656,16687400
2019-12-10,142.741463513006,143.307566713041,142.24141192483611,142.59051513671875,16476100
2019-12-11,142.97733313010576,143.28868844106424,141.8357113865266,143.1282958984375,18856600
2019-12-12,143.08111449274102,144.76997982651594,142.48672200245406,144.58128356933594,24612100
2019-12-13,144.35488371110185,146.13809052225707,144.19449112346,145.79843139648438,23845400
2019-12-16,146.34560064764008,147.0909558246872,146.07199326271393,146.7418670654297,24144200
2019-12-17,146.66637698018368,146.91169503134057,145.72288145197845,145.94932556152344,25425600
2019-12-18,145.58131694607053,146.69463440769968,145.46808772872566,145.64735412597656,24129200
2019-12-19,145.2983287653003,146.9683200815082,145.06245485496703,146.91171264648438,24958900
2019-12-20,148.45901757540358,149.5346018325305,147.458900286673,148.515625,53477500
2019-12-23,149.1854987198554,149.1854987198554,148.38353621040892,148.515625,17718200
2019-12-24,148.5816608542314,148.79867517535496,148.24200191312298,148.48731994628906,8989200
2019-12-26,148.65718692312868,149.76107521454566,148.5062241491052,149.7044677734375,14520600
2019-12-27,150.44033085196224,150.53468614570986,149.27983560116874,149.97802734375,18412800
2019-12-30,150.00635768627643,150.03466140010673,147.8740486003987,148.68545532226562,16348400
2019-12-31,147.911816821668,148.8553124700103,147.60989130382995,148.7892608642578,18369400
2020-01-02,149.8082523011168,151.64806611302345,149.38368209784642,151.54428100585938,22622100
2020-01-03,149.3742503968611,150.91213864205648,149.1289322940356,149.65728759765625,21116200
2020-01-06,148.20429950761726,150.11016476552868,147.66650007283684,150.0441131591797,20813700
2020-01-07,150.31777448312974,150.64798941189073,148.43078267327837,148.67608642578125,21634100
2020-01-08,149.94973123016297,151.71407758514792,149.02510968153575,151.044189453125,27746500
2020-01-09,152.69535469097917,153.05388769690074,151.93112540707537,152.9312286376953,21385000
2020-01-10,153.6199555862088,153.9973480554913,152.07260903099078,152.22357177734375,20725900
2020-01-13,152.61986801825498,154.08228931660122,152.1481201411499,154.05398559570312,21626500
2020-01-14,154.15776303140277,154.35590346442973,152.5821269278907,152.96896362304688,23477400
2020-01-15,153.43126994245833,154.6766912077971,153.384106673567,153.95962524414062,21417900
2020-01-16,155.06350048050558,156.84670650655414,154.76157499203615,156.78065490722656,23865400
2020-01-17,157.96006852492908,158.00724619527017,156.08250665954205,157.6581573486328,34371700
2020-01-21,157.2617869623643,158.6864740544421,157.02591314146088,157.0919647216797,29517200
2020-01-22,157.94117430658434,158.02609986094006,156.3183605520355,156.3372344970703,24138800
2020-01-23,156.79952432683427,157.37505717560433,155.9315101674203,157.29957580566406,19680800
2020-01-24,158.04495883600987,158.0638327809762,155.15786431003815,155.7145233154297,24918100
2020-01-27,152.04430378397066,154.14830924899513,151.14798588100405,153.11045837402344,32078100
2020-01-28,154.52569881083977,156.393815954086,153.8558250377088,156.11077880859375,24899900
2020-01-29,158.35628668301973,159.21487107258014,156.32777704725325,158.54498291015625,34754500
2020-01-30,164.2153941915774,164.2153941915774,161.13958965642146,163.01715087890625,51597500
2020-01-31,162.4793526106027,162.6586046472584,159.99795504912353,160.61122131347656,36142700
2020-02-03,160.79992994302856,164.6399635094619,160.7716262299697,164.52674865722656,30107000
2020-02-04,167.1308006308782,170.43303504559876,166.34769759922398,169.94241333007812,36433300
2020-02-05,173.6314737413291,173.79186624691567,168.32903369846085,169.73483276367188,39186300
2020-02-06,170.74443289542648,173.43340163395135,169.8858482782438,173.25413513183594,27751400
2020-02-07,172.51819099249076,175.14110783338012,172.16908780090657,173.49942016601562,33529100
2020-02-10,173.20693500123804,178.16971699037234,172.8955797058264,178.03762817382812,35844300
2020-02-11,179.87744102505104,179.9246186871627,173.1314528445182,174.01834106445312,53159900
2020-02-12,175.09392315032483,175.34867100497553,171.57468843308777,174.27308654785156,47062900
2020-02-13,172.7352286047886,175.70723488822213,172.53708813414417,173.3296356201172,35295800
2020-02-14,172.89553074734394,174.93348425117262,172.32942775297025,174.8768768310547,23149500
2020-02-18,175.12220712085204,177.09410933712462,175.01842203596405,176.65066528320312,27792200
2020-02-19,177.91843177575387,178.0319558816132,176.41417962942194,177.1804962158203,29997500
2020-02-20,176.86830976972487,177.15213450123773,171.33379246688904,174.47474670410156,36862400
2020-02-21,173.29213644538692,173.6043421717942,167.69138773814998,168.95912170410156,48572600
2020-02-24,158.7226349755328,165.13700729463477,154.42745645308867,161.67437744140625,68311100
2020-02-25,164.80587062511273,165.4113566093742,158.60909120804521,159.00645446777344,68073300
2020-02-26,160.55794833863544,163.91649370495114,159.13883978298023,160.99313354492188,56206100
2020-02-27,154.5125922995576,158.02251375085504,149.460553371622,149.64976501464844,93174900
2020-02-28,144.1909064457123,154.88152808288865,143.80301327423336,153.273193359375,97012700
2020-03-02,156.39525905232836,163.59487210913974,153.55704125494026,163.4718780517578,71030800
2020-03-03,164.42748417960902,165.56276885025378,153.50979408102128,155.63845825195312,71677000
2020-03-04,159.4038144705728,161.4946273164488,156.6885756636078,161.35272216796875,49814400
2020-03-05,157.09536018483988,161.6554226701789,156.75477346692026,157.30349731445312,47817300
2020-03-06,153.84085795286106,154.3138942279223,147.58731781911428,152.85694885253906,72821100
2020-03-09,142.8569486959418,149.2429381244028,141.9108761880217,142.4974365234375,70419300
2020-03-10,149.63086415534653,152.3460882294673,144.35177667029004,152.2420196533203,65354400
2020-03-11,148.65645508440195,149.19570918762818,142.9989281514886,145.34519958496094,56371600
2020-03-12,137.46436615258762,145.19377837676913,131.1067564557763,131.5608673095703,93226400
2020-03-13,139.54571958932405,153.17863030331625,133.14080353628432,150.2647247314453,92727400
2020-03-16,132.45018724186286,141.29597337845718,127.71982341179633,128.11717224121094,87905900
2020-03-17,132.45015934434994,139.54570359494014,127.71979651062317,138.66586303710938,81059800
2020-03-18,130.55804437090856,138.12662665328008,127.7387515127842,132.82861328125,81593200
2020-03-19,135.07081540201364,142.0528227308985,131.50411696458423,135.01405334472656,85922700
2020-03-20,138.12659117445455,139.16727674534297,128.53341617306285,129.9430694580078,84866200
2020-03-23,129.62144183970466,132.98947346409804,125.37358379021876,128.64698791503906,78975200
2020-03-24,135.99789412453288,141.53242289457663,133.65163884534573,140.34036254882812,82516700
2020-03-25,140.87966835078421,146.00737989282055,136.650722853414,138.99697875976562,75638200
2020-03-26,140.39720856562647,148.21177973486448,140.36882753431325,147.69143676757812,64568100
2020-03-27,143.56649611206657,146.53716306538357,141.15400844672263,141.62704467773438,57042300
2020-03-30,144.21933299332323,151.9392901340011,141.92036869340518,151.5892333984375,63420300
2020-03-31,150.80395913051478,155.89383408368766,148.11711654538772,149.20510864257812,77927200
2020-04-01,144.74910853301455,149.24295340577154,142.686677183813,143.9071044921875,57969900
2020-04-02,143.67059624516327,147.0953746911042,142.2514872401482,146.88723754882812,49630700
2020-04-03,146.73587914437556,148.8929237102213,143.9828041677828,145.53436279296875,41243300
2020-04-06,151.674380216992,157.52110249756834,149.08213585583528,156.35743713378906,67111700
2020-04-07,160.4444503945996,160.83234362915013,154.45580904362706,154.6734161376953,62769000
2020-04-08,156.7358484464,157.68192106171185,154.68287260348404,156.2249755859375,48318200
2020-04-09,157.38861507402567,158.34414306200398,154.52201667417057,156.23440551757812,51385100
2020-04-13,155.48710000613204,156.64131019637438,153.5476475103361,156.58453369140625,41905300
2020-04-14,159.88630076083996,164.38014649228367,158.94022797527285,164.3328399658203,52874300
2020-04-15,161.9676098456837,164.20981149725526,160.11331582140903,162.61094665527344,40940800
2020-04-16,164.9004763113015,167.71976894625868,163.57596585517592,167.49270629882812,50479600
2020-04-17,169.82004176943852,170.2930780974871,166.38579340831046,168.9685821533203,52765600
2020-04-20,167.10481731275797,169.11048671754907,165.5532587393318,165.61947631835938,36669600
2020-04-21,164.14359822815481,164.30442883992933,157.1521222009458,158.76991271972656,56203700
2020-04-22,162.14741225062102,164.61666276960204,161.60815827581536,164.1625518798828,34620200
2020-04-23,164.72071913449065,165.61948531645297,161.69328936770626,162.17578125,32790800
2020-04-24,162.78131230112533,165.146494717301,161.50412245794718,165.1370391845703,34277600
2020-04-27,167.06695850395437,167.36023870290072,163.95438597316996,164.6639404296875,33194400
2020-04-28,166.12090220980403,166.19658975824308,160.25525434705176,160.65260314941406,34392700
2020-04-29,163.8787209318409,168.09819726179364,162.61098692676447,167.86167907714844,51286600
2020-04-30,170.29310650321034,170.67152985440285,166.72640795272287,169.54571533203125,53875900
2020-05-01,166.31959502467402,169.0064382134677,164.62611669069204,165.1559295654297,39370500
2020-05-04,165.08025525456762,169.34703857135958,164.42746268440473,169.19566345214844,30372900
2020-05-05,170.8796353689669,173.74623430912706,170.198461914283,171.0120849609375,36839200
2020-05-06,172.26092059498853,174.26659011866553,171.83519076310364,172.69610595703125,32139300
2020-05-07,174.238167382605,174.59767954547615,172.73391559993962,173.69891357421875,28316000
2020-05-08,175.00455839553962,175.0234838953175,173.4719249398447,174.72073364257812,30877800
2020-05-11,173.27323475223355,177.39811290922827,172.98942444916983,176.66964721679688,30892700
2020-05-12,176.72638460773848,176.95343281849526,172.46905742496284,172.667724609375,32038200
2020-05-13,172.70550873789998,174.12461724940957,167.01960472946388,170.05650329589844,44711500
2020-05-14,167.96570219171386,170.94583917314944,166.20600679682212,170.79446411132812,41873900
2020-05-15,169.40376544975464,176.9723466073332,167.4548581114258,173.2826690673828,46610400
2020-05-18,175.7329910015149,176.15872079777952,174.0395273458231,174.93829345703125,35264500
2020-05-19,175.05185212609373,176.53719337761612,173.594906340125,173.72735595703125,26799100
2020-05-20,175.33064720227907,176.31731120144525,174.50527623223215,176.13705444335938,31261300
2020-05-21,175.89040926393275,177.09527214744946,173.88863535282303,174.02145385742188,29119500
2020-05-22,173.79372643034782,174.99858898917685,173.17705787964485,174.09730529785156,20826900
2020-05-26,176.78220748442425,176.9340042062724,171.81098789102086,172.2568817138672,36073600
2020-05-27,170.95709263901247,172.65528721071786,167.54175424409405,172.48451232910156,39517100
2020-05-28,171.46936892156205,174.70444993172222,171.1278337019524,172.0955047607422,33810200
2020-05-29,173.35731502615758,174.81833266260008,171.15632118415826,173.85064697265625,42130400
2020-06-01,173.1770761664217,173.61348802494285,172.15248471379252,173.45220947265625,22622400
2020-06-02,174.79937137437696,175.51090205839748,172.04812518661575,175.42552185058594,30794600
2020-06-03,175.34013654287895,176.40268436775008,174.1637339681085,175.85243225097656,27311000
2020-06-04,174.84681881585217,176.30782219414553,172.94940355898157,173.53759765625,28761800
2020-06-05,173.25298548634973,178.10088213103182,172.6742732438919,177.5980682373047,39893600
2020-06-08,176.40267692363886,178.87880410656408,174.9796156570411,178.69854736328125,33211600
2020-06-09,178.35705099546715,180.91855893900564,177.65500207269486,180.06472778320312,29783900
2020-06-10,181.32649410229297,188.33744291467139,181.2126393428319,186.7436065673828,43872300
2020-06-11,183.22390946591682,185.71900069247567,176.52603590509813,176.7157745361328,52854700
2020-06-12,180.76672098608847,181.8862033655673,175.68164819844708,178.1103515625,43373600
2020-06-15,175.11244424815027,181.0323846706777,174.5716739870542,179.24880981445312,32770200
2020-06-16,182.99619824445867,185.54822386322215,181.63955340017736,183.64132690429688,42556700
2020-06-17,185.02635828143565,186.25019863785658,183.75509414739372,184.27688598632812,25687800
2020-06-18,184.04928125447887,186.41156847786314,184.04928125447887,186.2502899169922,23061600
2020-06-19,188.4038458894573,189.06793833918633,184.400298508924,185.14028930664062,44441100
2020-06-22,185.74745201555635,190.46252987916642,185.21617808322773,190.28228759765625,32818900
2020-06-23,191.72431877206205,193.48891551805355,191.09816827081005,191.55355834960938,30917400
2020-06-24,191.2594563290366,192.82481806531447,186.47796195893972,187.6923065185547,36740600
2020-06-25,187.65434572459228,190.32021147388468,185.44385552035675,190.06405639648438,27803900
2020-06-26,189.48536568805383,189.6371623789604,184.88414249446612,186.259765625,54675800
2020-06-29,185.73795493775134,188.3469005872741,183.6223412461814,188.2615203857422,26701600
2020-06-30,187.73024356126592,193.9158059998674,187.59742509113957,193.0714569091797,34310300
2020-07-01,192.72047308150405,195.76583103340928,191.42074822230836,194.20045471191406,32061200
2020-07-02,195.13015257335095,197.35013913569628,194.48503841884437,195.68040466308594,29315800
2020-07-06,198.11860638784356,200.3006367249916,197.41655756468825,199.89268493652344,31897600
2020-07-07,199.65551321746923,203.65906048150194,197.3217006083153,197.568359375,33600700
2020-07-08,199.29502422948116,202.32138949194444,197.98580303193796,201.9134521484375,33600000
2020-07-09,205.23387728787407,205.28131555395652,200.62315866150968,203.3269805908203,33121700
2020-07-10,202.66285836839324,203.09927011650623,200.25314808204195,202.71029663085938,26177600
2020-07-13,203.47879513374653,204.73109607206322,195.90811279433242,196.44888305664062,38135600
2020-07-14,195.55706116113717,198.137546449428,191.6673550273695,197.66319274902344,37591800
2020-07-15,198.81118036102964,200.49039701855816,194.5135357015606,197.369140625,32179400
2020-07-16,194.8645323928501,195.14914756390348,191.93302942609668,193.46044921875,29940700
2020-07-17,193.98222687594824,194.52298263226248,191.06020599071783,192.47378540039062,31635300
2020-07-20,194.48506023255374,201.4106286872803,192.59712687547508,200.7465362548828,36884800
2020-07-21,202.70085147260994,202.9664884191698,197.3596235217493,198.04269409179688,37990400
2020-07-22,198.46961730612836,201.41061651256538,197.70116650393845,200.88882446289062,49605700
2020-07-23,196.56274446847777,200.10142002435128,191.7812497049233,192.1512451171875,67457000
2020-07-24,190.13998614831087,192.4548351386783,187.37924340277607,190.974853515625,39827000
2020-07-27,191.13611433106948,193.50788324422007,190.5574021372156,193.39404296875,30160900
2020-07-28,193.1663394373007,194.20042716363653,191.39226100073117,191.65789794921875,23251400
2020-07-29,192.11331053064336,194.153026308788,191.64843854313742,193.59329223632812,19632600
2020-07-30,190.69022112897082,193.97275568307558,189.33357625555024,193.44146728515625,25079600
2020-07-31,193.9158251459421,194.57993203827127,188.80229182700702,194.49453735351562,51044000
2020-08-03,200.67060447829826,206.47668945732616,199.64599869209448,205.43310546875,78983000
2020-08-04,203.18472090150962,203.75395129663647,199.52270869905698,202.349853515625,49280100
2020-08-05,203.87723507455476,203.97211161459398,200.71805185226052,202.0177764892578,28806400
2020-08-06,201.4485573768755,205.27184763929066,200.6990847830471,205.2528839111328,32656800
2020-08-07,203.82979098966894,204.6361835952166,200.11084523703616,201.5813446044922,27820400
2020-08-10,200.8129376573723,201.01217262455825,195.7658207101696,197.568359375,36716500
2020-08-11,196.53426409900342,196.99912154458283,192.7204556060686,192.94815063476562,36446500
2020-08-12,194.76016076380623,199.4942165085806,194.2478650715753,198.4601287841797,28013100
2020-08-13,198.6973032856729,200.50933810472836,197.47346249067883,197.99525451660156,22588900
2020-08-14,198.05217908321634,198.83960807157098,196.86629466872947,198.18499755859375,17958900
2020-08-17,198.84910275139208,200.35754423975445,198.20397410771088,199.4942169189453,20184800
2020-08-18,199.73141570438264,201.46755240023344,198.4791291633885,200.64218139648438,21336200
2020-08-19,201.12719606634397,201.7073072260779,198.99694871511463,199.42489624023438,27627600
2020-08-20,199.27272784174724,204.46519928761978,198.67360712535148,204.06578063964844,26981500
2020-08-21,203.38103630421907,205.6539276875815,202.42053069832917,202.5821990966797,36249300
2020-08-24,204.26545250984773,204.95969353187164,202.021090073676,203.2193603515625,25460100
2020-08-25,202.6582908961741,205.99629872084208,202.6582908961741,205.8631591796875,23043700
2020-08-26,207.2041103515407,211.2078165865678,206.70958574974338,210.31387329101562,39600800
2020-08-27,211.96858760041155,219.82384972072043,208.64958927330213,215.477783203125,57602200
2020-08-28,216.9993472514701,219.3388155145878,215.47775473653246,217.69358825683594,26292900
2020-08-31,215.8771899200654,217.49388844015004,213.3189953476914,214.47921752929688,28774200
2020-09-01,214.46018620608552,216.3051300886576,213.43310359585612,216.1339569091797,25725500
2020-09-02,216.7996406358423,221.4500336906676,216.21002481848706,220.29931640625,34080800
2020-09-03,218.03594595556712,218.0739796006639,204.42712754859411,206.6524658203125,58400300
2020-09-04,204.56030973531264,207.66056760203185,195.13588685722308,203.751953125,59664100
2020-09-08,196.38166751320594,199.7386992158592,192.29236112281333,192.72982788085938,52924300
2020-09-09,197.42775496291782,204.31299087766715,196.57184560960542,200.9369354248047,45679000
2020-09-10,202.94358877314926,204.21794102341093,194.1087966874438,195.3070526123047,35461500
2020-09-11,197.04735500062918,198.40729363618516,191.37939858486314,194.03268432617188,33620100
2020-09-14,194.2324234935453,198.94937969662053,194.0327069253546,195.3450927734375,30375800
2020-09-15,198.20761161974576,199.50097346192692,196.79061501339825,198.5499725341797,21823900
2020-09-16,200.29979862410642,200.32832748932069,194.61281748381796,195.0027313232422,26328100
2020-09-17,190.2477122151913,194.31799446274707,190.16212562618733,192.9675750732422,34011300
2020-09-18,192.86296027470001,193.6713022276265,186.63390228968643,190.571044921875,55225300
2020-09-21,187.52789122522552,192.77742085630518,186.75758272996697,192.61573791503906,39839700
2020-09-22,195.0122594122858,197.90331052920814,192.17828054373393,197.25662231445312,33517100
2020-09-23,197.7130433929197,197.9032551453432,190.22867238865066,190.76123046875,30803800
2020-09-24,190.05747196611694,195.49719645172362,189.4393128816378,193.2338104248047,31202500
2020-09-25,193.576230870522,198.79721638343335,192.6157107003386,197.6370086669922,29437300
2020-09-28,200.54708652258188,202.15428046222738,197.8652568576087,199.17764282226562,32004900
2020-09-29,199.09203395936672,199.7767557329698,196.67648367162218,197.10443115234375,24221900
2020-09-30,197.55140923532704,201.5931629854757,196.41971586350593,200.02401733398438,33829100
2020-10-01,203.02915117353297,203.50465153877147,200.96548132973228,202.04962158203125,27158400
2020-10-02,197.80820829449382,200.6517065127317,195.46873944611644,196.08689880371094,33154800
2020-10-05,197.0664276074068,200.10012310727936,196.83818214429814,200.07159423828125,21331600
2020-10-06,198.58798762088978,199.8813347365297,194.78398454349198,195.82057189941406,28554300
2020-10-07,196.9142463619381,199.81480204347935,196.59090953478196,199.54852294921875,25681100
2020-10-08,200.19520275398455,200.84189093928686,198.112522883702,200.26177978515625,19925800
2020-10-09,200.8798883695281,205.28302657348576,200.8798883695281,205.2354736328125,26458000
2020-10-12,208.06947707751453,212.89105852593914,206.18649938983765,210.5515899658203,40461400
2020-10-13,211.80690868034506,214.17490600080814,209.62910862604807,211.94004821777344,28950800
2020-10-14,212.07318132071637,213.23340347358484,208.39281281758815,210.0380401611328,23421700
2020-10-15,206.46229072714527,209.56254827996327,205.4256887702465,208.8968505859375,22733100
2020-10-16,209.36283171619485,211.3979729585716,208.57351377899946,208.8968505859375,26057900
2020-10-19,209.61959061778887,211.40747673142792,203.24788828089612,203.723388671875,27625800
2020-10-20,205.22601457098673,206.7190785651468,202.64879552797223,204.13235473632812,22753500
2020-10-21,202.67731999633713,206.2911265473587,202.67731999633713,204.27500915527344,22724900
2020-10-22,203.4475828248149,205.47321905932836,201.3268552222806,204.3605499267578,22351500
2020-10-23,204.49370487394282,205.68245589725836,202.71533798662145,205.63490295410156,18879600
2020-10-26,203.3715320530445,205.73951481810852,197.90327731407123,199.7862548828125,37111600
2020-10-27,201.22223864415398,204.15132259991532,200.02398296225496,202.8009033203125,36700300
2020-10-28,197.49435530937347,198.607024621871,192.19728783819525,192.7488555908203,51195600
2020-10-29,194.07071340209816,197.19949921682837,193.4050013251985,194.68885803222656,31432600
2020-10-30,193.52870897396457,194.27999340032028,189.8388203460364,192.54917907714844,36953700
2020-11-02,194.27998468668173,195.2214808850895,190.31431232371153,192.41603088378906,30842200
2020-11-03,193.89958841755603,197.92231848294975,193.16731360291638,196.31512451171875,27512000
2020-11-04,203.53322651784097,207.62253348770093,202.0116191998531,205.78709411621094,42311800
2020-11-05,211.16020229745342,213.13828561895033,210.31381220177101,212.3489532470703,36080100
2020-11-06,211.3694667927054,213.36657460037193,207.3467368207677,212.7579345703125,25231900
2020-11-09,213.44266096892412,216.94233758860318,207.20409690001915,207.68910217285156,44395000
2020-11-10,203.98968301620297,205.89168472264777,199.44390009868965,200.67068481445312,44045100
2020-11-11,201.98304250331452,207.35619077120182,201.80235004458964,205.939208984375,29440800
2020-11-12,206.56691213283364,208.37380804064978,203.9516596545553,204.88363647460938,21593900
2020-11-13,205.75855501047297,206.7666136412532,203.66635593568657,205.9011993408203,18621100
2020-11-16,204.34157462112046,207.07095728381452,204.00873298692488,206.5859375,24953300
2020-11-17,205.5113164330714,207.01388520327933,203.59029040110073,203.95167541503906,24154100
2020-11-18,203.7132809002131,205.16259082846608,201.11978504928186,201.2628173828125,28372800
2020-11-19,201.54882732756656,203.1220808390254,200.16625445791493,202.5404510498047,24792700
2020-11-20,202.33068920271324,203.3699903970843,200.23301292946485,200.60487365722656,22843100
2020-11-23,201.13886511693934,202.41653919403498,198.47863240124832,200.3379364013672,25683500
2020-11-24,199.84210399056337,204.28537395912775,199.14605988233055,203.91351318359375,33979700
2020-11-25,205.10539897142638,205.2770203254931,202.57865426468067,203.92306518554688,21012900
2020-11-27,204.85748627754103,206.2114413491955,204.08514657585314,205.2198028564453,14512200
2020-11-30,204.14237308949788,204.77166592006517,201.03398396816428,204.11376953125,33064800
2020-12-01,204.53325969211036,207.21258045120723,203.427221673315,206.15420532226562,30904500
2020-12-02,204.88608561309852,205.44864163250293,202.90282321758022,205.35328674316406,23724500
2020-12-03,204.6285894289038,206.31627162696884,203.71323218020976,204.2758026123047,25120900
2020-12-04,204.2567706784118,205.36282333758197,203.26513224291,204.3902587890625,24666000
2020-12-07,204.39976731905256,205.51534953178438,203.08396023560834,204.323486328125,24620000
2020-12-08,204.0183563086683,206.8597538254738,202.98858485881513,205.96347045898438,23284100
2020-12-09,205.15305477478972,205.21979155573646,201.38676956150456,201.94932556152344,32440600
2020-12-10,201.92071460477283,203.16978500107612,200.57628932591146,200.72885131835938,26733300
2020-12-11,200.280748554904,203.3986675929953,199.38446486114995,203.34144592285156,30979400
2020-12-14,203.18884003318382,206.1541961965847,202.9790709503109,204.2376708984375,28798400
2020-12-15,205.16259868933062,205.40097137190162,202.36887783317297,204.1709747314453,27000600
2020-12-16,204.76213946344006,209.87285048789144,204.73353590474335,209.08145141601562,35023300
2020-12-17,209.64397264344512,210.6165371249153,207.78466889145207,209.21490478515625,32515800
2020-12-18,208.4235382080078,209.47238384589662,205.97307456183356,208.4235382080078,63354900
2020-12-21,207.4318862354392,213.5818977933264,207.1744396955976,212.2374725341797,37181900
2020-12-22,212.3328406363443,215.13610554728626,211.53191196153603,213.5247039794922,22612200
2020-12-23,212.73328561098842,213.16235346564574,210.53072468118395,210.74049377441406,18699600
2020-12-24,211.12187050307205,213.2100170826922,210.91210142344104,212.3900146484375,10550600
2020-12-28,214.01091822423123,215.51743480813636,212.64743393036224,214.49720764160156,17933500
2020-12-29,215.78442694984855,216.61395900692378,213.18140202829142,213.72488403320312,17403200
2020-12-30,214.75470691645884,215.13611192704442,211.16958711163565,211.36981201171875,20272300
2020-12-31,211.38887922848244,212.62842001281925,209.46282399587028,212.0753936767578,20942100
2021-01-04,212.18027520947413,212.62841698318834,204.81932615715849,207.5653839111328,37130100
2021-01-05,207.15536108460975,208.35676854372653,205.66791808676217,207.76559448242188,23823000
2021-01-06,202.30207594833803,206.42116185748517,202.08277720892175,202.37835693359375,35930700
2021-01-07,204.0851461523831,209.1386498496108,203.77050701978357,208.13748168945312,27694500
2021-01-08,208.50934079732144,210.32098186986488,206.93608695061204,209.40562438964844,22956200
2021-01-11,208.3090962965024,208.728634495914,206.65001738495062,207.3746795654297,23031300
2021-01-12,206.4307490700466,207.00284934438994,203.39865544372427,204.9337615966797,23249300
2021-01-13,204.06604674898907,206.67860148264808,203.98022154419837,206.27813720703125,20087100
2021-01-14,205.86816670165965,207.34608009721836,202.84560313156365,203.11257934570312,29480800
2021-01-15,203.58932764260769,204.5332740745868,202.1686213365607,202.75978088378906,31746500
2021-01-19,203.80862770514977,206.88839845005378,202.74072282622367,206.37351989746094,30480900
2021-01-20,207.5748902126767,215.28862528478996,207.18395559466023,213.90606689453125,37777300
2021-01-21,214.24935885539745,215.77494980554735,212.07540120835768,214.50680541992188,30709400
2021-01-22,216.51864163299658,219.3695836914555,215.29817486027105,215.44119262695312,30172700
2021-01-25,218.46374069262419,219.0930479201383,213.79164301974544,218.85467529296875,33152100
2021-01-26,221.07630289132658,223.28839323555263,219.37909100379906,221.52444458007812,49169600
2021-01-27,226.93075510239115,229.2572744153323,219.43631865864182,222.0679473876953,69870600
2021-01-28,224.65192361732747,231.35496145402922,224.156104425464,227.8175048828125,49111200
2021-01-29,225.01424242751062,226.9498270998263,220.59004681234464,221.1716766357422,42503100
2021-02-01,224.12750973113813,231.22148249088136,221.61982466737663,228.5040283203125,33314200
2021-02-02,230.0773008751623,231.040321211228,227.5886896521305,228.37054443359375,25916300
2021-02-03,228.42774595379248,233.691003496613,228.13215165180748,231.69821166992188,27158100
2021-02-04,231.374034827884,231.92706112737068,229.19053318429755,230.75425720214844,25296100
2021-02-05,230.96407414133986,231.9652423986667,229.23825810826315,230.9354705810547,18054800
2021-02-08,231.84126833297145,232.34661726281524,229.6101034862142,231.19290161132812,22211900
2021-02-09,230.6207778665767,233.37636525124478,230.1535767615209,232.4324188232422,23565000
2021-02-10,233.6051986080707,234.48240822021572,229.68635163313002,231.52659606933594,22186700
2021-02-11,233.39541760335146,233.74820445406567,230.88773278031027,233.11891174316406,15751100
2021-02-12,232.58496032734098,233.89125237223962,231.44077449132203,233.59567260742188,16561100
2021-02-16,233.6338212360362,234.68266680852793,231.6219553099753,232.3656768798828,26728500
2021-02-17,230.6263097281633,233.48380348312867,230.26314413417265,233.37867736816406,21653500
2021-02-18,231.08502464867303,233.12062720680663,230.18667690425352,232.98683166503906,16925600
2021-02-19,232.94861675471643,233.05374286763362,229.53680847582015,230.29180908203125,25262600
2021-02-22,226.89917052371112,227.38656556821104,222.10161844624733,224.1181182861328,36446900
2021-02-23,220.1233231539587,224.4239133780641,218.5942185745613,222.93304443359375,30228700
2021-02-24,219.8174704300372,224.77748623561877,218.8522322102071,224.1562957763672,26339700
2021-02-25,221.795780936671,224.1945494104652,217.78189953492432,218.84271240234375,39542200
2021-02-26,221.27013424972316,224.93996757449008,219.36831252056643,222.0824737548828,37819200
2021-03-01,225.44652245437769,226.94695781101586,222.8183836125361,226.44044494628906,25324000
2021-03-02,226.5073102648569,226.784467587276,223.10506778464256,223.50645446777344,22812500
2021-03-03,221.87222352894128,223.22929686707522,217.18935003891934,217.47605895996094,34029500
2021-03-04,216.69242752888238,222.18762655907133,214.32231379550353,216.682861328125,44727800
2021-03-05,219.3491910097514,222.93301573515578,216.42479236704062,221.33702087402344,41872800
2021-03-08,221.11725867621018,223.02863234905152,217.06515582266582,217.31362915039062,35267400
2021-03-09,222.56032845718752,224.9495452618804,221.40394110736247,223.42044067382812,33080500
2021-03-10,226.49774377773664,226.49774377773664,221.75753141565502,222.12069702148438,29746800
2021-03-11,224.54814049035522,228.57157309890684,223.92693542163005,226.62197875976562,29907600
2021-03-12,223.64021591176027,225.370020906353,222.89478153071818,225.30311584472656,22653700
2021-03-15,224.54816217518373,224.7679660415921,221.53774020361377,224.40480041503906,26034900
2021-03-16,225.8096756026788,229.42217053471424,225.48474559099003,227.1763153076172,28092200
2021-03-17,225.68541960258835,227.97907654629918,222.89481604963598,226.53598022460938,29562100
2021-03-18,222.25449271210522,223.81226667216245,220.12331549170005,220.49603271484375,34833000
2021-03-19,220.78273384233583,222.1684765675346,219.18673888764525,220.14242553710938,46430700
2021-03-22,220.0659723327752,226.40216500266618,219.9417283999428,225.53250122070312,30127000
2021-03-23,226.96603942639962,230.36828174208702,226.56465276267915,227.0520477294922,31638400
2021-03-24,227.3100762349969,227.45342339988957,224.89219016966658,225.02598571777344,25620100
2021-03-25,224.87307416129178,226.4403997014099,221.30836700029914,222.0442352294922,34061900
2021-03-26,221.28929476687435,226.22064245132003,221.28929476687435,226.00082397460938,25479900
2021-03-29,226.1059184494297,226.30661907775075,221.60464214728856,224.8157501220703,25227500
2021-03-30,223.18152021260835,223.48734696493838,220.85920846541862,221.5759735107422,24792000
2021-03-31,222.58897083183447,228.50467325429472,222.09200971374034,225.32223510742188,43623500
2021-04-01,227.9026180384794,232.07896442554832,227.50123135762215,231.61068725585938,30338000
2021-04-05,232.0025025067712,238.88345854528154,231.9451636368873,238.03289794921875,36910600
2021-04-06,236.6376041839014,238.34827710378195,235.93995691762169,236.87652587890625,22931900
2021-04-07,236.82869878782242,239.81043637350302,236.23617775031423,238.82608032226562,22719800
2021-04-08,241.5689234077923,242.87820947789177,240.83304058952368,242.02764892578125,23625200
2021-04-09,241.66449426976965,244.6462467282904,241.25355598314442,244.512451171875,24326800
2021-04-12,243.42297254578972,246.25181167284637,243.3369496576039,244.56979370117188,27148700
2021-04-13,245.85992463121627,247.70439262388516,245.44895726009113,247.035400390625,23837500
2021-04-14,246.0702236664277,247.3603773878888,243.85302350789357,244.2639617919922,23070900
2021-04-15,246.5002970988925,248.4116707591767,246.3091772320126,248.000732421875,25627500
2021-04-16,247.9720184237776,249.4342178445324,246.18488903899308,249.18572998046875,24878600
2021-04-19,248.66012567205544,249.89296968561638,246.39515285160775,247.2743682861328,23209300
2021-04-20,246.39513885175572,248.6696777428783,245.45855543622233,246.81564331054688,19722900
2021-04-21,247.4654803441775,249.12836562680673,245.85036772348437,249.0327911376953,24030400
2021-04-22,248.67920736754326,250.17964236146761,244.31172709458374,245.77394104003906,25606200
2021-04-23,246.45249067643994,249.92163806126072,245.86950662395327,249.57757568359375,21462600
2021-04-26,250.0649337720306,250.81036807745474,248.64097021602186,249.9597930908203,19763300
2021-04-27,249.9885047739333,251.5271754691303,248.59321041055176,250.36123657226562,31014200
2021-04-28,244.73220462374266,245.17184144601245,241.74091556835788,243.27957153320312,46903100
2021-04-29,244.13975277274488,244.75139173249204,237.96600971870856,241.32046508789062,40589000
2021-04-30,238.67318749939906,241.86517738754893,238.53939195266884,241.0050506591797,30945100
2021-05-03,242.17098499525994,243.0788989553063,239.99202065638994,240.69923400878906,19626600
2021-05-04,239.84867666254803,240.07804670537047,234.8695428631059,236.80958557128906,32756100
2021-05-05,238.02333610804502,238.4438406050571,234.92692041663318,235.54811096191406,21901300
2021-05-06,235.52898404785154,238.787879191213,233.84698070738517,238.66363525390625,26491100
2021-05-07,240.97639942940194,243.03113461686635,240.03983053154383,241.27267456054688,27032900
2021-05-10,239.75309418580025,240.57498525028228,236.16926941322524,236.2266082763672,29299900
2021-05-11,233.71314866439204,235.67230900795798,231.8208933789678,235.31869506835938,33641600
2021-05-12,231.43862824513633,233.55070210291098,227.52032183189039,228.4091033935547,36684400
2021-05-13,231.0850835966739,234.7166965487015,230.72191792668391,232.2605743408203,29624300
2021-05-14,234.69754869490393,238.1380121702755,234.61154038910965,237.15365600585938,23901100
2021-05-17,235.62457790092228,235.66279895566683,232.7288481318082,234.31527709960938,24970200
2021-05-18,235.35700830039337,235.49080387817347,232.13633364951866,232.30836486816406,20168000
2021-05-19,229.23348484456213,232.9884255073801,228.55338866338369,232.883056640625,25739800
2021-05-20,233.68771184739012,237.50969767500212,233.59191664793866,236.10159301757812,21800700
2021-05-21,237.14570923286777,237.87370305685576,234.434868777639,234.8467559814453,21863100
2021-05-24,237.35641332073013,240.58452421046962,237.08820432202634,240.22052001953125,21411500
2021-05-25,241.16885401983907,242.1075855706364,240.25885810514714,241.12095642089844,17704300
2021-05-26,240.84314887956268,242.28957737809495,240.19178833380082,240.900634765625,17771600
2021-05-27,240.59409080987143,240.89103543425676,238.75493718013217,238.81240844726562,24426200
2021-05-28,240.43123534348288,241.46576193477253,239.0518665550967,239.16680908203125,18270200
2021-06-01,240.65156753252833,240.70903880096463,236.56137302167372,236.9828338623047,23213300
2021-06-02,237.6821077652956,238.77410571979837,235.48852356730782,236.88705444335938,19406700
2021-06-03,234.89467106098934,235.96750722171058,232.76814608791946,235.36404418945312,25307700
2021-06-04,237.3277015006935,241.05390683833082,237.08822811237158,240.23011779785156,25281100
2021-06-07,239.45422133616353,243.39116434225733,239.2913811894754,243.12295532226562,23079200
2021-06-08,244.41612144782889,245.2303368109208,241.8776947734396,241.9351806640625,22455000
2021-06-09,243.12298447597894,244.77056271994914,242.54825705692008,242.91224670410156,17937600
2021-06-10,243.58272547111343,246.61924603470985,242.98883619347527,246.40850830078125,24563600
2021-06-11,247.1269244072011,247.60587113723255,245.80502675510013,247.03115844726562,18999700
2021-06-14,247.04071732809936,249.00441645938554,245.98702867626147,248.9469451904297,19150500
2021-06-15,248.83200246183026,249.04274021679365,246.83000840597398,247.4813690185547,18038900
2021-06-16,248.4775520192582,249.6078592604981,243.70724678964794,246.54261779785156,27220000
2021-06-17,245.2877556852528,250.7285828649351,245.23028442320287,249.91436767578125,27565500
2021-06-18,248.6978922715238,251.25545152765278,247.8549413204467,248.5063018798828,37202200
2021-06-21,248.87988544052254,252.42407369794967,247.05989371561796,251.57156372070312,26696100
2021-06-22,251.6577609163999,254.59850073681733,251.35122800563727,254.33029174804688,24694100
2021-06-23,254.7900567334399,255.59468368349337,253.29574536439966,254.10037231445312,19518700
2021-06-24,254.9529042283444,256.5717463708945,254.29195546090864,255.46058654785156,21446900
2021-06-25,255.01994229502668,255.99698293159685,253.61183798293777,253.86087036132812,25611100
2021-06-28,254.98165166765068,257.5775346492932,254.7134426795022,257.4051208496094,19590000
2021-06-29,257.5486997211311,260.2116412312917,256.6961901074221,259.97216796875,19937800
2021-06-30,259.2921672211762,259.93393943000825,258.2480669213287,259.4933166503906,21656500
2021-07-01,258.25768175305313,260.39379502371696,258.24812269513154,260.1639099121094,16725300
2021-07-02,261.33240405539914,266.2942833260149,261.02587124582396,265.9590148925781,26458000
2021-07-06,266.32319652571005,267.6067706350027,262.75024233617495,265.9687805175781,31565600
2021-07-07,267.63532320325874,268.87101347311267,265.48006375314424,268.14300537109375,23260000
2021-07-08,265.240707232049,266.99366872665394,263.2961845748827,265.73883056640625,24618600
2021-07-09,264.1103530558396,266.34223167723803,263.7272015660929,266.23687744140625,23916700
2021-07-12,267.40558716373033,267.98988824180765,264.9342052474398,265.64306640625,18931700
2021-07-13,265.83456308659123,270.94015122587615,265.7100615012556,269.1488952636719,26120100
2021-07-14,270.4612049849691,271.71604298945186,268.7369793404085,270.6144714355469,23113700
2021-07-15,270.1259350983207,270.61447008005376,268.0472935864673,269.19677734375,22604200
2021-07-16,270.19304591114116,272.1375686860977,267.6929284961445,268.9286193847656,26186800
2021-07-19,267.18520835778435,268.56457724046334,262.89386448508327,265.3460693359375,32935600
2021-07-20,266.32311662863236,269.13932573027193,264.62765573380375,267.5588073730469,26259700
2021-07-21,267.1564446467367,269.66612050122745,265.6142504127117,269.5511779785156,24364300
2021-07-22,271.8884718248349,274.35985328231106,271.4861729483263,274.0916442871094,23384100
2021-07-23,275.2698498757222,277.7795261635657,274.4364872095776,277.4730224609375,22768100
2021-07-26,276.8312063761206,277.4921551936187,274.57059187126583,276.87908935546875,23176100
2021-07-27,277.2430893009287,277.386767469363,271.0359585638651,274.47479248046875,33604100
2021-07-28,276.82168997630873,277.9328501720767,271.8789549948285,274.1683349609375,33566900
2021-07-29,274.18743125080124,276.46722250096303,274.0341647800032,274.4364929199219,18168300
2021-07-30,273.1625138234118,274.5897658444149,271.95555860787897,272.9134521484375,20944800
2021-08-02,274.3023442842748,274.69508409233026,271.7926682142206,272.82720947265625,16267400
2021-08-03,273.401963651149,275.13574847156286,272.041742078418,275.0303649902344,17879000
2021-08-04,274.1682781399353,275.48058755485204,272.6643783324015,274.4460754394531,16191300
2021-08-05,274.8004915502387,277.43469867133746,274.0533357906488,277.3293151855469,13900200
2021-08-06,276.3618692799431,277.31017451192804,275.5093300140489,277.2718505859375,16589300
2021-08-09,277.54973625626684,279.2739334511002,275.6914198940621,276.18951416015625,16117600
2021-08-10,276.6396430462335,277.0707068328733,273.1912496834788,274.3790283203125,18616600
2021-08-11,275.11655559953596,276.5055127244419,273.8233936612764,274.8675231933594,13955900
2021-08-12,274.56099216059465,277.76035263480225,274.28319488720257,277.6070861816406,14561300
2021-08-13,277.29103790576875,280.5670175063844,277.1185948484272,280.5191345214844,18249000
2021-08-16,280.84480121005765,282.40617231232227,277.8082659137247,282.1954345703125,22507600
2021-08-17,280.0784603423911,281.074648413446,278.8235931164337,280.7393798828125,20075300
2021-08-18,280.27872459621557,282.94676489700373,278.579988799018,279.021484375,21813000
2021-08-19,277.06371360649507,285.4901192550461,277.0157389505049,284.81829833984375,29850500
2021-08-20,287.6494504032282,293.5229764433976,286.0562996654451,292.1025695800781,40817600
2021-08-23,291.0373384053386,293.10074648850605,289.6937258829428,292.3809509277344,22830200
2021-08-24,292.7359564242879,293.34058919776106,289.8375910575891,290.4326171875,18175800
2021-08-25,292.04501401347983,292.3233431392219,288.3212965855392,289.8472595214844,20006100
2021-08-26,288.8682448842241,290.2502542246481,286.9104227257453,287.0447692871094,17666100
2021-08-27,286.94883316309097,288.7531250293206,284.87581884584097,287.6494445800781,22605700
2021-08-30,288.99302872534867,291.968188686325,288.9354474406273,291.3635559082031,16348100
2021-08-31,292.16012706402677,292.2368923425425,289.35771113719727,289.722412109375,26285300
2021-09-01,290.67262417838776,292.89919870843596,289.3481957201944,289.67449951171875,18983800
2021-09-02,290.02961237848854,291.14287031326114,288.0909444169398,289.0218811035156,16285600
2021-09-03,288.8682550507009,290.413430936319,288.16767300122905,289.0122375488281,14747900
2021-09-07,288.8875324668998,288.96429776620096,286.1907010174333,288.0909423828125,17180400
2021-09-08,287.70710570280636,288.503666632325,285.490137544591,288.1197814941406,15046800
2021-09-09,288.705194927188,289.97204208683576,285.0390293387629,285.2789611816406,19927000
2021-09-10,286.4018773396256,287.84146850871275,283.4842977028129,283.8009948730469,19633400
2021-09-13,285.56686392320825,286.51701392472955,282.2366088163071,285.0294189453125,23652900
2021-09-14,287.49592696697243,289.2522444456008,286.0947332155957,287.7166748046875,21853400
2021-09-15,291.0468952158528,293.02393100782655,289.66488563272827,292.5440673828125,28356300
2021-09-16,291.5267848065768,293.01435046119434,288.6476028000496,292.927978515625,19550800
2021-09-17,291.92030251442793,292.23699967637344,287.467153222757,287.79345703125,41372500
2021-09-20,284.39593784399835,286.689699826259,277.86019819512114,282.44769287109375,38278700
2021-09-21,283.78175309872546,285.5572543702067,282.22699963878074,282.9275817871094,22364100
2021-09-22,284.77982618940496,288.12926431682723,282.64923090626985,286.5552978515625,26626300
2021-09-23,286.81451245521663,288.78194172532284,285.5476653767462,287.49591064453125,18604600
2021-09-24,286.21945226743645,287.72620170617705,284.971789339243,287.2943420410156,14999000
2021-09-27,284.21369275698544,284.53038991922193,281.14255329173125,282.3230285644531,23571700
2021-09-28,278.1288914309859,279.06943449757966,271.36282734522354,272.101806640625,43186200
2021-09-29,273.61823631743374,275.22096437346653,271.6124099419833,272.5625305175781,26353700
2021-09-30,274.20369075422246,276.23830803362955,270.27840943903544,270.56634521484375,32343600
2021-10-01,270.7582763645691,278.301748595393,269.96171554788884,277.4571838378906,30086300
2021-10-04,275.8255502626874,276.1614605902717,268.9635076643741,271.70831298828125,31350700
2021-10-05,272.61052278816857,278.7047968877301,272.61052278816857,277.130859375,24993000
2021-10-06,274.270845855537,281.80471044780717,274.0117300480355,281.3056335449219,28002600
2021-10-07,283.2923746987016,284.6935980268707,282.0831378869021,282.9756774902344,20430500
2021-10-08,284.29049956389696,284.6935980268707,281.9295779623674,282.9756774902344,17685700
2021-10-11,281.1233138675637,285.9699246769011,280.960147351055,282.38055419921875,19298600
2021-10-12,283.44582055374815,283.541799129027,280.5762456707699,281.08489990234375,17974100
2021-10-13,283.03312739677557,285.3076759763524,281.6703020046008,284.3767395019531,23416300
2021-10-14,287.15996114857046,291.05645115386534,285.83553295482557,290.5574035644531,27262900
2021-10-15,290.16399355489904,292.18903370330804,288.41728256762934,291.95867919921875,25384800
2021-10-18,291.34445521764906,295.7975751445461,290.49989041550754,294.9146423339844,22729300
2021-10-19,295.93190452763184,296.8436278454899,294.8474080448137,295.8167419433594,17682100
2021-10-20,296.7572212605968,297.22750747620495,293.7820612638545,295.02972412109375,16537100
2021-10-21,294.7994554629315,298.49438223529035,294.0220493838015,298.244873046875,16918100
2021-10-22,297.8993420062516,298.56155617287357,295.40404521926826,296.70928955078125,17449300
2021-10-25,296.9011793012965,296.93957658837917,294.1179764030474,295.7207336425781,17554500
2021-10-26,298.475142899543,299.81875504845516,296.171803603044,297.6209716796875,28107300
2021-10-27,303.2738027325777,312.9670535510442,303.2738027325777,310.1550598144531,52588700
2021-10-28,311.2683233315921,311.7865842427679,308.417932252952,311.28753662109375,26297900
2021-10-29,311.0763923948779,318.6294410245631,310.85564458763923,318.2647399902344,34766000
2021-11-01,318.0151944565091,318.1399636800593,313.2261650477916,316.1053466796875,27073200
2021-11-02,317.0074904775489,320.02104795725353,316.7099773873297,319.71392822265625,26487100
2021-11-03,320.4529410895813,321.41266839400566,317.33382735020217,320.5489196777344,21500100
2021-11-04,319.483574923038,322.98657305209764,316.2396925724103,322.8905944824219,23992200
2021-11-05,324.8772834386426,325.1460058993081,320.95200246852335,322.52593994140625,22570100
2021-11-08,323.7160006633111,324.0519110698877,320.97119469393846,323.4184875488281,20897000
2021-11-09,323.5335762229284,325.07875202475316,321.0574932867859,322.4203186035156,21307400
2021-11-10,321.0960665114117,321.15364782367226,316.63333907985117,317.4778747558594,25500900
2021-11-11,317.9096735712425,320.3281758647958,317.19948472941286,319.0421447753906,16849800
2021-11-12,320.47216845555636,323.6488636296379,320.34739921433277,323.1593933105469,23831000
2021-11-15,323.9463532471072,324.27265700662844,320.57770113283607,322.5355529785156,16723000
2021-11-16,322.1613243931987,326.9503845971873,321.9981871176535,325.83709716796875,20886800
2021-11-17,325.88504557340764,329.00986527743964,324.98124921933237,326.05810546875,19053400
2021-11-18,325.15438659772514,329.2599387046323,324.1352167372241,328.1253662109375,22463500
2021-11-19,329.44260130183307,331.8078416400719,329.01954636756113,329.89447021484375,21963400
2021-11-22,331.3463268296399,336.2018344650954,326.47160009386823,326.7408142089844,31031100
2021-11-23,324.067875438659,326.3754584116151,320.7123087229874,324.6736145019531,30427600
2021-11-24,323.32749241749696,325.1350850982955,321.04878247024,324.89471435546875,21661300
2021-11-26,321.4718896050423,324.9139862915625,315.4818391564863,316.98175048828125,24217200
2021-11-29,322.03915370433015,325.9716160847785,321.84684534637535,323.6640625,28563500
2021-11-30,322.4045150069706,324.7697551795586,316.31831064916247,317.856689453125,42885600
2021-12-01,322.2218403334276,326.2119893836903,316.7029366546509,317.3663330078125,33337600
2021-12-02,317.57784067361735,320.6449739601022,315.1741330410827,316.7990417480469,30766000
2021-12-03,319.2027326168605,319.8854066749846,305.78043811748984,310.5686340332031,41779300
2021-12-06,311.472416708919,314.8376070697841,306.9342159628672,313.6261291503906,30032600
2021-12-07,318.8662344123449,322.8659778487916,317.3855423848686,322.0198974609375,31021900
2021-12-08,322.3948327978521,322.57751689845855,318.0585354762929,322.06793212890625,24761000
2021-12-09,321.52959065515364,323.52946273979535,319.327785978313,320.2700500488281,22214200
2021-12-10,322.0776553641923,329.78874012403924,321.89497120742305,329.3464660644531,38095700
2021-12-13,327.5581205344927,330.5483488274046,326.01974140047037,326.3274230957031,28899400
2021-12-14,320.3854635674204,321.7507827518931,311.626335523939,315.69342041015625,44438700
2021-12-15,315.9528888428843,322.2794628998093,312.00120811857875,321.76025390625,35381100
2021-12-16,322.7794315194058,323.7890062177765,310.57821058980744,312.38580322265625,35034800
2021-12-17,308.52067208536005,312.4050716507524,305.0304840740271,311.32818603515625,47750300
2021-12-20,307.72260504980915,310.36668315061627,305.3381461233178,307.5880126953125,28326500
2021-12-21,310.8378750297764,315.10686227817746,307.48227910762097,314.6838073730469,24740600
2021-12-22,315.6548897596977,320.760362669551,313.2031195933652,320.3661804199219,24831500
2021-12-23,319.93345726891704,323.43326935301656,319.91423817274443,321.7987365722656,19617800
2021-12-27,322.53916090050194,329.2887920541107,322.51031757686,329.25994873046875,19947000
2021-12-28,329.93289096293216,330.5674732743384,327.21190693909,328.1060791015625,15661500
2021-12-29,328.15415682405353,331.0386060056612,326.59655896072684,328.7791442871094,15042000
2021-12-30,328.7406032599849,329.9136135053014,325.7696247881377,326.2503662109375,15994500
2021-12-31,325.4715861796805,326.28882317175834,322.9140381421796,323.3659362792969,18000800
2022-01-03,322.4333715730328,324.9812959837682,317.0779035290574,321.8564758300781,28865100
2022-01-04,321.9333951684874,322.2891685868689,313.5588850186426,316.33758544921875,32674300
2022-01-05,313.30890328932094,313.5108358888348,303.80947386548866,304.1940612792969,40054300
2022-01-06,301.0883900628225,306.42463822029214,299.4923247910214,301.790283203125,39646100
2022-01-07,302.049962942499,304.30945449198936,298.14634321960966,301.9442138671875,32720000
2022-01-10,297.56942521329626,302.5979928961551,292.9543176051216,302.1653137207031,44289500
2022-01-11,301.3095522143525,304.41512357671206,297.95398587837894,302.8479309082031,29386800
2022-01-12,307.35733034753923,310.9532679259109,304.86706317706137,306.01123046875,34372200
2022-01-13,308.1264486110597,308.52066014986855,292.2908229193429,293.05999755859375,45366000
2022-01-14,292.53120896925554,298.84815945566663,292.0504674590349,298.2520446777344,39846400
2022-01-18,292.3581778205605,297.8674572905509,290.1179057310112,290.99285888671875,42333200
2022-01-19,294.49264788128625,301.8191439350218,291.04092729643247,291.6466369628906,45933900
2022-01-20,297.16558676731063,299.6462002381442,289.541032877528,289.9833068847656,35380700
2022-01-21,291.03141265163913,292.3967026478423,284.22409374901423,284.6279296875,57984400
2022-01-24,280.94543450165037,285.66629172565484,265.4174555944959,284.9548034667969,85731500
2022-01-25,280.29152732225515,283.627874669316,274.18613344698997,277.37823486328125,72848600
2022-01-26,296.1272067657119,296.6175725961171,281.74342604783857,285.28167724609375,90428900
2022-01-27,291.0024351218943,295.46370078193985,286.4546101746923,288.2910461425781,53481300
2022-01-28,288.666071926605,296.5983072336974,283.1087009699881,296.38677978515625,49743700
2022-01-31,297.05020471160907,300.34808458292423,294.56956197195456,299.00201416015625,46444500
2022-02-01,298.4539337157057,298.6654611438378,293.37730478266843,296.86749267578125,40950400
2022-02-02,297.7040676548464,302.98260138344097,296.98295520702135,301.38653564453125,36636000
2022-02-03,297.5693383559152,299.2423385828115,288.40640733788615,289.646728515625,43730000
2022-02-04,288.64681946632084,296.9059553802916,288.4160729228112,294.1561279296875,35096500
2022-02-07,294.37737326841864,295.98303404816374,288.3488538217005,289.3584289550781,28533300
2022-02-08,289.64680820459523,293.79079836630905,288.3968918064597,292.8293151855469,32421200
2022-02-09,297.93473032420275,299.91538294226615,295.55027128070327,299.2231140136719,31284700
2022-02-10,292.3293418995418,297.2136633368289,289.1179917352157,290.7332763671875,45386200
2022-02-11,291.51201390296524,292.56965100167986,282.88751078774607,283.6759338378906,39175600
2022-02-14,282.45484705008886,285.3297011391844,280.1280746488406,283.6374816894531,36359500
2022-02-15,288.4545460706531,289.2140965718555,285.57969173022536,288.8968200683594,27058300
2022-02-16,287.47087375855756,289.8795515618136,282.95219184742473,288.5596008300781,29982100
2022-02-17,285.5342722610437,285.9582018841707,279.4066103677046,280.1099548339844,32461600
2022-02-18,282.34522991631013,283.12563925409984,275.85144328731116,277.4122619628906,34264000
2022-02-22,274.5893178506724,280.8904283246642,274.10758220532034,277.2099609375,41736100
2022-02-23,279.57998270583295,281.04447731257943,269.86820883209873,270.031982421875,37811200
2022-02-24,262.55549170711595,284.37810398388814,261.60163542289047,283.82891845703125,56989700
2022-02-25,284.35883888428555,286.7578722133429,280.9963051733294,286.4495544433594,32546700
2022-02-28,283.5592481567503,288.2128312016405,282.29710305164537,287.8756103515625,34627500
2022-03-01,285.5728578838848,289.01245712557574,281.47810528267394,284.17584228515625,31217800
2022-03-02,284.5707837842269,290.4576069527269,282.9714477799345,289.224365234375,31873000
2022-03-03,291.8258393249391,292.0570630305392,283.3087270663971,285.1104431152344,27314500
2022-03-04,283.53995896520416,284.85990985728677,276.6800484526404,279.2717590332031,32356500
2022-03-07,277.99032843801785,279.10795849514665,268.3556169829133,268.72174072265625,43157200
2022-03-08,267.6522801991081,273.58726615536074,260.1372168079997,265.7735290527344,48159500
2022-03-09,273.0863540788961,279.0213418248331,270.52351645659496,277.9615173339844,35204500
2022-03-10,272.68158699777644,276.13083008813146,270.33071510240313,275.15771484375,30628000
2022-03-11,277.44118984064033,278.9345880109205,269.2227807529442,269.83941650390625,27209300
2022-03-14,270.0995117672135,274.9746736705197,265.74463254293596,266.34197998046875,30660700
2022-03-15,270.10914399569396,277.3062746946172,268.5483254301358,276.6607360839844,34245100
2022-03-16,278.54910553558244,283.8096787213844,272.8550174149433,283.6362609863281,37826300
2022-03-17,282.5764817272433,284.81171260660994,278.7996616158856,284.43597412109375,30816600
2022-03-18,284.58055583753804,290.0049047741427,282.0370065137004,289.4557189941406,43390600
2022-03-21,287.9719290179041,289.17626805109586,284.1276588300462,288.2320556640625,28351200
2022-03-22,288.84863696836237,293.8586986740922,287.85626286698505,292.9530334472656,27599700
2022-03-23,289.53277788187336,292.15342106739143,286.8446846467914,288.5500183105469,25715400
2022-03-24,288.212858625541,293.0880217250497,287.42280499368326,292.9916687011719,24484500
2022-03-25,294.0803119983577,294.3404386258809,288.35729097039587,292.5869140625,22566500
2022-03-28,293.2131884282858,299.4468485037341,293.2131884282858,299.35052490234375,29578200
2022-03-29,302.443281807603,304.2835155341289,297.7607959614938,303.88848876953125,30393400
2022-03-30,302.2986959453416,304.40869996608586,300.1983066415058,302.39501953125,28163600
2022-03-31,302.43362184596117,303.6283461991608,296.64317958234875,297.0478210449219,33422100
2022-04-01,298.0690878498517,298.8013353889546,294.3790059993479,298.1172790527344,27110500
2022-04-04,298.76276415932574,303.5993787276326,298.39664041936675,303.4645080566406,24289600
2022-04-05,301.82660661689823,303.3681663887453,298.5508104784777,299.52392578125,23156700
2022-04-06,294.04175386251336,295.7856342398464,285.8715081688589,288.5596008300781,40110400
2022-04-07,285.8233566950077,292.5580106672026,285.5246829888432,290.3612976074219,31411200
2022-04-08,289.4652859924413,290.1204393434208,285.4572423231668,286.1220397949219,24361900
2022-04-11,281.13134163779927,281.9213658778762,274.5893622825598,274.8398742675781,34569300
2022-04-12,278.6743681898196,280.11957482236716,270.24399616662504,271.75665283203125,30966700
2022-04-13,272.4022274692682,278.0385105603026,271.02444128433206,277.11358642578125,21907200
2022-04-14,277.56640502923614,277.7783698621316,269.1167734779353,269.6081237792969,28221600
2022-04-18,268.72168356502846,272.1419936429615,268.17249807222686,270.2728576660156,20778000
2022-04-19,269.1745633932946,275.7165404624221,268.2399952405621,274.8782958984375,22297700
2022-04-20,278.8285886738467,279.11764770587973,274.94580050630236,275.8996276855469,22906700
2022-04-21,278.03852943515125,282.5861150592423,269.82976470304897,270.5523681640625,29454600
2022-04-22,271.39056854763874,272.8550636325426,263.393769113378,264.02001953125,29405800
2022-04-25,263.3070532274066,270.8413756866367,260.87908697872507,270.46563720703125,35678900
2022-04-26,267.3632511079873,268.19182220528097,260.13721729425794,260.34918212890625,46518400
2022-04-27,271.7952151207864,280.34119944845656,268.96260761022705,272.8742980957031,63477700
2022-04-28,274.7722962798131,280.3508015911793,271.1785388721603,279.05010986328125,33646600
2022-04-29,278.0673990236614,279.2910262219157,266.3997773201998,267.38250732421875,37073900
2022-05-02,267.56553951466765,274.53144585501184,266.12997704590924,274.07861328125,35151100
2022-05-03,273.58732958233423,273.7511326570161,269.91650591302243,271.4869689941406,25978600
2022-05-04,272.2672940906547,280.2544777268917,266.6213675689915,279.3873596191406,33599300
2022-05-05,275.10958168100854,275.88999102064156,264.318692205309,267.21875,43260400
2022-05-06,264.77152276793004,269.04933732325316,261.36082642726797,264.6944580078125,37780300
2022-05-09,260.195055446973,262.4110276632544,253.70126833077944,254.91522216796875,47726000
2022-05-10,261.76549132988686,263.7502396394238,255.3873167232384,259.6554870605469,39336400
2022-05-11,255.97502163371615,261.4475309989085,249.82807066667775,251.03240966796875,48975900
2022-05-12,248.27688839647124,250.3868926130945,240.88706627938942,246.02236938476562,51033800
2022-05-13,247.949343073978,253.43149708204328,246.02240048844536,251.5816192626953,34925100
2022-05-16,250.46398464979046,256.1099416160169,246.43668177320907,251.94773864746094,32550900
2022-05-17,256.38936992042704,258.5282776861266,252.8727050568493,257.0734558105469,28828800
2022-05-18,253.98308927658698,254.56252427185584,244.10382723032592,245.36891174316406,31356000
2022-05-19,245.19504347438166,248.83580804738511,243.24430969757432,244.4611053466797,32692300
2022-05-20,248.42057161150723,249.6760190694131,237.99085911430905,243.90103149414062,39199300
2022-05-23,246.73057447845937,252.53451735450935,244.74118884717117,251.71365356445312,33175400
2022-05-24,249.04828011075938,252.37031292551026,244.80877669553468,250.7189483642578,29043900
2022-05-25,249.28967862489,255.5088559710711,248.3142970660737,253.5194854736328,28547900
2022-05-26,253.2781100641193,257.9521680064266,252.46691284814418,256.7836608886719,25002100
2022-05-27,259.2752849819585,263.96864774816714,258.38681383363456,263.8720703125,26910800
2022-05-31,263.1863562668899,265.3495488346776,259.70977573202504,262.5489807128906,37827700
2022-06-01,265.7648261496329,268.16944748829445,260.78173234380733,263.08013916015625,25292200
2022-06-02,255.38343546239255,265.2337143251771,252.63114082746247,265.1661071777344,44008200
2022-06-03,261.04242522746756,264.0747845426284,259.2075725800062,260.7623596191406,28059000
2022-06-06,262.7324336411163,264.779744827782,258.0583763446399,259.5359191894531,22400300
2022-06-07,257.49833236224606,263.76581500022235,256.82231988834405,263.15740966796875,22860700
2022-06-08,262.3945173250315,263.64029841566133,260.3665091352675,261.13909912109375,17372300
2022-06-09,258.5991944855066,263.36016296929256,255.55719774199142,255.7117156982422,26439700
2022-06-10,251.6460439882833,251.6460439882833,243.87204872141055,244.3162841796875,31422800
2022-06-13,236.70647229198008,240.48242256411086,233.24920982974828,233.9541778564453,46135800
2022-06-14,235.49933694664017,237.31488645148173,233.2299000655882,236.1077423095703,28651500
2022-06-15,239.79673406143797,246.54708847653447,237.97153296010552,243.12844848632812,33111700
2022-06-16,237.5465949685709,238.93722706322862,234.68808653901266,236.57122802734375,33169200
2022-06-17,236.3105209841857,241.9116724347951,235.66349352878527,239.1593780517578,43084800
2022-06-21,241.67987371090587,246.0159401392919,240.95558733169304,245.0405731201172,29928300
2022-06-22,243.25401534558895,248.3530054561835,241.78612402987773,244.45150756835938,25939900
2022-06-23,246.8078492299289,250.47755532769025,244.93435931975776,249.9850311279297,25861400
2022-06-24,252.83386609569553,258.7923411858124,252.74695527389528,258.5219421386719,33923200
2022-06-27,259.01450212809226,259.1014129718145,254.25353259267325,255.808349609375,24615100
2022-06-28,254.92949381458487,257.7590321077553,247.53211228973697,247.68663024902344,27295500
2022-06-29,248.75856369685934,252.9884007989355,246.99130319168566,251.3370361328125,20069800
2022-06-30,248.23707094153858,250.6320551562228,244.22935890804,248.0246124267578,31730900
2022-07-01,247.59979947742193,250.86389295710907,245.88081241194902,250.68040466308594,22837700
2022-07-05,247.37760464946805,253.9637892662612,246.00629085879652,253.83824157714844,22941000
2022-07-06,254.70738716056056,258.8020102285566,253.4036657301254,257.0830383300781,23824400
2022-07-07,256.0304226841945,259.8353431316474,255.9338452648158,259.1979675292969,20859900
2022-07-08,255.7117696472832,258.90828502143717,254.26319665701553,258.4833679199219,19658800
2022-07-11,256.5422912269058,257.3921254979939,253.1912575955396,255.44139099121094,19455200
2022-07-12,256.76436593684815,256.82230649201273,243.39885616958918,244.9729766845703,35868500
2022-07-13,241.61228376039588,244.8570873615849,239.603594413408,244.0555419921875,29497400
2022-07-14,241.97925680708025,246.39256746391416,237.5079908622042,245.36891174316406,25102800
2022-07-15,246.9526808402148,251.44325042079436,246.03525438925857,247.91839599609375,29774100
2022-07-18,250.84453005870418,251.89715611893087,244.6156697955208,245.53309631347656,20975000
2022-07-19,248.74896896631267,250.81561414498336,244.98268466124992,250.6321258544922,25012600
2022-07-20,250.98935133409913,255.78895661231545,250.0333028054799,253.27809143066406,22788300
2022-07-21,250.88314483137592,255.80829794667736,248.21776161035194,255.75999450683594,22404700
2022-07-22,256.14630415666,256.23321499283503,250.18785755232344,251.43360900878906,21881300
2022-07-25,252.05163888587902,252.5344964316374,248.00529029472085,249.95602416992188,21056000
2022-07-26,250.95072573000826,250.9700588947091,241.01353801634696,243.26364135742188,39348000
2022-07-27,252.20619754450755,260.7913907687193,249.97539768074358,259.52630615234375,45994000
2022-07-28,260.50159330991454,268.31422328541737,258.68604458923585,266.9332580566406,33459300
2022-07-29,268.1791756325024,272.33174002161905,267.1458530919337,271.11492919921875,32152800
2022-08-01,268.2949358731118,271.63630136547664,266.3828096525368,268.4784240722656,21539600
2022-08-02,266.537425174636,268.3626412541174,263.0415404728972,265.39788818359375,22754200
2022-08-03,267.2713577584934,273.7802690088794,267.12647689627147,272.78558349609375,23518900
2022-08-04,272.13850053519735,274.0699307149256,270.5644096945988,273.9250793457031,18098700
2022-08-05,269.57938130013923,273.92509952465934,269.1254939956156,273.2104797363281,16774600
2022-08-08,274.3112955824545,276.1172071356662,269.74348313316057,270.7091979980469,18739200
2022-08-09,270.05259210657965,273.37462502798235,268.0921621074516,272.6213684082031,23405200
2022-08-10,278.2901367727336,279.8738942312327,277.10229657539446,279.2461853027344,24687800
2022-08-11,280.87827114074025,281.2259144656879,276.687070719345,277.1795654296875,20065900
2022-08-12,278.58955073001846,281.9019470214844,277.10234096743113,281.9019470214844,22619700
2022-08-15,281.02306896793766,284.09403563819063,280.16356845958603,283.40838623046875,18085700
2022-08-16,281.97918336040345,283.9589172842201,280.46303283251734,282.67449951171875,18102900
2022-08-17,280.4002663240658,283.8939138882916,280.1389803646201,281.9293518066406,18253400
2022-08-18,280.8357203997343,282.50027733774294,279.76148592010856,280.8163757324219,17186200
2022-08-19,279.5873182545467,279.9260419302894,276.35498651754625,276.92596435546875,20570000
2022-08-22,272.98716276174565,273.3549182202422,268.28383861490187,268.7967529296875,25061100
2022-08-23,267.52899169921875,269.8709667468448,266.5225077065828,267.52899169921875,17527400
2022-08-24,266.5321774149117,268.29351690361904,266.24183017802443,266.8999328613281,18137000
2022-08-25,268.3902454376077,270.02577059536407,265.67082824168347,269.86126708984375,16583400
2022-08-26,270.0838799821935,271.3032734990673,259.3417106465169,259.4481506347656,27549300
2022-08-29,257.2803379595906,258.7803619357156,255.34480790841272,256.6803283691406,20338500
2022-08-30,258.0739528081768,258.44167876709264,252.25767464216207,254.4932098388672,22767100
2022-08-31,256.83524844916917,258.49977642113373,252.90609414004587,253.04159545898438,24791800
2022-09-01,250.52533262450333,252.48023691824085,247.17687383626492,252.00601196289062,23263400
2022-09-02,253.26411708214042,256.20610147316614,246.26716536821394,247.805908203125,22855400
2022-09-06,247.9414053865417,249.51883753175827,243.8187170261839,245.08648681640625,21328200
2022-09-07,246.48976943648967,250.4866292810051,245.05748121497774,249.77049255371094,24126700
2022-09-08,249.20920755279656,252.03506518749612,246.57687045645707,250.18663024902344,20319900
2022-09-09,252.1028386795256,256.68037878178535,251.8996162537151,255.9351806640625,22084700
2022-09-12,257.2125536578714,258.82873403398463,256.6125441459456,258.05450439453125,18747700
2022-09-13,250.49630836570796,252.0060195193781,243.4800115748494,243.86712646484375,33353300
2022-09-14,245.35746095813147,246.03489350941175,241.8057651557058,244.08969116210938,23913000
2022-09-15,241.71870321883833,243.2961503559626,236.15405366231204,237.47021484375,31530900
2022-09-16,236.38627698047728,237.3927608644155,234.25719690326952,236.85081481933594,39791800
2022-09-19,234.65397254260654,237.23790323040416,233.0861980227324,236.6378936767578,26826900
2022-09-20,234.26687239156138,235.66044153829108,231.91519584554464,234.63461303710938,26660300
2022-09-21,236.39595324962926,239.67667590576733,231.19904532157508,231.2474365234375,28625600
2022-09-22,230.20225587391255,235.99917354124665,229.91193818738796,233.21200561523438,31061200
2022-09-23,231.8184307644762,233.35718839815166,227.61833404254136,230.2506561279297,34176000
2022-09-26,229.40867630752822,233.6668360314633,229.26350270996545,229.7957763671875,27694200
2022-09-27,232.24421970145121,234.0055589313427,226.94087211261905,228.789306640625,27018700
2022-09-28,229.17642964868273,234.5184966384645,227.16347665591098,233.2991180419922,29029700
2022-09-29,231.18940064159077,232.215229269323,226.85381719409244,229.84420776367188,27484200
2022-09-30,230.60872427461211,232.78619560885667,225.22795302914213,225.39247131347656,35694800
2022-10-03,227.82154744014306,233.8216870981845,227.09572373714803,232.979736328125,28880400
2022-10-04,237.18953820241006,242.28966427196394,237.08308345370094,240.8573760986328,34888400
2022-10-05,238.06052054576585,242.5025584054372,236.23144526431753,241.1670379638672,20347100
2022-10-06,239.93799895986987,242.27031644163847,238.14764234917035,238.83474731445312,20239900
2022-10-07,233.1346048289845,233.5410791626443,225.65378480022213,226.68930053710938,37769600
2022-10-10,225.53763257488384,226.99895238528188,219.42135078516142,221.86012268066406,29743600
2022-10-11,220.28267336430167,221.67625738261597,216.8858233948525,218.1439208984375,30474000
2022-10-12,218.13423774935973,220.5149462849339,216.74066847271945,218.47296142578125,21903900
2022-10-13,212.76316144954848,228.4893441994696,212.06636940173655,226.68930053710938,42551800
2022-10-14,227.94734744050535,229.59255965182822,220.9794428267959,221.19235229492188,30198600
2022-10-17,228.21837517177028,231.2571570244088,227.5602872186214,229.8732452392578,28142300
2022-10-18,235.39916206358598,236.06690750411659,227.7828415320167,230.81195068359375,26329600
2022-10-19,229.39900168382854,231.88616474151667,226.73764801989628,228.8570556640625,19985700
2022-10-20,228.16994856599382,233.5313599425322,227.29895124255845,228.53768920898438,21811000
2022-10-21,227.1731364496684,235.16686915506187,226.9408675591029,234.3152313232422,26299700
2022-10-24,235.90240190553322,239.85088505869388,233.52170816579923,239.2799072265625,24911200
2022-10-25,239.28957660185964,242.9477272430807,237.90567969361152,242.57998657226562,34775500
2022-10-26,223.718229712473,230.61839877791698,222.64400998891642,223.8634033203125,82543200
2022-10-27,223.59244061528798,226.15702697219044,218.50200154160817,219.44073486328125,40424600
2022-10-28,218.94715681380413,228.97320270821285,218.76327910286216,228.2667236328125,40647700
2022-10-31,226.22473999169745,227.34735093033876,223.69887276321543,224.6472930908203,28357300
2022-11-01,227.03767812320683,228.1409296481597,220.0020223387947,220.81494140625,30592300
2022-11-02,222.0633621151271,223.84404616078317,212.94700287287873,213.0050811767578,38407000
2022-11-03,212.9954026993864,213.3050945982589,207.08235775345725,207.34365844726562,36633900
2022-11-04,210.53729517480699,214.4470595832424,206.55009302136054,214.25350952148438,36789100
2022-11-07,214.83416409790135,221.04721381188003,214.14704442988435,220.5246124267578,33498000
2022-11-08,221.32788282257266,224.18278700971726,218.56007395328075,221.49240112304688,28192500
2022-11-09,220.04074269428185,221.26013615245242,217.09874333274988,217.27293395996094,27852900
2022-11-10,227.84090847628838,235.4862608906142,227.42477661146236,235.1475372314453,46268000
2022-11-11,235.15725212322295,239.99607772936167,234.1314086905055,239.14443969726562,34620200
2022-11-14,234.18949089813225,236.0475981897714,231.4991049977139,233.763671875,31123300
2022-11-15,237.74117578758222,239.03797746539766,232.2926536001012,234.1701202392578,31390100
2022-11-16,235.62584176038104,236.60604855552322,233.3257795259496,234.5971221923828,24093300
2022-11-17,230.76368475624398,236.0722794395261,230.6181168177236,234.54859924316406,23123500
2022-11-18,236.3245938837583,236.5478177930803,231.9767921721455,234.1021728515625,27613500
2022-11-21,234.30595375905,237.45035420758848,234.0730450796648,234.9076690673828,26394700
2022-11-22,236.40223227361014,238.07148033059326,233.6072243246812,237.79974365234375,19665700
2022-11-23,237.8773882479825,240.95384732065142,237.06217820148206,240.27450561523438,19508500
2022-11-25,240.01245273021934,241.36143645953254,239.44956540890726,240.18714904785156,9200800
2022-11-28,238.81872361988414,239.37189647637996,233.69452596138473,234.62619018554688,24778200
2022-11-29,234.27685297681788,235.6258367832805,231.18099474535325,233.23843383789062,17956300
2022-11-30,233.4713249444162,247.79578505485316,232.7822689392651,247.61138916015625,47594200
2022-12-01,246.37891746379069,248.56252551104194,243.51596765243588,247.1747283935547,26041500
2022-12-02,242.44840731366295,248.50427013338341,242.3222385687394,247.49496459960938,21528500
2022-12-05,244.57378861196725,246.3303923254423,240.74034652754588,242.81719970703125,23435300
2022-12-06,243.41887208872768,244.4281775081437,236.58659838862874,237.88705444335938,22463700
2022-12-07,237.60564320065706,238.89639979977625,235.0629579890975,237.15921020507812,20481500
2022-12-08,237.61531942592248,241.40024809384906,235.8878444020433,240.0997772216797,22611800
2022-12-09,237.47946700334126,240.9829448599812,236.95540766792848,238.17822265625,20609700
2022-12-12,240.14831706074776,245.08811932166867,239.8765804009923,245.0590057373047,30665100
2022-12-13,253.9680887425882,256.132296862077,245.60245129194573,249.33885192871094,42196900
2022-12-14,249.54270989920707,254.84158999041878,246.8059142850901,249.6300506591797,35410900
2022-12-15,246.2333334693487,246.69916567601095,240.04158720461845,241.6623077392578,35560400
2022-12-16,241.21588885198315,242.4678175315528,236.32459886583192,237.46978759765625,86102000
2022-12-19,237.63477938812645,237.97445766545272,231.66625680711488,233.3549041748047,29696400
2022-12-20,232.33586378495446,235.74230142731602,231.38478542376703,234.66505432128906,25150800
2022-12-21,234.55829818550004,238.37232600874938,233.02491849714485,237.21743774414062,23690600
2022-12-22,234.14101004366566,234.84948021515527,226.9690712195299,231.16160583496094,28651700
2022-12-23,229.14296825844733,231.821522034393,227.03700146219919,231.68565368652344,21207000
2022-12-27,231.65654287895535,231.87975199416192,228.87123430992634,229.9678955078125,16688600
2022-12-28,229.89993593986588,232.64643111207874,227.26019552023155,227.6095733642578,17457100
2022-12-29,228.69655133952642,234.78154345128436,228.69655133952642,233.8983917236328,19770700
2022-12-30,231.18100636407286,232.87936810259998,229.67674014824095,232.74349975585938,21938500
2023-01-03,235.90729779007853,238.49851075863083,230.39489317769917,232.5105743408203,25740000
2023-01-04,225.42597193507248,225.99855889308043,219.29246770974694,222.33981323242188,50623400
2023-01-05,220.49584400645332,220.83552222933494,215.21636361108918,215.75013732910156,39585600
2023-01-06,216.41975808716526,219.0983111969919,212.87746752170884,218.2928009033203,43613600
2023-01-09,219.76798480761224,224.41665135349578,219.7291716302323,220.418212890625,27369800
2023-01-10,221.0393352972296,224.48458614807703,220.62203068917864,222.09718322753906,27033900
2023-01-11,224.4651718383663,228.98766979827053,224.2904903213458,228.81298828125,28669300
2023-01-12,228.3180220940589,232.821105949786,226.6681880812586,231.4721221923828,27269500
2023-01-13,230.00670447846073,232.3067667845128,227.98807845959973,232.1708984375,21333300
2023-01-17,230.9480815858975,233.80133166035085,230.0940435204723,233.2578582763672,29831300
2023-01-18,234.44186787994613,235.22796439382358,228.57038560512123,228.85182189941406,30028700
2023-01-19,226.88168988104673,228.57035182284125,223.87315781209423,225.08627319335938,28623000
2023-01-20,227.92985845985373,233.63635883113758,227.59018017735744,233.13169860839844,35389800
2023-01-23,233.98571827354252,237.93561455180438,232.57849247852556,235.4220428466797,31934000
2023-01-24,235.34439747923588,236.75160844059997,233.3451855854794,234.89796447753906,40234400
2023-01-25,227.56108418494415,236.12083540376696,224.08671915209283,233.5102081298828,66526600
2023-01-26,236.4604658112775,240.98296392015405,234.85915928502237,240.68211364746094,33454500
2023-01-27,241.6429128288479,242.45812290706542,239.54664564896942,240.83740234375,26498900
2023-01-30,237.2950615090347,238.35290934630353,235.0532267167277,235.54818725585938,25867400
2023-01-31,236.26634887736424,240.6335642533175,235.78110272448055,240.49769592285156,26541100
2023-02-01,240.6821076556318,247.65023576111176,238.2267631452796,245.2919464111328,31259900
2023-02-02,251.18282257259764,256.8796075980904,249.65914256333582,256.7922668457031,39940400
2023-02-03,251.88160340231477,256.4041014975154,249.51359959938435,250.72671508789062,29077300
2023-02-06,249.84358711112344,250.67819643003182,247.26207355313863,249.19334411621094,22518000
2023-02-07,252.84229788758566,260.83914306930143,252.4055646091288,259.66485595703125,50841400
2023-02-08,265.13846022946933,268.593409822923,258.35470014039424,258.859375,54686000
2023-02-09,265.72080730740066,265.8955184484022,255.0453909060254,255.84120178222656,42375100
2023-02-10,253.81288289399168,256.29734113427406,252.96855922241394,255.33656311035156,25818500
2023-02-13,259.742590569191,266.49720913120274,259.26702917112374,263.3139953613281,44630900
2023-02-14,264.62413161713886,266.85625191813295,261.33414871350027,264.1388854980469,37047900
2023-02-15,261.0547562578646,263.39950469785816,258.9726863891012,262.0276794433594,28922400
2023-02-16,256.87118053744996,259.51753291113,254.80858804011677,255.05181884765625,29603600
2023-02-17,252.36654467181947,253.04757304733442,249.06832101285343,251.07254028320312,30000100
2023-02-21,247.58947974202172,248.5721416274502,244.77773242454728,245.8284912109375,28397400
2023-02-22,247.2100181685843,247.45324893497764,243.5615566726842,244.6998748779297,22491100
2023-02-23,248.64023054148305,249.88557094928385,243.69777930306105,247.8716278076172,29219100
2023-02-24,243.19186174048357,244.20369522047608,241.38222420199676,242.47189331054688,24990900
2023-02-27,245.6242009691581,245.97445391978178,242.6373195783351,243.386474609375,21190000
2023-02-28,242.3259439798901,244.6804159093662,241.995138870055,242.6664581298828,22491000
2023-03-01,243.9701913432016,244.13558648881542,239.1347623459425,239.60177612304688,27565300
2023-03-02,239.87418786109544,244.5928558822364,238.95963779243274,244.3107147216797,24808200
2023-03-03,245.36146516717056,248.69858408661656,244.58312376181246,248.3775177001953,30760100
2023-03-06,249.48666061100502,253.07674918507004,249.04884819003743,249.9147491455078,24109800
2023-03-07,249.36019623261095,250.71257368875254,246.5290010946981,247.26841735839844,21473200
2023-03-08,247.16137194826737,247.6478334867659,244.01883456634258,246.83058166503906,17340200
2023-03-09,248.8932070956166,252.53193017156482,244.76800759955387,245.48797607421875,26653400
2023-03-10,244.28157783106303,245.94526831886697,240.89580898858623,241.85899353027344,28333900
2023-03-13,240.701198918384,250.9266314715002,239.07641892091627,247.04466247558594,33339700
2023-03-14,249.79803486123274,254.00107026600773,248.93213379575317,253.72865295410156,33620300
2023-03-15,252.9405641280701,259.26456442561187,252.19139432118732,258.2527160644531,46028000
2023-03-16,258.0289293565625,269.0716125790634,256.15119488258745,268.72137451171875,54768800
2023-03-17,270.72558821466924,275.6582857099673,268.83811504692954,271.8638916015625,69527400
2023-03-20,269.4802407516752,269.96670228330714,262.543294560003,264.8588562011719,43466600
2023-03-21,267.4370730210024,267.5538190277959,262.22219041795455,266.3668518066406,34558700
2023-03-22,265.9971973475459,273.43034485869043,264.81022985408475,264.9172668457031,34873300
2023-03-23,270.4142324494357,273.4497475874127,267.7484328177196,270.1418151855469,36610900
2023-03-24,269.733262600463,273.03148703992207,267.82634113000586,272.9731140136719,28172000
2023-03-27,272.9048917232196,273.83888945620816,268.05972466794566,268.8964538574219,26840200
2023-03-28,268.3225140934646,268.6630431725957,264.6837609123016,267.7776794433594,21878600
2023-03-29,271.4066545555062,273.5276497515444,270.87155865821495,272.9147033691406,25087000
2023-03-30,276.53394388967973,276.7576972006701,273.8584053599599,276.3587951660156,25053400
2023-03-31,276.04753751584985,281.4375111990139,275.33729282077917,280.4937744140625,32766000
2023-04-03,278.761931454292,280.46454697415277,276.26154151333856,279.4527282714844,24883300
2023-04-04,279.4527167048261,282.58553031935185,277.9349590223858,279.404052734375,25824300
2023-04-05,278.11014548796777,279.3749339662447,275.259487198861,276.6410217285156,22064800
2023-04-06,275.5415076837403,284.1713297291427,274.3934656981096,283.704345703125,29770300
2023-04-10,281.37908101323706,281.7585352734682,277.00092706983764,281.5542297363281,23103000
2023-04-11,278.0128240085293,278.2366070491665,274.01412362630157,275.171875,27276600
2023-04-12,277.0788133677007,279.23870411334195,274.32542401576865,275.8139953613281,27403400
2023-04-13,275.91129524198396,282.05043844818863,275.5026841124763,281.9920654296875,24222700
2023-04-14,279.22891147364464,280.6688482565068,276.00853859815146,278.3922119140625,20987900
2023-04-17,282.0795407288976,283.70433510204543,278.4116319357609,280.9801330566406,23836200
2023-04-18,283.6751943988744,283.86005216252715,279.23866745372095,280.56182861328125,20161800
2023-04-19,278.2463272755176,281.2234702218599,276.8356062940719,280.6397399902344,17150300
2023-04-20,277.52630699953454,281.2039550334732,277.3608970127179,278.3630065917969,23244400
2023-04-21,277.2927991907115,278.5186620047946,275.3955874268566,278.0224914550781,21676400
2023-04-24,274.4519370721957,277.2345132199959,271.173190218911,274.1405944824219,26611000
2023-04-25,271.94171485112884,273.97512034038175,267.91379941457996,267.96246337890625,45772200
2023-04-26,288.6662882525056,291.4585727273819,284.8037824567908,287.3722839355469,64599200
2023-04-27,287.9560271426598,296.9361172975543,287.25552138127716,296.57611083984375,46462600
2023-04-28,295.77839869337646,300.56516432614853,295.0973405603856,298.9403991699219,36469600
2023-05-01,298.6582633895383,300.24413310215317,296.8875358766026,297.28643798828125,21294100
2023-05-02,299.42684782678805,300.8083821173536,295.681087639922,297.1404724121094,26404400
2023-05-03,298.31766627691815,300.25377368049993,295.85617210321027,296.15777587890625,22360800
2023-05-04,297.94798558856564,299.42684782678805,295.1848873161754,297.1404724121094,22519900
2023-05-05,297.44211220444237,303.52288282414327,296.03136154416666,302.2386169433594,28197100
2023-05-08,301.7326922255804,301.8008039789724,297.80207398264633,300.2927551269531,21318600
2023-05-09,299.6603622188009,301.6451339704267,298.0161195443124,298.68743896484375,21340800
2023-05-10,300.2635487654328,304.52495706862396,299.33928955394174,303.8536376953125,30078000
2023-05-11,301.7034562423544,302.6958271056149,297.9674351385275,301.7131652832031,31680200
2023-05-12,302.1412397708911,302.2385380136494,298.2982115576061,300.6040344238281,19774700
2023-05-15,300.7306029224894,301.50892969880647,299.261479214083,301.0808410644531,16336500
2023-05-16,301.4407550392499,305.2157014683238,301.4407550392499,303.2990417480469,26730300
2023-05-17,304.49838322404014,306.5849748220485,302.98703781876026,306.16571044921875,24315000
2023-05-18,306.68243649097326,311.07992095632784,305.892648471435,310.5728759765625,27276000
2023-05-19,308.83731401909836,310.7971739556616,308.47655029580653,310.39739990234375,27546700
2023-05-22,310.6509186565906,314.54135841802827,310.0756427593572,313.1665344238281,24115700
2023-05-23,312.04526511786804,314.66815212283035,307.3845270869392,307.394287109375,30797200
2023-05-24,306.87751903685313,308.60334694737196,304.81038789466385,306.01947021484375,23384900
2023-05-25,315.175173290878,318.7438600972789,312.0160206042334,317.788330078125,43301700
2023-05-26,315.9356633458704,325.0816363269195,315.7991718307155,324.5843811035156,36630600
2023-05-30,326.8660707233384,327.3633260629456,322.27356311731285,322.94635009765625,29503100
2023-05-31,323.9993748636306,327.5583014347169,319.16310540886235,320.1966857910156,45950600
2023-06-01,317.7980580790412,325.2084444667975,316.6182558412687,324.2821350097656,26773900
2023-06-02,325.9104368208326,329.07934907114736,324.2528400489723,327.03173828125,25873800
2023-06-05,326.8562209549611,330.11288397336966,326.31019540433937,327.5582580566406,21307100
2023-06-06,326.96353250247705,327.0025428376745,323.88240041372416,325.3547058105469,20396200
2023-06-07,323.37536016910263,326.14449888626166,314.45365769277373,315.31170654296875,40717100
2023-06-08,315.85773263123184,318.4903798108397,315.28245664141156,317.1448059082031,23277700
2023-06-09,316.8815191818162,321.7567696311191,316.3160032224107,318.6366271972656,22529000
2023-06-12,320.3819407440362,323.8141360540533,317.0472861489783,323.57037353515625,24260300
2023-06-13,326.1249342097831,328.57231892797256,322.1467437962909,325.9494323730469,22951300
2023-06-14,325.9982202996805,330.58096729872784,324.50639495848685,328.9233703613281,26003800
2023-06-15,329.0599201554074,341.11152517053205,328.78690731624766,339.4149475097656,38899100
2023-06-16,342.5545684921727,342.70082003895476,333.41835487715986,333.7888488769531,46552000
2023-06-20,330.84420359010136,333.54508130008793,327.48026928452794,329.6156311035156,26375400
2023-06-21,327.9775589781728,329.30364243212927,323.78485594149885,325.2376708984375,25117800
2023-06-22,325.783726576518,331.6340270315193,325.0231887076145,331.2342529296875,23556800
2023-06-23,326.01765736840554,329.52784282060935,325.1303881799699,326.66119384765625,23146900
2023-06-26,325.3937413274087,327.72409574191425,320.2942182667598,320.4014892578125,21520600
2023-06-27,323.58006632131827,327.76303899280276,321.0839407974331,326.22247314453125,24354100
2023-06-28,326.3102386492254,329.5474118113246,325.48144019271336,327.4705505371094,20259500
2023-06-29,326.35897729326905,327.72404134255896,324.3211263632283,326.69049072265625,16997000
2023-06-30,329.3231809112348,334.17894126353815,328.7869152430103,332.0435791015625,26832800
2023-07-03,330.727231395335,332.394558661991,328.1726050055835,329.5571594238281,12508700
2023-07-05,326.7294540565752,333.12577875846375,326.3784503898892,329.7131042480469,18172400
2023-07-06,328.88436028376566,334.43239728548525,327.1292821478824,332.75531005859375,28161200
2023-07-07,330.8539769415479,333.26235165945616,328.5918537740865,328.8063659667969,21214800
2023-07-10,326.2516884002901,326.8659745717447,319.41657937452953,323.55078125,32791400
2023-07-11,322.8001328544077,324.55521139905665,318.8414312264024,324.1749572753906,26698200
2023-07-12,328.20182929500714,333.1258197926784,327.29503995487715,328.786865234375,29995300
2023-07-13,331.0879956045949,335.16369770913235,330.56146024108614,334.11065673828125,20567200
2023-07-14,338.9176246633776,342.66181307865304,335.71946186556954,336.6262512207031,28352700
2023-07-17,337.0552945851425,338.33260777182664,333.66213945063294,337.10406494140625,20363900
2023-07-18,337.20153461943244,357.62884439822335,333.63287773911316,350.5207214355469,64738600
2023-07-19,352.72436118966306,353.4166384044317,343.6466474604791,346.22076416015625,39732900
2023-07-20,344.74845393864297,349.0386682151087,336.7530316118285,338.2156066894531,33778400
2023-07-21,340.4387679481885,341.56006971565506,331.35129303428135,335.1929931640625,69405400
2023-07-24,337.22109957992086,338.2644103795848,333.7694137248581,336.4995422363281,26678100
2023-07-25,338.4496147386664,343.11038262849917,336.4605340248674,342.22308349609375,41637700
2023-07-26,332.92109821610006,336.0705206538034,324.79891447113727,329.3426513671875,58383700
2023-07-27,331.9850652931189,332.81383406452954,320.84022015182325,322.46856689453125,39635300
2023-07-28,325.3448958728124,331.5267083383541,324.8573709488155,329.9276123046875,28484900
2023-07-31,328.5138989953868,329.27443689751834,325.0426931980882,327.5388488769531,25446000
2023-08-01,326.827001708787,330.0934250583603,325.37418677597503,327.94830322265625,18311900
2023-08-02,325.3059494426346,325.3059494426346,318.2173166114524,319.3288879394531,27761300
2023-08-03,317.86632056535905,321.6495195711113,317.81757996467144,318.5098571777344,18253700
2023-08-04,323.5996092744747,326.7782818997198,319.0753628445266,319.6018981933594,23741500
2023-08-07,320.17717126140934,322.8487988022052,319.3483727907042,321.8737487792969,17741500
2023-08-08,318.80233812895545,320.54768595225426,314.9411484793251,317.9150390625,22327600
2023-08-09,318.324602002666,318.9486185830014,313.0398174565163,314.1903991699219,22373300
2023-08-10,317.8858568827083,320.06998957446115,313.16661746479946,314.8729553222656,20113700
2023-08-11,312.2695059957332,314.36585743355505,311.2456856962181,313.00079345703125,24355500
2023-08-14,313.37138426545255,315.9747515213893,312.0940411840079,315.95526123046875,18836100
2023-08-15,314.9411305404492,316.97898134379494,312.8935197157339,313.8295593261719,16966300
2023-08-16,313.45825308321696,316.99543186990195,312.48113879078903,313.0674133300781,20698900
2023-08-17,313.20426358487214,314.50381263909213,308.9733414603899,309.6280212402344,21257200
2023-08-18,307.29270464284144,311.0936940527994,304.4199858602723,309.2371826171875,24755000
2023-08-21,310.65396660689254,315.3831966115051,309.78435031765304,314.5135803222656,24040000
2023-08-22,318.0507277854862,318.61744100027846,314.1031773769701,315.0802917480469,16084600
2023-08-23,316.40920172771865,321.66608212966844,316.05742502712076,319.51641845703125,21166400
2023-08-24,325.2324836073719,325.3595132307544,312.6374666298359,312.6472473144531,23281400
2023-08-25,314.11295718549064,317.91391657239774,311.5040487015702,315.5884094238281,21684100
2023-08-28,318.207066953983,318.68584344960186,314.3572339791844,316.29193115234375,14808500
2023-08-29,314.5136087751781,321.45112744073015,314.5136087751781,320.8941650390625,19284600
2023-08-30,321.14816243481806,322.26205720426236,318.97896754783574,321.2654113769531,15222100
2023-08-31,321.66608035944125,323.3369376753796,319.30145033255354,320.259033203125,26411000
2023-09-01,323.7277442108601,324.3921747944003,319.30141751711045,321.1383972167969,14942000
2023-09-05,321.47064520868975,327.18677054781415,321.13842988312655,325.91650390625,18553900
2023-09-06,325.7503980121673,326.80566842614127,322.62362005663084,325.2618408203125,17535800
2023-09-07,323.70825547986243,325.4572688809115,321.4999672739755,322.3598327636719,18381000
2023-09-08,322.53566438985524,328.4667555070914,321.92007759322064,326.6199951171875,19530100
2023-09-11,329.5220626550476,330.67508035139593,327.7534879124914,330.2060546875,16583300
2023-09-12,328.13454656577954,329.08234867340195,323.89387388585794,324.1772155761719,17565500
2023-09-13,323.7277558674077,329.1409777651763,323.59097536312447,328.3690490722656,16544400
2023-09-14,331.388322477558,333.05917964974554,328.86738060055865,330.9486389160156,20267000
2023-09-15,329.2094292987057,329.6784251727831,322.10578782450574,322.6627502441406,37679800
2023-09-18,320.29806225418173,322.83856545069517,318.8910152474716,321.52923583984375,16834200
2023-09-19,318.7054373268487,321.85174708859677,317.0834237409372,321.128662109375,16505900
2023-09-20,321.96898600781554,322.04714204193704,313.1749561204339,313.4289855957031,21436500
2023-09-21,311.9535360525413,317.9041588491349,307.79101939102566,312.21734619140625,35560400
2023-09-22,313.96642687422224,314.09345652566765,308.9147319725734,309.75506591796875,21447900
2023-09-25,309.34464808220946,310.39994834578414,307.7910397456029,310.2729187011719,17836000
2023-09-26,307.9180528712019,308.6508886408052,302.92498298833925,304.9964904785156,26297600
2023-09-27,305.1527855104158,307.10701412032984,302.6025314876758,305.631591796875,19410100
2023-09-28,303.87284184688065,308.2601064170978,302.3681069221391,306.46221923828125,19683600
2023-09-29,310.4780935014134,312.1587314237549,307.77149741019485,308.52386474609375,24147300
2023-10-02,309.0417636602757,314.5233913479347,307.96693177846345,314.4354248046875,20570000
2023-10-03,313.48759919542874,314.03481069195016,304.0877634575696,306.2178955078125,21033500
2023-10-04,306.84326360549875,312.7157312613082,306.81395136342184,311.6604309082031,20720100
2023-10-05,311.78745935358154,312.6571055637684,307.6933472507753,312.05126953125,16965600
2023-10-06,309.3055602997531,321.65630098463043,309.06128169271835,319.7704772949219,25673600
2023-10-09,317.3179038998877,322.7408769349448,315.78382712320234,322.2718811035156,19891200
2023-10-10,323.38579530400693,323.5226056424412,320.17111018080624,320.8746337890625,20557100
2023-10-11,323.6300784570828,325.203248275294,321.60747414676473,324.8124084472656,20063200
2023-10-12,323.00471335948436,325.99468102864705,321.1970457612764,323.5812072753906,19313100
2023-10-13,324.7732817040409,326.190079660526,318.8910340646987,320.2297058105469,21072400
2023-10-16,323.47370563502346,328.4472441018182,323.03402205271703,325.02734375,22158000
2023-10-17,322.0470977811233,325.82852534192716,319.91699576886526,324.4605712890625,18338500
2023-10-18,324.88080471636374,327.90986576215903,320.7866923974695,322.5552673339844,23153600
2023-10-19,324.5485406563444,329.1703024841639,323.33692834747904,323.737548828125,25052100
2023-10-20,324.1283854502297,324.32382025517603,318.0018889823848,319.1939697265625,25027700
2023-10-23,318.0214287466955,325.1152889172781,316.96615830256553,321.7833251953125,24374700
2023-10-24,323.71800459686386,324.24565474799095,320.1026990318568,322.96563720703125,31153600
2023-10-25,337.12395842234577,338.2769759362375,329.8933187083518,332.87353515625,55053800
2023-10-26,332.7465382675552,333.8115893601042,319.45777677753637,320.38604736328125,37828500
2023-10-27,322.867891093588,329.0139487725961,320.8843501338627,322.2620849609375,29856500
2023-10-30,325.77974409067264,331.6815239306809,324.235886505314,329.5904846191406,22828100
2023-10-31,331.0952162716641,331.241777466002,327.0304168400943,330.37213134765625,20265300
2023-11-01,332.01371654234873,339.46910432501784,331.8769062105877,338.1499938964844,28158800
2023-11-02,339.29321044253436,340.84681883225545,336.879736569886,340.3485107421875,24348100
2023-11-03,341.62851616542054,346.27959030223104,339.38113512943426,344.7259521484375,23637700
2023-11-06,345.36110615399525,349.3575005821622,345.2633887474612,348.37060546875,23828300
2023-11-07,351.17487827159056,354.164845685057,349.44539667177366,352.2790222167969,25833900
2023-11-08,353.40276735497133,355.54265050853274,352.2986231921823,354.88800048828125,26767800
2023-11-09,354.00856480709007,356.441600143659,352.11296032697913,352.4354248046875,24847300
2023-11-10,353.21708130319655,361.6300519453443,352.8067099465058,361.20989990234375,28042100
2023-11-13,359.7931560169629,360.0374346783774,357.5262428824349,358.28839111328125,19986500
2023-11-14,362.5192275200011,363.4377174527681,358.9429851939613,361.796142578125,27683900
2023-11-15,363.51938712911283,365.3307238214912,359.4365366374243,361.94305419921875,26860100
2023-11-16,363.20606948048294,368.48342035388106,362.4423744800686,368.30718994140625,27182300
2023-11-17,365.80064944827456,366.54477320500723,359.32882848725313,362.1192626953125,40157000
2023-11-20,363.4605799020616,370.950669899153,363.2451772540551,369.5505676269531,52465100
2023-11-21,367.81760182816333,368.35609354646346,363.36268990163154,365.2719421386719,28423100
2023-11-22,370.0989155578587,371.8515087359404,367.13225084262217,369.9520568847656,23345300
2023-11-24,369.44288626548433,370.0695230751344,367.2986899991627,369.5408020019531,10176600
2023-11-27,368.904461712827,372.68379469499627,368.336598145399,370.6961975097656,22179200
2023-11-28,370.44160282909473,374.994400937648,370.25557188472965,374.70068359375,20453100
2023-11-29,375.7385254123956,376.26721663239306,369.55062106548934,370.93115234375,28963400
2023-11-30,370.5785730653008,372.14513491379097,367.6217096125411,370.98980712890625,30554400
2023-12-01,368.8848238631299,370.25555453657734,363.54872995472044,366.6818542480469,33040500
2023-12-04,361.3849610271203,361.79616532164505,355.31454343634607,361.42413330078125,32063300
2023-12-05,358.7903292029664,365.28172122334854,357.9776614584204,364.7334289550781,23065000
2023-12-06,365.73212951183393,366.35873644463544,360.3372921206186,361.0911865234375,21182100
2023-12-07,360.5331119373255,363.68580733396766,358.6630319776083,363.1962585449219,23118900
2023-12-08,361.4828549867559,366.6328881744278,360.53312909562084,366.40771484375,20154400
2023-12-11,360.7778775179064,363.8326571061726,358.44762055822775,363.5389099121094,27708800
2023-12-12,363.09838231575895,366.5937682209635,362.7165198765075,366.5545959472656,24838300
2023-12-13,368.16024372357776,369.74640682649743,363.0199816736299,366.54473876953125,30955500
2023-12-14,365.50693426286074,365.9475401487158,356.5188251808004,358.28118896484375,43277500
2023-12-15,359.1820223907122,364.6160030546236,358.62392949147795,362.9809265136719,78502300
2023-12-18,361.7275930990288,365.20337736605416,360.9736688806633,364.8606872558594,21802900
2023-12-19,363.7249554315047,365.4579772949219,362.1094503782396,365.4579772949219,20603700
2023-12-20,367.161590586535,368.1700598934919,362.785023231556,362.8731384277344,26316700
2023-12-21,364.7725598810794,366.58389622045354,362.3052449535161,365.7320861816406,17708000
2023-12-22,365.8691843460341,367.33783074743565,364.9194584779402,366.7503662109375,17107500
2023-12-26,367.1615944273694,369.0610461329153,365.69294804965995,366.8287048339844,12673100
2023-12-27,365.8789757378514,367.2203346368523,365.0173650898164,366.25103759765625,14905400
2023-12-28,367.5238451750327,368.59105792655595,366.3391454974242,367.43572998046875,14327000
2023-12-29,368.140698335078,369.2764551389083,365.67338313483896,368.17987060546875,18730800
