Date,Open,High,Low,Close,Volume
2015-01-02,0.48188382387161255,0.48547463751721887,0.4742234594770169,0.48188382387161255,113680000
2015-01-05,0.48188385070885514,0.48332017624709,0.4715902604502384,0.4737447202205658,197952000
2015-01-06,0.47446282283956986,0.47494158844594425,0.45890275514176404,0.4593815207481384,197764000
2015-01-07,0.462732916016077,0.46680249507865196,0.4567482744970218,0.4581845998764038,321808000
2015-01-08,0.46345104385641533,0.4782929765372456,0.46321164679884597,0.4754203259944916,283780000
2015-01-09,0.4770961142821271,0.4809262965106433,0.47063267820437815,0.47733548283576965,209540000
2015-01-12,0.47853247958112216,0.47877187670599,0.46704195979099145,0.47135090827941895,190732000
2015-01-13,0.47494162012873226,0.48451704704307036,0.4672812843046664,0.4706326723098755,236720000
2015-01-14,0.46560550826463276,0.4739840053384281,0.4644085801112334,0.4725476801395416,155260000
2015-01-15,0.475899334926653,0.47877195822906576,0.4689571310307036,0.46919652819633484,188932000
2015-01-16,0.4684783159326359,0.47829314209806106,0.4670419901640758,0.47781437635421753,181512000
2015-01-20,0.4811656425600696,0.4837988677491224,0.4732659099188669,0.47925058007240295,140308000
2015-01-21,0.4766173604238308,0.48715034754420294,0.47326594375674785,0.4859533905982971,144780000
2015-01-22,0.4869109298987596,0.4957682516364383,0.4818838476211983,0.4943319261074066,159712000
2015-01-23,0.494810690382611,0.4967258102177444,0.4907411392097748,0.495768278837204,120416000
2015-01-26,0.4936138689517975,0.4960077263210006,0.4905018486644273,0.4936138689517975,133240000
2015-01-27,0.4859532980600482,0.4864320921620453,0.4689569064756791,0.4699144661426544,357948000
2015-01-28,0.4756598981568422,0.4775749897113414,0.4620148886666792,0.46225428581237793,272728000
2015-01-29,0.46249359502519033,0.47613857338403354,0.46033910673462053,0.4735053479671478,235340000
2015-01-30,0.47015390959741327,0.4756597858148263,0.4589027886104529,0.4596209228038788,298200000
2015-02-02,0.46249364181085795,0.471590304482643,0.4533969791390729,0.469675213098526,259604000
2015-02-03,0.47302649206269803,0.4818837840957183,0.47063263552123763,0.48140498995780945,183468000
2015-02-04,0.4799688045110751,0.48810790674163906,0.4785324503865257,0.4826020300388336,181516000
2015-02-05,0.4830805301483468,0.4907408914736672,0.4826017932367791,0.4905015230178833,140448000
2015-02-06,0.4900229263550704,0.4957682281995948,0.48619274415006974,0.48834723234176636,210524000
2015-02-09,0.48547451250302576,0.4893046366399844,0.48236249383622287,0.48786836862564087,273944000
2015-02-10,0.48834741441687135,0.50175302859549,0.48619292542189657,0.501513659954071,226204000
2015-02-11,0.5027104087675652,0.5027104087675652,0.4948106752402648,0.4981621205806732,320832000
2015-02-12,0.5266488950492214,0.5386181764442873,0.5235368761791007,0.533830463886261,676904000
2015-02-13,0.5326336892804177,0.5347881777902111,0.5244945865643827,0.5340700149536133,310084000
2015-02-17,0.5331123361659517,0.5383788431538764,0.5297609485709266,0.5357455611228943,203340000
2015-02-18,0.5350273402111013,0.5359849283402729,0.5285639342463753,0.5295214653015137,170948000
2015-02-19,0.5362244451111955,0.5371819764311084,0.5285640804037937,0.5309579372406006,169432000
2015-02-20,0.5304790347663975,0.5350273213867872,0.526648853606571,0.5347879528999329,157752000
2015-02-23,0.5345487435922862,0.5345487435922862,0.5278459102980961,0.5304791927337646,125008000
2015-02-24,0.532521970004198,0.5361265540122986,0.5277158197975106,0.5361265540122986,149356000
2015-02-25,0.5339635688939701,0.5363667003895155,0.5296380582483666,0.5320411324501038,123820000
2015-02-26,0.532521750620643,0.5366069708839518,0.5291574010269127,0.5334829688072205,152864000
2015-02-27,0.5320410804936492,0.533242646124083,0.5281961506875847,0.5301186442375183,157492000
2015-03-02,0.5286769613508798,0.5459791224915298,0.5279560331955343,0.5430954098701477,301512000
2015-03-03,0.5390101512758739,0.5416535161336152,0.5313202896794044,0.5330024361610413,160344000
2015-03-04,0.5310800150217124,0.5402116758038856,0.5289172306415323,0.5390101671218872,226840000
2015-03-05,0.5390100046959838,0.550304446454857,0.5375681488770209,0.5493432283401489,323056000
2015-03-06,0.5462194711458715,0.5488628364687186,0.5414133211258799,0.5418939590454102,257392000
2015-03-09,0.5421341675165355,0.5474209546579526,0.5409326015460147,0.5433356761932373,222388000
2015-03-10,0.5457386209040127,0.5563121926693555,0.5447774027327467,0.5527075529098511,527212000
2015-03-11,0.5527077143657179,0.5599169386968654,0.5483822026845581,0.549824059009552,262120000
2015-03-12,0.5445370435474873,0.548622263228327,0.5344441107929554,0.5447773337364197,406972000
2015-03-13,0.5421341378655681,0.5469402868971501,0.5346845667609448,0.5454984307289124,359288000
2015-03-16,0.5498237893888843,0.555350864395132,0.5462191503440298,0.5519865155220032,236956000
2015-03-17,0.5507850159332229,0.5589554548368691,0.5469400866568616,0.5587151646614075,299900000
2015-03-18,0.5587153913757039,0.561599046532752,0.5445372339819751,0.5495836734771729,413844000
2015-03-19,0.5515060121944816,0.5599167423173487,0.5474207922356887,0.5579943060874939,310756000
2015-03-20,0.5625601788794311,0.5673663268771204,0.5572733931644515,0.5640019774436951,462084000
2015-03-23,0.547180433632745,0.5543896552891077,0.5454982876423072,0.5457385778427124,426012000
2015-03-24,0.5440566770131747,0.547901608421251,0.5358862335796543,0.5382893085479736,330480000
2015-03-25,0.5380488367325634,0.5380488367325634,0.5039251034824561,0.5056073069572449,542552000
2015-03-26,0.49527412283274325,0.5060879287792124,0.4916694826547122,0.5039251446723938,311920000
2015-03-27,0.5068088596004761,0.5157002290300744,0.49863841821044647,0.5137777924537659,318288000
2015-03-30,0.5161809564890578,0.5185840312737979,0.5094523127154921,0.5159406661987305,253252000
2015-03-31,0.5144986302781674,0.5149792106910707,0.5024832605485531,0.5029638409614563,357276000
2015-04-01,0.5048866868019104,0.5065688340084702,0.4962356031011442,0.5048866868019104,330768000
2015-04-02,0.5077700454282568,0.5092119014152203,0.5017623885409868,0.5060878992080688,192204000
2015-04-06,0.5039250152546809,0.5224287345934397,0.49863828740971894,0.5207465887069702,515864000
2015-04-07,0.5207468620443805,0.5310800902664077,0.5178631491289023,0.5253127217292786,413964000
2015-04-08,0.5257931670626848,0.5310799536161283,0.5207467280529062,0.5291574597358704,366432000
2015-04-09,0.5250720741380055,0.5430951549750888,0.5248317839636081,0.5414130091667175,379432000
2015-04-10,0.5418938279738034,0.5471805573407597,0.539971334054517,0.546940267086029,258728000
2015-04-13,0.5457388332263413,0.5488628364687186,0.5394908267415868,0.5418939590454102,236724000
2015-04-14,0.5397309596819717,0.5418937435189157,0.5320410997909293,0.5373278856277466,220276000
2015-04-15,0.5387697111930912,0.5479013691676275,0.5361262897765716,0.5438161492347717,243560000
2015-04-16,0.540692234116648,0.5452580924830023,0.5366070135286825,0.5404519438743591,155284000
2015-04-17,0.5291574010269127,0.5387697547741056,0.5289171108037198,0.5334829688072205,293636000
2015-04-20,0.5358861208087251,0.539250413597631,0.5298784060052664,0.5308396816253662,231624000
2015-04-21,0.5373278661387132,0.5373278661387132,0.5274752227680849,0.5301186442375183,230456000
2015-04-22,0.533242898264584,0.5368474822726848,0.5250723970781517,0.5361265540122986,207420000
2015-04-23,0.5262736993553621,0.5390099967453317,0.5202659859629004,0.5339635014533997,259380000
2015-04-24,0.5337232363617453,0.5339635265747324,0.523390012383854,0.52939772605896,240960000
2015-04-27,0.5310798946938737,0.5428549750374144,0.5265140366903732,0.5334829688072205,248456000
2015-04-28,0.532521970004198,0.5380490484712714,0.5274754721814954,0.5361265540122986,234484000
2015-04-29,0.532281422682135,0.5375682088434799,0.5298783484803979,0.5320411324501038,195156000
2015-04-30,0.5293977485439118,0.5361263331437599,0.5281961828403352,0.5334829688072205,218844000
2015-05-01,0.5378085147876754,0.548382087419274,0.5354054405157321,0.5466999411582947,256968000
2015-05-04,0.5462193886874319,0.5498240293051752,0.5416535296695635,0.5433356761932373,200720000
2015-05-05,0.5414130961153681,0.542134024048133,0.5269946520476783,0.52939772605896,292928000
2015-05-06,0.5322816356971892,0.5373281336460729,0.5241111916002953,0.5310801267623901,316484000
2015-05-07,0.5289171528373292,0.5421340901580032,0.5272350065536852,0.5404519438743591,534564000
2015-05-08,0.5048866285192435,0.5248321596152232,0.49239061380576954,0.5005610585212708,1146552000
2015-05-11,0.49359184558936303,0.5008011248699877,0.4897469730314344,0.4957546293735504,544144000
2015-05-12,0.4921503234593829,0.5046462808790213,0.4919099758191607,0.5005610585212708,388800000
2015-05-13,0.5041655401303392,0.5080104709210647,0.4986384628612622,0.5034446120262146,308524000
2015-05-14,0.504886393397388,0.5142584000680194,0.5036848276373439,0.511614978313446,293052000
2015-05-15,0.5137778004520615,0.5161808748567633,0.5087313613903314,0.5118553638458252,215824000
2015-05-18,0.510653807859518,0.5142584481830987,0.5082507334084022,0.5111344456672668,324972000
2015-05-19,0.5118105936922648,0.5135005846145217,0.5069821962090576,0.5079479217529297,253808000
2015-05-20,0.5081893243593786,0.5142248499929066,0.5074650589809937,0.5079479217529297,196824000
2015-05-21,0.508189071109809,0.5103618661621789,0.5038434810050694,0.504326343536377,239692000
2015-05-22,0.5055335997648429,0.5074649352636609,0.5023951364099956,0.5036022067070007,212592000
2015-05-26,0.5011877505467408,0.5045676147092587,0.4966007591496124,0.5004634857177734,259732000
2015-05-27,0.5038432610494635,0.5296752152376396,0.5021533292661504,0.5272610187530518,432332000
2015-05-28,0.5272612252677868,0.536193750003505,0.5262955578075214,0.5345038175582886,327656000
2015-05-29,0.5345039404870717,0.5378838061548286,0.5335382728047156,0.5342625379562378,335168000
2015-06-01,0.5376420880959473,0.5456089425281332,0.5342622244117439,0.5402976870536804,372660000
2015-06-02,0.5369181372479419,0.5398151978474235,0.5291926806886711,0.5296755433082581,224304000
2015-06-03,0.5311240891505595,0.5352282200805798,0.5229157697314974,0.5238814949989319,250788000
2015-06-04,0.5207429138533729,0.534986696393729,0.5207429138533729,0.5332967638969421,323712000
2015-06-05,0.5316067811811737,0.5398150988547694,0.5260541210897748,0.5374009013175964,313320000
2015-06-08,0.535711187415269,0.5393324564193235,0.5190532003431328,0.5250886678695679,342812000
2015-06-09,0.5255713193344992,0.5316067844348669,0.5246056518255215,0.5277441143989563,256888000
2015-06-10,0.5214672488282969,0.524847114275364,0.5154317254793772,0.5183287858963013,529460000
2015-06-11,0.5183288337267818,0.5275027632952348,0.5183288337267818,0.5238814949989319,283052000
2015-06-12,0.5205013324688498,0.5236397942480825,0.5084303477637225,0.5096374750137329,323728000
2015-06-15,0.5069820086805179,0.5110861968262724,0.5031193381699534,0.5086719989776611,306548000
2015-06-16,0.5077060166139681,0.5156728712346997,0.5026362209676799,0.5149486064910889,256892000
2015-06-17,0.514707426187906,0.5238814118594785,0.5135003561337064,0.5209843516349792,233544000
2015-06-18,0.5253300099680558,0.5330554089683065,0.523881479668315,0.5296755433082581,299404000
2015-06-19,0.5296755653198385,0.534021098840627,0.5231572362591447,0.5279856324195862,355656000
2015-06-22,0.5289511478462294,0.5318482077319927,0.5178458283628115,0.5258126854896545,514236000
2015-06-23,0.5267785278975903,0.5308826590595751,0.5081892076136499,0.5122933387756348,414064000
2015-06-24,0.5115689600443698,0.5142246177520777,0.5048092296444127,0.5072234272956848,253368000
2015-06-25,0.5072234972232765,0.514224688644878,0.5072234972232765,0.5110862255096436,350460000
2015-06-26,0.5069820493696565,0.5074649120017389,0.49853238500087593,0.5007051229476929,421296000
2015-06-29,0.494911014043539,0.49998086976167944,0.4850128202398157,0.4857370853424072,391724000
2015-06-30,0.48863405986705033,0.49080685504886523,0.4821157318806185,0.48549559712409973,315916000
2015-07-01,0.49756667404364335,0.5045678074666091,0.4881512852291515,0.4924968183040619,302892000
2015-07-02,0.4922554104336116,0.49611813843541014,0.4898412126273645,0.49297967553138733,145764000
2015-07-06,0.4888754120495603,0.4956351410448963,0.4833227528495342,0.4869440197944641,214776000
2015-07-07,0.4840470433149753,0.4859783781130735,0.4625606415013652,0.4777700901031494,594252000
2015-07-08,0.4751145333303382,0.478011564568964,0.47052754082130177,0.47439026832580566,332492000
2015-07-09,0.4818742442974555,0.4840470390956287,0.46569909965811623,0.46859613060951233,357588000
2015-07-10,0.4746316700453578,0.48115002629617726,0.47342457129957705,0.4768044650554657,216708000
2015-07-13,0.4816329100922546,0.48259857767743447,0.47680451460734097,0.4799429774284363,212472000
2015-07-14,0.4806671493112852,0.48114998301025924,0.47390739118714337,0.48018428683280945,249216000
2015-07-15,0.4789772312860694,0.48211569378100017,0.47245890381475414,0.4768044650554657,265732000
2015-07-16,0.47970156985209583,0.4874270260334015,0.4780116371047509,0.4874270260334015,282848000
2015-07-17,0.48573701017330057,0.4862198151276353,0.4782529577910377,0.48452988266944885,220372000
2015-07-20,0.48452990684169756,0.48646129943241223,0.47439028280722906,0.4755973815917969,188412000
2015-07-21,0.4746316278869874,0.4845298482349982,0.4746316278869874,0.4777700901031494,149720000
2015-07-22,0.47439022129180597,0.47439022129180597,0.46280206870672014,0.46859613060951233,356472000
2015-07-23,0.46956187333492794,0.4813914295507767,0.4685961770690498,0.47439026832580566,169916000
2015-07-24,0.4777702351154376,0.4782530689615113,0.46690634407098164,0.468837708234787,188844000
2015-07-27,0.4647334337224878,0.4714931922351876,0.46087073512916177,0.4661819636821747,192420000
2015-07-28,0.467389025282743,0.4794600113901404,0.46256063083978405,0.47632157802581787,198308000
2015-07-29,0.47535595670192077,0.4859784434163645,0.4734245928647941,0.4821157157421112,232680000
2015-07-30,0.48090860269856567,0.4881512240681666,0.48090860269856567,0.4833228290081024,190180000
2015-07-31,0.48525418476707066,0.4854955872626979,0.4787358569130393,0.48163288831710815,218340000
2015-08-03,0.4854955139347561,0.490323908472105,0.47921861830390344,0.489841103553772,397132000
2015-08-04,0.4881512942293736,0.4932210925034122,0.4862199013923463,0.4917725622653961,260100000
2015-08-05,0.5038435174147053,0.5043263799809065,0.49587665920597673,0.4968423843383789,234628000
2015-08-06,0.49563517699928483,0.4992565017659133,0.48549552521172945,0.49370384216308594,655676000
2015-08-07,0.5422293730673935,0.5641985564945784,0.5282269908363387,0.5547832250595093,1405248000
2015-08-10,0.5509204881218651,0.5782009294687322,0.5475405650987799,0.5740967988967896,662304000
2015-08-11,0.565646759450436,0.5767520747780797,0.565646759450436,0.5711994171142578,435008000
2015-08-12,0.562025652002214,0.576752237425916,0.562025652002214,0.5726481080055237,384048000
2015-08-13,0.5733724941594037,0.5745796217754339,0.5663713036398621,0.5678198337554932,276884000
2015-08-14,0.5673369658754482,0.5716825561815781,0.5639571006766887,0.5683026909828186,214652000
2015-08-17,0.5673368314942798,0.5673368314942798,0.557680043180011,0.5646812319755554,273880000
2015-08-18,0.5629358477576235,0.5668148278238145,0.5551778876252413,0.5595417618751526,287084000
2015-08-19,0.5588146186480659,0.5651179559384382,0.5512990744320646,0.5573599934577942,249248000
2015-08-20,0.5510564019203347,0.5537231750046286,0.5345707537054369,0.5372375845909119,426932000
2015-08-21,0.5333586895908939,0.5423287984776235,0.5200247064557943,0.5205096006393433,382664000
2015-08-24,0.4914173422415551,0.5292373593856693,0.48487158782851913,0.5020845532417297,682284000
2015-08-25,0.5241461104995256,0.5260856294539478,0.4916597604751587,0.4916597604751587,622684000
2015-08-26,0.5076607876636191,0.5292375790403492,0.503781805490096,0.5287526845932007,614976000
2015-08-27,0.5343283148370407,0.5488744438620862,0.531176647768163,0.548632025718689,463764000
2015-08-28,0.5486321488678801,0.5544505902237041,0.5447531686969337,0.5510565042495728,320944000
2015-08-31,0.5483895699119973,0.5522685489458375,0.5428135483885721,0.5449954271316528,219352000
2015-09-01,0.5292373600936257,0.5382074701457555,0.5188126251030537,0.522691547870636,353408000
2015-09-02,0.5369950802049461,0.5386921227870246,0.5280249732134555,0.5384497046470642,344044000
2015-09-03,0.5464500481901731,0.549116878772973,0.5389345660958603,0.5399042963981628,262556000
2015-09-04,0.5306917608678327,0.5391770318146223,0.5270552574629082,0.5272976756095886,287972000
2015-09-08,0.5401470782472907,0.5520264414030434,0.5379651980481707,0.54984450340271,238448000
2015-09-09,0.5515412562882588,0.5561474898653975,0.5377223821533125,0.538934588432312,289392000
2015-09-10,0.5357830237292157,0.5542081349579636,0.5333586685096748,0.5474199056625366,357076000
2015-09-11,0.5413590685740918,0.5527535327901274,0.539177131447237,0.5491170287132263,301584000
2015-09-14,0.5517837197635359,0.5534807624526396,0.5471774280067225,0.5500866770744324,192460000
2015-09-15,0.5503291346276387,0.5590568246544004,0.5486320918170441,0.556147575378418,327976000
2015-09-16,0.5551776982631954,0.5631780738580452,0.5510563014114804,0.5600264072418213,173508000
2015-09-17,0.5697240109646858,0.5748151975131071,0.5639055698533937,0.5651177763938904,268712000
2015-09-18,0.5573597089616321,0.5694814830245003,0.5539656237842647,0.564632773399353,326412000
2015-09-21,0.5653601314344511,0.5716634660181382,0.5624508823031547,0.5704512596130371,281840000
2015-09-22,0.5580871229333263,0.561966102900877,0.5520262058963055,0.5549354553222656,228356000
2015-09-23,0.5554202303012186,0.5609962525505255,0.5532383512741027,0.5576021671295166,161632000
2015-09-24,0.5542082528550059,0.5740879930047446,0.5454805606477743,0.5682695508003235,382440000
2015-09-25,0.5752998663525911,0.5835427181444374,0.5668146542448894,0.5723906755447388,369692000
2015-09-28,0.5723908465842984,0.5760273506310528,0.5612388006521898,0.5648753046989441,395584000
2015-09-29,0.5709361743608238,0.575784884554026,0.5629357967619215,0.5748151540756226,380736000
2015-09-30,0.5801486578030627,0.5983313485866133,0.5767545724784795,0.5976040363311768,556380000
2015-10-01,0.597603942562515,0.5993009849585276,0.5689965243413401,0.5859670639038086,489296000
2015-10-02,0.5828155248398775,0.6012406349182129,0.5767546082688584,0.6012406349182129,386144000
2015-10-05,0.6051194539065374,0.6237869771944355,0.6019677873746777,0.6162714958190918,482024000
2015-10-06,0.6097259760120107,0.626938881616411,0.6073016206676787,0.6242721080780029,453216000
2015-10-07,0.6257265245605899,0.6371209851059816,0.6155442123832834,0.6308176517486572,310152000
2015-10-08,0.6281510936394342,0.6361514721252657,0.6174838837908647,0.6344544291496277,460068000
2015-10-09,0.6310603409601913,0.6371212588078515,0.6201507697560776,0.6320301294326782,423248000
2015-10-12,0.6327573465197324,0.6424548260605085,0.6281511116542654,0.6388182640075684,227588000
2015-10-13,0.6337270492252572,0.6439093059939889,0.6315451122885926,0.6400303840637207,298444000
2015-10-14,0.6407577586179563,0.6737290636117482,0.6400305039706717,0.663304328918457,612148000
2015-10-15,0.6645163194334068,0.6785776130180651,0.6577281486002492,0.6650012135505676,526048000
2015-10-16,0.6671833868263607,0.6817295218821597,0.6654862857154351,0.675426185131073,448396000
2015-10-19,0.67760785050412,0.6807595176134963,0.6664558065480467,0.674213707447052,294712000
2015-10-20,0.6713046575080289,0.6763957864628848,0.6662134707519815,0.6732441186904907,264824000
2015-10-21,0.6773656601860857,0.6814871172217942,0.6633044191390228,0.6645165681838989,386280000
2015-10-22,0.6722743368717063,0.6906994479058595,0.6713046063543693,0.6885175108909607,306884000
2015-10-23,0.6945786213397522,0.6977302897502868,0.6841538853205693,0.693123996257782,381776000
2015-10-26,0.6936087240788169,0.6953057670000732,0.6836688269385014,0.6899721622467041,247436000
2015-10-27,0.6865781479020963,0.693851214522525,0.6860932536735895,0.6894873976707458,208268000
2015-10-28,0.6938512055345172,0.6950634121894836,0.6836688892773385,0.6950634121894836,217036000
2015-10-29,0.6839113791009646,0.6909419697574555,0.6698500821855911,0.6710622310638428,327168000
2015-10-30,0.678335387564118,0.6926391033702184,0.6732442001917442,0.6877903342247009,301160000
2015-11-02,0.6899720296345628,0.6965177818730875,0.6858506322177574,0.6957904696464539,190088000
2015-11-03,0.6916693615573603,0.6955483424549385,0.6831841450325356,0.6909420490264893,376768000
2015-11-04,0.6890024320520242,0.6940935608184541,0.676395761429029,0.6795474290847778,442264000
2015-11-05,0.6829413920076101,0.6848809105703899,0.6698498873638569,0.6717893481254578,478800000
2015-11-06,0.7382167482979964,0.7743396516290587,0.7229433075016729,0.7648846507072449,1172272000
2015-11-09,0.7573691860038456,0.7636725200992502,0.7508233759654943,0.7614905834197998,492568000
2015-11-10,0.7515509608842729,0.7556724175968322,0.7309439663274726,0.7469447255134583,552260000
2015-11-11,0.7474294907670195,0.7527630959212941,0.7370047564662966,0.7396715879440308,619896000
2015-11-12,0.7379744278727505,0.744762657324464,0.7338530296847622,0.7370046973228455,291080000
2015-11-13,0.7377322283538708,0.7408838969261277,0.7188222169203295,0.7224587798118591,292940000
2015-11-16,0.7319135685849522,0.7374895914983925,0.7260950696831436,0.7370046973228455,344280000
2015-11-17,0.7389442162238447,0.7433080325990119,0.7338530296847622,0.7370046973228455,257048000
2015-11-18,0.7400464246522804,0.7561079935284679,0.7320156692245162,0.7551345229148865,350216000
2015-11-19,0.7578114905052954,0.7648687754166477,0.7517275601796087,0.757324755191803,254072000
2015-11-20,0.7629221583599306,0.7682760161864568,0.7582983746925068,0.763895571231842,239744000
2015-11-23,0.7702228600395614,0.7702228600395614,0.749780957166094,0.752457857131958,242552000
2015-11-24,0.7524577717855704,0.7651123120446539,0.7490507980298695,0.7585417032241821,195428000
2015-11-25,0.757081681911581,0.766085853212313,0.7548914592641554,0.757568359375,138300000
2015-11-27,0.7590284488516092,0.7663291324219584,0.7551347393432879,0.763895571231842,86996000
2015-11-30,0.7646254826109574,0.7753331959844606,0.7638954086072793,0.7719261646270752,327244000
2015-12-01,0.7787402675644892,0.7977220780134759,0.7780101934687074,0.7969920039176941,409496000
2015-12-02,0.7982087813957675,0.806482877389901,0.7892046112820725,0.7909080982208252,294240000
2015-12-03,0.7972354148382994,0.8055095113125595,0.7853109475544093,0.7892046570777893,246656000
2015-12-04,0.7892045980651246,0.8227877749198392,0.7892045980651246,0.8213276267051697,458756000
2015-12-07,0.821084071165877,0.821084071165877,0.8033190746272671,0.8057526350021362,333588000
2015-12-08,0.7957750450809832,0.8201106503046042,0.7906645853902206,0.8167036771774292,314488000
2015-12-09,0.8164608053753228,0.8213279292030187,0.787744739979502,0.7960188388824463,372676000
2015-12-10,0.7984521909099584,0.8069696843798088,0.795775290914601,0.8025892972946167,236596000
2015-12-11,0.79455844162036,0.8001556376649539,0.7889612455757662,0.7906647324562073,227320000
2015-12-14,0.7913946688890526,0.7969918639600242,0.7831205165967511,0.7926114201545715,275892000
2015-12-15,0.801615619115864,0.8079428883969048,0.7972352331631924,0.8023456931114197,307296000
2015-12-16,0.8040494323739636,0.8098900261733841,0.7969921449007984,0.8072130680084229,236356000
2015-12-17,0.8084296914800093,0.8167037867621204,0.794558400443372,0.7950450778007507,254160000
2015-12-18,0.7894479716982218,0.7974787292136396,0.7811738754764804,0.7821472883224487,395896000
2015-12-21,0.7906647290249812,0.8013723856644308,0.7836073848218729,0.8006423115730286,284216000
2015-12-22,0.8030757165952114,0.8094029854782804,0.7965051090691502,0.801372230052948,130012000
2015-12-23,0.8025891595161416,0.8076996199083454,0.8011290113981785,0.804535984992981,122524000
2015-12-24,0.8021026064546106,0.8091599519484566,0.8008857967395044,0.8072130680084229,52448000
2015-12-28,0.7986955502101236,0.8064829111099243,0.7875011572696932,0.8064829111099243,142024000
2015-12-29,0.8069698204090862,0.8220579260604348,0.8047795974869498,0.8196243643760681,203660000
2015-12-30,0.8188940271542032,0.825951371179239,0.8123234185180443,0.8125667572021484,180344000
2015-12-31,0.8113500128812245,0.8150003252574946,0.8021024465560913,0.8021024465560913,148528000
2016-01-04,0.7857975773957274,0.7928548633114254,0.7797136462042163,0.787744402885437,358076000
2016-01-05,0.8025891680085308,0.8137835596704759,0.7909080409618917,0.8003989458084106,490272000
2016-01-06,0.7872579223426018,0.7909082938432884,0.7582985211796731,0.7673027515411377,449344000
2016-01-07,0.7480772580499195,0.7531877762315702,0.7271486240277897,0.7368829250335693,645304000
2016-01-08,0.7463739514590169,0.7471040256611626,0.7196047767894952,0.7210649251937866,398472000
2016-01-11,0.721794957381604,0.7273921539251332,0.7093837546882379,0.7222816348075867,409372000
2016-01-12,0.7351794607024813,0.7451571014679891,0.7293389258767397,0.7344493865966797,469356000
2016-01-13,0.7400466137314299,0.7449137939809068,0.7113306157897596,0.7120606899261475,481672000
2016-01-14,0.6974593091189062,0.7057334638452069,0.6770174060754021,0.6977027058601379,600236000
2016-01-15,0.669716718851788,0.6777474767958361,0.6483013449941004,0.659739077091217,841452000
2016-01-19,0.6733669211948011,0.6923487306815865,0.6624158683338608,0.6650928258895874,457140000
2016-01-20,0.6524382235750491,0.6772605651275527,0.6436773937317736,0.6687430739402771,481180000
2016-01-21,0.67604386264233,0.6869948572216719,0.6621725138768088,0.6765305399894714,481456000
2016-01-22,0.6894285411653405,0.6969726216002202,0.6879683928217718,0.692348837852478,257996000
2016-01-25,0.6921054759971003,0.7001362335975692,0.690158592263871,0.6916187405586243,270728000
2016-01-26,0.6930788251125706,0.7013529206609913,0.6860214810174262,0.6984326243400574,227944000
2016-01-27,0.6974592289343097,0.6996494512295287,0.6770173282409437,0.6901585459709167,231700000
2016-01-28,0.6957558441589456,0.6981894055039098,0.6692300080926319,0.6826146245002747,276776000
2016-01-29,0.6884551157347922,0.7142508759323254,0.6857782158341328,0.7127907276153564,310504000
2016-02-01,0.7120606805511643,0.7166844059931801,0.7059767488349243,0.7130340933799744,289884000
2016-02-02,0.7057333294256639,0.7093836416214222,0.6779906898428364,0.6828578114509583,341908000
2016-02-03,0.6882117562550666,0.6923488043478575,0.6704467543162548,0.6862648725509644,326772000
2016-02-04,0.6872381947304124,0.7020829561857215,0.6796941736765116,0.6865081787109375,348140000
2016-02-05,0.6818844358570213,0.6894284573541263,0.641243915998029,0.6431907415390015,600428000
2016-02-08,0.6334565639565044,0.6366201993065244,0.6047405070934551,0.6137447357177734,608852000
2016-02-09,0.6064440210650356,0.6461110722430887,0.603523724577553,0.6203153133392334,425372000
2016-02-10,0.6242089759040876,0.642217314839854,0.6154481451183811,0.6188551187515259,335800000
2016-02-11,0.6030370016125048,0.6220188131318884,0.6030370016125048,0.6156915426254272,340144000
2016-02-12,0.6254258386789576,0.6273727225449746,0.6023069771570011,0.6261559128761292,340816000
2016-02-16,0.6351600936660621,0.6577922780833351,0.6332132677909338,0.6568188071250916,485352000
2016-02-17,0.6650929001805184,0.6794509282390847,0.6624159423257754,0.6731236577033997,771468000
2016-02-18,0.7283655448815787,0.753917965638424,0.7276354707438968,0.7310424447059631,1068660000
2016-02-19,0.7271485877455712,0.7473472047545742,0.7215513925063446,0.740776538848877,525628000
2016-02-22,0.751484426942229,0.775576700142567,0.7500242786232978,0.7670592069625854,449668000
2016-02-23,0.7609753749038048,0.7763068170555798,0.75732500390544,0.7690061330795288,369380000
2016-02-24,0.7658422699667307,0.7755765123753763,0.744670240509331,0.7743597030639648,336852000
2016-02-25,0.7772799534471085,0.7799568525464244,0.7621918553895884,0.7760631442070007,349616000
2016-02-26,0.7797135913013911,0.7816604166540166,0.7631653437214182,0.7709527611732483,361964000
2016-02-29,0.7720518886114577,0.7820658215093339,0.7654573417536318,0.7659457921981812,323344000
2016-03-01,0.7678998663237397,0.799895703792572,0.7666786235929628,0.799895703792572,348700000
2016-03-02,0.7954991901273405,0.8074670993709073,0.7940337223453445,0.8045361638069153,233812000
2016-03-03,0.8035594434023487,0.8069788304214053,0.7867066753671974,0.7974534034729004,302004000
2016-03-04,0.8035592105963526,0.8042919444927307,0.7889046491328933,0.7950107455253601,175304000
2016-03-07,0.7906144402250688,0.7959878033877387,0.7796234886479899,0.789881706237793,239968000
2016-03-08,0.7818214714970397,0.7864620993718544,0.7730287243460378,0.7754711508750916,274940000
2016-03-09,0.7823102711475959,0.7835314557504333,0.7649689955772099,0.7749829888343811,222788000
2016-03-10,0.7796232632155266,0.7840196658679368,0.758129933243881,0.7737614512443542,286084000
2016-03-11,0.7852410143458688,0.7871949908998945,0.7759598149684203,0.7869507074356079,277400000
2016-03-14,0.7832872565972302,0.7920800073127201,0.7796235862024156,0.7889048457145691,190312000
2016-03-15,0.784752582337249,0.7898816617270922,0.7710749790656122,0.7849968075752258,226216000
2016-03-16,0.7791351889209144,0.811131032372838,0.7754715182755505,0.8084443211555481,363644000
2016-03-17,0.8055133585633043,0.8094211958665912,0.7906145104742858,0.8016054630279541,353680000
2016-03-18,0.811130835915324,0.8365320660533637,0.8060016982541018,0.8257853984832764,545512000
2016-03-21,0.8184580508212937,0.8284719836276351,0.8096653023472146,0.8282277584075928,337780000
2016-03-22,0.8255410747209383,0.8326240716877042,0.816504043140357,0.8267622590065002,242012000
2016-03-23,0.8304259934254762,0.8470344736961897,0.8267623238174935,0.8409284353256226,429008000
2016-03-24,0.8333566895598481,0.8436149039981862,0.8306700379199186,0.8421494364738464,244956000
2016-03-28,0.8406841223525454,0.8543617246887905,0.839707163235396,0.8506981134414673,265388000
2016-03-29,0.8470345555955725,0.8663297481884676,0.8450806371037602,0.8643758296966553,261812000
2016-03-30,0.8675510335235638,0.885380759007152,0.8670625247605918,0.8734128475189209,376700000
2016-03-31,0.8773207049673842,0.879274623470609,0.8633988754937452,0.8702376484870911,379884000
2016-04-01,0.8648641997829416,0.883426714889389,0.8582696526962054,0.8829382061958313,348292000
2016-04-04,0.890265695205203,0.8949063250660342,0.8709704998984421,0.8743898868560791,393940000
2016-04-05,0.8665740990764103,0.8812286636010149,0.8631546541016855,0.8731686472892761,339568000
2016-04-06,0.862177748984471,0.8748783956637701,0.8458134900597226,0.8743898868560791,453376000
2016-04-07,0.868772195986821,0.8765879866032205,0.8616891976122727,0.8653528094291687,378104000
2016-04-08,0.8724357766501075,0.8780533646615818,0.8624217850303211,0.8709703087806702,255936000
2016-04-11,0.8760995628061147,0.8907541861909051,0.8734129099977348,0.876343846321106,387524000
2016-04-12,0.879274584211269,0.8804958268953006,0.8582696991951985,0.875366747379303,292764000
2016-04-13,0.8792745755309318,0.8975928079861711,0.8792745755309318,0.8973485827445984,350716000
2016-04-14,0.8949060295288196,0.9036987775390399,0.8912423602612081,0.89979088306427,416564000
2016-04-15,0.8995468384611527,0.9149341360103685,0.8966159024586128,0.9068741202354431,436972000
2016-04-18,0.9051642837501744,0.9051642837501744,0.8941733337118516,0.9029660820960999,307320000
2016-04-19,0.9063854807679512,0.9080951737788333,0.8812284778146058,0.8868460655212402,309152000
2016-04-20,0.8853807294535838,0.8956389472770907,0.8844037701923116,0.8902655839920044,200172000
2016-04-21,0.8905097290634602,0.8946619074560886,0.8853806497295839,0.8892885446548462,178280000
2016-04-22,0.8922195273063659,0.8983255661345085,0.8829382690919912,0.8858692049980164,223540000
2016-04-25,0.8861134634575528,0.8951504385304249,0.8836710361883425,0.8902655839920044,191972000
2016-04-26,0.8956389330978779,0.9058971507589829,0.8870904086749474,0.8909983038902283,214536000
2016-04-27,0.8888002606127083,0.9117591272648784,0.8870905670692599,0.9112706184387207,352396000
2016-04-28,0.905652900729284,0.9110262641278003,0.8819613615410293,0.884159505367279,381224000
2016-04-29,0.8804959345151878,0.8824498531699914,0.8582698040984649,0.8677952885627747,321904000
2016-05-02,0.8760992673552542,0.8846477899275201,0.8719471477854265,0.8792744278907776,256076000
2016-05-03,0.8692605981720134,0.872924209539776,0.8612005832844725,0.8687720894813538,224024000
2016-05-04,0.8582697332118745,0.8590024672049233,0.8401957833354915,0.8489885330200195,525764000
2016-05-05,0.8560715489405737,0.8641315642505125,0.8477672501564765,0.8541175723075867,246884000
2016-05-06,0.8526519363186686,0.865108352923415,0.8509422434968494,0.8629101514816284,183240000
2016-05-09,0.8651085367034431,0.8687721483193254,0.854606094115427,0.8616891503334045,333336000
2016-05-10,0.8670623327906039,0.879762975495305,0.8587580932830909,0.8782975077629089,269676000
2016-05-11,0.8809842107332823,0.8905096344510136,0.8760992989216625,0.8807399272918701,328176000
2016-05-12,0.8870903210163249,0.8909982158454437,0.8531405683969315,0.8687720894813538,670540000
2016-05-13,0.9571880217971341,1.001395990776784,0.9525474513102501,1.00090754032135,2110256000
2016-05-16,0.9933363828453355,1.0453602209752046,0.9901612206561532,1.030461311340332,973032000
2016-05-17,1.0258207578367857,1.039986876089168,1.0126316574330425,1.032659649848938,628392000
2016-05-18,1.0258203668176564,1.071005416086939,1.0258203668176564,1.059037446975708,541072000
2016-05-19,1.0548854551665232,1.0712498311237109,1.0534201033887611,1.06367826461792,398880000
2016-05-20,1.0702725630620997,1.08712538566881,1.0685628699239245,1.0827289819717407,391084000
2016-05-23,1.0873696174180718,1.091521679436737,1.0778441342494476,1.084438681602478,413636000
2016-05-24,1.0877448801888292,1.1141916952019442,1.0848063322133066,1.1107633113861084,415788000
2016-05-25,1.114191279933922,1.1188438429334318,1.0972946937554542,1.1061103343963623,458076000
2016-05-26,1.1080690558982484,1.1259450754899405,1.1048856503504192,1.1178641319274902,309964000
2016-05-27,1.1190889428671327,1.1257006156954985,1.1154157004773841,1.1239864826202393,277416000
2016-05-31,1.1288835254125469,1.1465146841153955,1.1281488305514036,1.1440658569335938,412524000
2016-06-01,1.138679047989624,1.1572896514640267,1.135250782001354,1.1462702751159668,387132000
2016-06-02,1.1523918871777936,1.1641460731496478,1.14112753679912,1.154350996017456,329208000
2016-06-03,1.1430870922513647,1.1445562493053272,1.1181095540687958,1.138189435005188,461076000
2016-06-06,1.1411275824676281,1.1499432222993253,1.1264349661813344,1.1323120594024658,322512000
2016-06-07,1.1391686804548051,1.1455354930259711,1.1340262818626814,1.1345160007476807,193400000
2016-06-08,1.1347609088993016,1.1389238699001203,1.1215375643043641,1.130842924118042,234616000
2016-06-09,1.1269249130384222,1.1619422660992171,1.12447608503237,1.1602281332015991,472168000
2016-06-10,1.146514847917603,1.156799643310939,1.1298631242952433,1.1313323974609375,400024000
2016-06-13,1.1325570990598388,1.168064289927269,1.1325570990598388,1.1457804441452026,475588000
2016-06-14,1.1430867273648777,1.1533715240590416,1.1303531028293194,1.147984266281128,298344000
2016-06-15,1.1575349265826276,1.1697787201641672,1.1448012971858867,1.1597387790679932,301036000
2016-06-16,1.1511676971209852,1.1663500330572376,1.1399033456952044,1.164391040802002,246456000
2016-06-17,1.1658599751389025,1.1661048345037812,1.1394131787013762,1.1440658569335938,471000000
2016-06-20,1.162431926014436,1.179573252399051,1.161697231017079,1.1646357774734497,293768000
2016-06-21,1.169533289078871,1.1727166948722985,1.1558201115200584,1.1575343608856201,212508000
2016-06-22,1.1599836811992459,1.1675749105645759,1.1545964211668176,1.156555414199829,202620000
2016-06-23,1.1675746208831022,1.1886340534878392,1.1668399256988877,1.1874096393585205,297880000
2016-06-24,1.1386790353024971,1.1597384666861936,1.1092937985019744,1.1198234558105469,1017684000
2016-06-27,1.1105183738816422,1.119089157669608,1.0914179301483435,1.1078248023986816,449088000
2016-06-28,1.1288840223733456,1.1301083197367037,1.1085591681763467,1.1239864826202393,381920000
2016-06-29,1.133781321421005,1.15116762472166,1.1308427748396925,1.1423519849777222,318932000
2016-06-30,1.1443113389968462,1.1582693812890283,1.135006094235295,1.1511679887771606,430940000
2016-07-01,1.1448008091708823,1.1597382846853204,1.138678856606537,1.1425968408584595,218488000
2016-07-05,1.1362300495358602,1.161452438511682,1.1271696670010816,1.1594934463500977,371084000
2016-07-06,1.1514124062509121,1.1736962467574397,1.1455353134858641,1.166839599609375,273104000
2016-07-07,1.174675652132861,1.2013673114805743,1.169288395090447,1.197204351425171,395400000
2016-07-08,1.2099383023503505,1.2510777282002594,1.2052856222383634,1.2452006340026855,481932000
2016-07-11,1.2630765236187358,1.2831563986926344,1.261607250227165,1.2738511562347412,448776000
2016-07-12,1.2880538073338317,1.3047054135541674,1.2718918031280104,1.2929513454437256,436760000
2016-07-13,1.2954005386239047,1.3027469069083675,1.2905029986897838,1.2924619913101196,324604000
2016-07-14,1.2993182293166725,1.317439109659886,1.2885435981658175,1.3056849241256714,316892000
2016-07-15,1.2890337513680217,1.2963801198025717,1.2694435912313082,1.2905030250549316,428616000
2016-07-18,1.306419971138539,1.3083789636666117,1.2922170709685368,1.297114610671997,252992000
2016-07-19,1.2963802124795845,1.3157255145125513,1.2939313839041484,1.3105831146240234,382652000
2016-07-20,1.3149909464123766,1.3348260861387262,1.309603686498592,1.327724575996399,296460000
2016-07-21,1.3247857557276939,1.3289487171459435,1.2988287828410647,1.3032366037368774,361308000
2016-07-22,1.3078889435539676,1.3387434482574463,1.298338725816399,1.3387434482574463,315768000
2016-07-25,1.3468245474714184,1.366659563466654,1.3409474537988106,1.3634761571884155,312528000
2016-07-26,1.3754752594763495,1.3938410027944956,1.3735162670952823,1.3867396116256714,514508000
2016-07-27,1.398738605666972,1.4011874338294532,1.36445582875811,1.3727816343307495,446676000
2016-07-28,1.3759648835438252,1.386004820975538,1.3715570634153145,1.3757200241088867,221916000
2016-07-29,1.380862486575836,1.4019219169221273,1.3561299310020587,1.3982487916946411,409588000
2016-08-01,1.4041260040019181,1.4092684031078064,1.380128024741217,1.3891884088516235,301120000
2016-08-02,1.3958000658657461,1.3965347610249477,1.3590685773691904,1.372291922569275,282748000
2016-08-03,1.3705778596203846,1.3786588061853926,1.3629866320088437,1.3759651184082031,299828000
2016-08-04,1.3825766961629984,1.4077990887950858,1.3798831253378077,1.4014322757720947,272712000
2016-08-05,1.4175940960567406,1.4259199011039934,1.4107375644609497,1.4251853227615356,371588000
2016-08-08,1.4447754256674055,1.4482036913369487,1.4232261603637884,1.438408613204956,305064000
2016-08-09,1.4455098358962042,1.4560396078852758,1.43840844594456,1.4420815706253052,372344000
2016-08-10,1.454815073270515,1.457018924542662,1.4281234147826445,1.4327760934829712,375740000
2016-08-11,1.4403674201309584,1.468038518131436,1.4374288737161858,1.4619165658950806,681064000
2016-08-12,1.5157897419077,1.5520315062416696,1.4846903758792418,1.543705701828003,1425744000
2016-08-15,1.5454198534813457,1.554970071922514,1.5214218776625028,1.5422364473342896,573304000
2016-08-16,1.5400322399318824,1.5424809504512111,1.5282781725527783,1.532930850982666,287652000
2016-08-17,1.5329310681186594,1.5363593333912322,1.4854248395895129,1.497423768043518,595212000
2016-08-18,1.4952202090176898,1.523136172244447,1.4893431149629823,1.520687460899353,331684000
2016-08-19,1.5199527135705975,1.5361146048995613,1.5133410413693436,1.524605393409729,291560000
2016-08-22,1.5292579903263293,1.533176091604665,1.5111371076178306,1.5309721231460571,244748000
2016-08-23,1.5465504595047967,1.5534196258689361,1.538945244183519,1.5433611869812012,339764000
2016-08-24,1.5487587044567457,1.5494946365343603,1.5124500313812472,1.5195645093917847,298448000
2016-08-25,1.5200552852883737,1.5207912173841582,1.4906158957857556,1.509506106376648,406032000
2016-08-26,1.5134308813702402,1.530358483271043,1.5014097256310472,1.521772027015686,300024000
2016-08-29,1.5279060074754165,1.5340391266679294,1.5183381871191861,1.5207914113998413,274652000
2016-08-30,1.518828600980638,1.5269244388692103,1.5077888007722695,1.511959433555603,285544000
2016-08-31,1.5149027417700247,1.519073255770878,1.500428364098892,1.5048441886901855,388544000
2016-09-01,1.5060711043251083,1.554891429237812,1.5048444341911036,1.5492489337921143,428492000
2016-09-02,1.55243860714905,1.5541558989877762,1.5166206722479216,1.5340389013290405,323148000
2016-09-06,1.5394359756160798,1.5485130548477173,1.5315854496713424,1.5485130548477173,306812000
2016-09-07,1.5436061926213809,1.55121140643986,1.5168654644242432,1.5256972312927246,397988000
2016-09-08,1.524225898156491,1.5391910215407736,1.5068076676301008,1.5367376804351807,315808000
2016-09-09,1.519809765204987,1.5283962233815236,1.4474378549121227,1.4601949453353882,697760000
2016-09-12,1.4408141247351571,1.4933143549972325,1.4062227443829536,1.4903703927993774,598260000
2016-09-13,1.4866903167447767,1.5038633494777949,1.4604402048237024,1.4687813520431519,471768000
2016-09-14,1.4722162855418406,1.4866906705377245,1.4599499309406592,1.4817841053009033,319048000
2016-09-15,1.4842369772788158,1.539681158628506,1.480802277415098,1.5379638671875,515212000
2016-09-16,1.5433616268735921,1.5517027765477056,1.5239806755495422,1.5416443347930908,902444000
2016-09-19,1.5578361973468198,1.6010140491694465,1.5507217174530874,1.5620068311691284,417128000
2016-09-20,1.5799149693863768,1.5799149693863768,1.539190480596339,1.5477769374847412,331112000
2016-09-21,1.55243822563152,1.5941440748627593,1.5521929149979499,1.5912001132965088,336212000
2016-09-22,1.6005228586648028,1.605429423015231,1.5860484762837808,1.5951255559921265,308732000
2016-09-23,1.5970883573643118,1.6017494943022101,1.5862938684461394,1.5934083461761475,276132000
2016-09-26,1.57525389710082,1.584821714579793,1.5585716026675052,1.578443169593811,230040000
2016-09-27,1.5723102029685423,1.6348689932174267,1.5715742708748808,1.6324156522750854,402752000
2016-09-28,1.6348685778062382,1.6395298308269,1.6174502358830725,1.6383031606674194,319788000
2016-09-29,1.635604704639042,1.658665661855126,1.6203943905865654,1.6535136699676514,336684000
2016-09-30,1.662590990935847,1.6974276815421783,1.652777861719193,1.6809906959533691,429932000
2016-10-03,1.6809908950863932,1.7052784103220113,1.6763296406090433,1.6792734861373901,242596000
2016-10-04,1.6817263718126072,1.7099390847671974,1.663081358952265,1.6755931377410889,281624000
2016-10-05,1.6898224108415163,1.7069954449065015,1.668724172009421,1.6738760471343994,305440000
2016-10-06,1.6537589651579856,1.6640627141442286,1.6255461352958243,1.6520416736602783,360212000
2016-10-07,1.6630818112494798,1.667497755019753,1.6353597120470704,1.6400209665298462,286260000
2016-10-10,1.648607269932626,1.6574391566350757,1.630698302820233,1.6461540460586548,287876000
2016-10-11,1.6407565941236273,1.6432098176001397,1.609845112654902,1.62235689163208,388540000
2016-10-12,1.615733230837659,1.638303451053119,1.6022402076368807,1.6297169923782349,419920000
2016-10-13,1.6105815611106489,1.614261455729119,1.5627424631435733,1.6032216548919678,390116000
2016-10-14,1.6228476767514617,1.6338874759644741,1.6093546538142929,1.618922472000122,330636000
2016-10-17,1.6186776241995802,1.633887943187687,1.607392511085257,1.6096004247665405,195328000
2016-10-18,1.631924948939206,1.6434553700330958,1.6253010925019018,1.6341328620910645,269372000
2016-10-19,1.623092867901674,1.6383031803239287,1.6147516043024919,1.6306979656219482,199060000
2016-10-20,1.6498336811349834,1.6670067134814397,1.6265275315763827,1.661609411239624,312084000
2016-10-21,1.6557218959858333,1.6598924117445835,1.6412475122136623,1.6569485664367676,279508000
2016-10-24,1.668233271748009,1.736679851925729,1.667987844132089,1.7347172498703003,339836000
2016-10-25,1.7317733827640787,1.7737245450276746,1.723432235837221,1.763175368309021,397460000
2016-10-26,1.7484558488069257,1.789671083186635,1.7467385571229148,1.7702901363372803,333792000
2016-10-27,1.7837830609853405,1.7872176441643752,1.7268668939095762,1.7339813709259033,388664000
2016-10-28,1.7423227264727843,1.7688181506600613,1.727848344041881,1.7310376167297363,290856000
2016-10-31,1.7366802630889278,1.7572878820040931,1.735698903338022,1.7457574605941772,252388000
2016-11-01,1.7521355647102517,1.7617033811875111,1.6753477222617381,1.6939927339553833,473224000
2016-11-02,1.7069956800856347,1.7300565244784631,1.6839347187110663,1.6868786811828613,295848000
2016-11-03,1.694729451838918,1.6962014332859274,1.634869301926973,1.6672526597976685,309664000
2016-11-04,1.656212226076705,1.6861423481139914,1.633396697818126,1.6576842069625854,328780000
2016-11-07,1.7062594042029018,1.7594956813835432,1.7050327338390636,1.7484558820724487,487580000
2016-11-08,1.7550798518099882,1.7607224656596654,1.72956578508549,1.7457574605941772,429884000
2016-11-09,1.6984089253933108,1.739378851032464,1.6858972616719603,1.716317892074585,456532000
2016-11-10,1.7538532220515357,1.7540985327331575,1.637812846960078,1.6625909805297852,869280000
2016-11-11,1.950606244699638,2.177780264899721,1.9258279994298333,2.158154010772705,2175344000
2016-11-14,2.161097916269682,2.1635512564628163,2.0514362300266358,2.051926851272583,1348796000
2016-11-15,2.067874376052979,2.1453981960753374,2.0590424862626544,2.1144869327545166,626092000
2016-11-16,2.1426989409100865,2.2707602470224773,2.1184114276166883,2.2479448318481445,987984000
2016-11-17,2.2646271604578883,2.325468658380084,2.223902543391246,2.266589879989624,832988000
2016-11-18,2.266589549597277,2.3141830931787912,2.252115167805573,2.290386438369751,576060000
2016-11-21,2.308295989236839,2.314674535949806,2.2668353186208052,2.281064510345459,436436000
2016-11-22,2.2889143905639022,2.2997087617426835,2.2663441715803136,2.2975008487701416,330368000
2016-11-23,2.302660309278451,2.340251725836745,2.2793193837209693,2.308802843093872,443236000
2016-11-25,2.3198598906937447,2.3365671660998806,2.295044421268368,2.313471794128418,195564000
2016-11-28,2.3063460071617645,2.3277215109952407,2.299712116993026,2.3122427463531494,278736000
2016-11-29,2.309540515466312,2.3203512847936474,2.273423388930366,2.2911133766174316,444568000
2016-11-30,2.2997120715084702,2.3134712074541426,2.26285780376182,2.265314817428589,440500000
2016-12-01,2.2628579694083286,2.2645778322382206,2.082763025235029,2.153277635574341,1035524000
2016-12-02,2.119125549683519,2.181777985357023,2.0913619544058215,2.1731786727905273,478292000
2016-12-05,2.2110152586951113,2.2753875455451333,2.186691392727755,2.2574517726898193,602284000
2016-12-06,2.265560693811346,2.3029065569447975,2.249836132192722,2.294552803039551,498796000
2016-12-07,2.281038983251452,2.341479962554001,2.2628574132938972,2.335829019546509,480804000
2016-12-08,2.3387779906810446,2.3739123987062416,2.2861991590428943,2.2967638969421387,381544000
2016-12-09,2.3144536673386544,2.3161735298554946,2.2287058679346723,2.2559781074523926,382312000
2016-12-12,2.2075759433405633,2.2100329567574795,2.1508202455665044,2.2011878490448,601332000
2016-12-13,2.2134725516671514,2.267525672092586,2.2124898400836455,2.2400076389312744,387796000
2016-12-14,2.2736678056474684,2.3859509140349453,2.249835294127629,2.3697350025177,983980000
2016-12-15,2.3807920549863812,2.4554837836165118,2.373421247039793,2.4252631664276123,746548000
2016-12-16,2.4527805104876204,2.474156013509491,2.401184395992641,2.4670310020446777,1089528000
2016-12-19,2.449586465093681,2.517152696328942,2.4323876048612636,2.4970057010650635,744656000
2016-12-20,2.569486176358615,2.607568951672785,2.558184053861836,2.583982229232788,848056000
2016-12-21,2.5955300363363123,2.6031466386252524,2.5481107940972105,2.600198268890381,576136000
2016-12-22,2.6245223399037934,2.674889955647601,2.617397092985077,2.6316475868225098,718612000
2016-12-23,2.6137111549270036,2.6987220455059826,2.611008580529697,2.6972477436065674,647692000
2016-12-27,2.7532672720217817,2.8834859830917265,2.7326286800600874,2.8825032711029053,1194272000
2016-12-28,2.9385216143073194,2.9466295733828805,2.6704676088567747,2.6842265129089355,2295764000
2016-12-29,2.577348200379878,2.739261786997318,2.525752086728094,2.7377874851226807,2175368000
2016-12-30,2.7358230464073015,2.749827747688481,2.611746627626255,2.6225571632385254,1212932000
2017-01-03,2.5650635400069537,2.6134657267218895,2.4417243084924958,2.5063424110412598,1501996000
2017-01-04,2.5404942685326217,2.5920903889805014,2.494549092616518,2.5648181438446045,1199220000
2017-01-05,2.568257595108628,2.599952274436208,2.4827553479805204,2.499708414077759,984296000
2017-01-06,2.526981196193388,2.561378691602805,2.4864413996779664,2.533123731613159,822856000
2017-01-09,2.5429520609588825,2.6535151431062656,2.5429520609588825,2.6358249187469482,916248000
2017-01-10,2.648845152092352,2.682751041488355,2.595283392785134,2.615921974182129,880920000
2017-01-11,2.604375006721751,2.6092887998087964,2.5589211905195324,2.5837364196777344,525664000
2017-01-12,2.5608868064079657,2.572434489434211,2.4967600620348613,2.5414767265319824,625616000
2017-01-13,2.5454070809929794,2.57980455947219,2.5321395390557426,2.5412304401397705,457820000
2017-01-17,2.530667061446214,2.5355808561362103,2.4709629680701357,2.4842305183410645,580612000
2017-01-18,2.4628542542193763,2.5363172314299356,2.435090654920114,2.529437780380249,654424000
2017-01-19,2.5323860986338063,2.615676894841562,2.5301748800289494,2.5837364196777344,644872000
2017-01-20,2.6063406415777073,2.6240308604784963,2.533614810933331,2.5554816722869873,492024000
2017-01-23,2.5503217890710843,2.6019179034340203,2.547864775455298,2.5820164680480957,369904000
2017-01-24,2.592089838948761,2.6431945926340417,2.577347992957356,2.637052059173584,428052000
2017-01-25,2.6793125419503525,2.6854550773289794,2.6124834440900075,2.648355007171631,522760000
2017-01-26,2.651056851359519,2.701424456011093,2.6215733926108196,2.6940536499023438,458800000
2017-01-27,2.7009336460535134,2.7490900420365225,2.6743985512481556,2.7461416721343994,471996000
2017-01-30,2.7252576855970263,2.727468904577912,2.651303341423444,2.7031450271606445,496004000
2017-01-31,2.676855616489389,2.703882067743787,2.6584282456697395,2.682506561279297,362756000
2017-02-01,2.7169029844791974,2.8038792857170285,2.6992130044833127,2.7997026443481445,590004000
2017-02-02,2.783733156824373,2.8436830337366654,2.7532669795828824,2.835083484649658,483240000
2017-02-03,2.8365576974285522,2.847614025878351,2.798474918497992,2.8102681636810303,372744000
2017-02-06,2.8009313748037066,2.882748102162136,2.8009313748037066,2.8822567462921143,506768000
2017-02-07,2.9164086093953348,2.9709530974774574,2.896752967567473,2.926973581314087,746224000
2017-02-08,2.90903761841703,2.9313958334310657,2.8594069267720092,2.9141972064971924,449580000
2017-02-09,2.9203390410860437,2.925253067606443,2.840242423901191,2.8594064712524414,842568000
2017-02-10,2.9466286283567795,2.9655471153610704,2.766533723446944,2.7915947437286377,1651092000
2017-02-13,2.785943555580527,2.800439606020517,2.65842747071974,2.6628501415252686,1180724000
2017-02-14,2.6532681531761595,2.7063385680432464,2.6114998600572674,2.672678232192993,850632000
2017-02-15,2.6756264023265057,2.6977388197011334,2.6476170122794755,2.6780831813812256,373020000
2017-02-16,2.6876653555494925,2.6888938621951914,2.5960208217407694,2.6350865364074707,647176000
2017-02-17,2.621574592201954,2.639019020948794,2.5746466912152433,2.634596347808838,563740000
2017-02-21,2.659164713683124,2.73287347508703,2.6589189186189808,2.728942394256592,551952000
2017-02-22,2.7409966730104443,2.7503449196887844,2.7058176953294444,2.7247602939605713,433772000
2017-02-23,2.595361181442254,2.6172556352373433,2.452185863332219,2.4721121788024902,1592888000
2017-02-24,2.3879777467704186,2.509258588314335,2.354274938573093,2.49597430229187,1029904000
2017-02-27,2.514179555034169,2.583553095169672,2.498435150591279,2.568546772003174,715400000
2017-02-28,2.5781409949146252,2.5879814533745265,2.479246780408931,2.496467113494873,625360000
2017-03-01,2.5532941151158925,2.567562590338931,2.4873646473558892,2.528693675994873,504804000
2017-03-02,2.5159015213459726,2.5299238921772216,2.4327514829039636,2.435457468032837,754332000
2017-03-03,2.424879422560371,2.4297994168995216,2.3670679054617043,2.4214353561401367,864692000
2017-03-06,2.3852728459415076,2.413317592845352,2.341237821345839,2.4027392864227295,883568000
2017-03-07,2.4027389378502355,2.448495989322442,2.3899466237088065,2.4290614128112793,603400000
2017-03-08,2.477278202660383,2.4920386531242813,2.4224190172058124,2.424633026123047,638712000
2017-03-09,2.408643107701738,2.446527839351342,2.396096664308392,2.4241414070129395,478060000
2017-03-10,2.450464273477294,2.4622724017336433,2.420205519590769,2.4384098052978516,499740000
2017-03-13,2.4487425909773597,2.5154101604399406,2.448004509540129,2.5055699348449707,774136000
2017-03-14,2.518362427227322,2.5277104427764767,2.4716211764340454,2.503848075866699,522016000
2017-03-15,2.5154103209614984,2.5336146104386876,2.4679309889611414,2.5227904319763184,615036000
2017-03-16,2.5333679845366004,2.554278488353498,2.519345613561585,2.553786277770996,523100000
2017-03-17,2.571252045629736,2.610613163148788,2.553785612781924,2.6093831062316895,1119688000
2017-03-20,2.6268505933323514,2.696470247437388,2.61086008160185,2.6925339698791504,748568000
2017-03-21,2.6753142601689546,2.705081046476955,2.597576396684694,2.6054484844207764,913484000
2017-03-22,2.594377393492777,2.6632591955199154,2.5904413508479407,2.6585850715637207,616764000
2017-03-23,2.6507128047821245,2.670639358321993,2.6248823044614147,2.63447642326355,533940000
2017-03-24,2.6807260758962754,2.688598162483514,2.617994550107934,2.643825054168701,439500000
2017-03-27,2.5973289129382024,2.6669485463568803,2.5481278041741775,2.6630125045776367,506644000
2017-03-28,2.6642425225975033,2.678756867065991,2.6389040047422982,2.6492362022399902,432444000
2017-03-29,2.6566169448882717,2.6689172834919868,2.638412659595463,2.6406266689300537,349992000
2017-03-30,2.6477606859816043,2.706064183330034,2.6421026099632385,2.6913037300109863,525532000
2017-03-31,2.681709521178416,2.7033581071155948,2.6667031976639244,2.679741382598877,440808000
2017-04-03,2.680233259600404,2.697453590242617,2.6425941682390675,2.666210889816284,445232000
2017-04-04,2.5437001604326093,2.5687928117042675,2.4684224412270614,2.4792466163635254,1271280000
2017-04-05,2.4605504892940138,2.5183620145054917,2.4477581737638494,2.460796594619751,747048000
2017-04-06,2.4659629189797956,2.4908094709294026,2.420943705208998,2.478755235671997,635120000
2017-04-07,2.485151066423069,2.502617505550727,2.453170278908304,2.4681766033172607,429068000
2017-04-10,2.4689142715372645,2.4755562986350217,2.401016665084627,2.405198812484741,756332000
2017-04-11,2.3751860158500686,2.432997531009116,2.3702660216759877,2.413809061050415,618148000
2017-04-12,2.413810025883613,2.428078272762027,2.3887173651985942,2.393883466720581,414092000
2017-04-13,2.369774765206873,2.391423121520562,2.3491101264953613,2.3491101264953613,506892000
2017-04-17,2.361901857551798,2.4413617268578096,2.3567357578083206,2.4411158561706543,497292000
2017-04-18,2.4268482109292258,2.4487429092768376,2.401017703363412,2.4425926208496094,370116000
2017-04-19,2.4600581925002243,2.484166657681701,2.445543845410722,2.452186107635498,380828000
2017-04-20,2.466699969230436,2.4957286576960294,2.4455433640801894,2.4910545349121094,404016000
2017-04-21,2.4807227232754077,2.504093343038812,2.4689145953497746,2.501387357711792,341896000
2017-04-24,2.532876075865548,2.5456683911279727,2.511965804165636,2.532630205154419,371820000
2017-04-25,2.5471444903874434,2.5911795113567897,2.525742008579459,2.576665163040161,388440000
2017-04-26,2.590195031198396,2.5926549107941512,2.556984193256961,2.5589523315429688,327004000
2017-04-27,2.5663324324643293,2.607169248953976,2.548374021113172,2.5988051891326904,319700000
2017-04-28,2.591917565179204,2.5988056985974466,2.56018264886158,2.56584095954895,348248000
2017-05-01,2.5766651653752404,2.628572506531356,2.569530926562963,2.623406171798706,307732000
2017-05-02,2.5965917533584926,2.597821810729194,2.5230358240910626,2.545668363571167,629972000
2017-05-03,2.5387809306602644,2.5742057950412156,2.5240207073570873,2.5646116733551025,336904000
2017-05-04,2.5707607445662517,2.581831025116534,2.546898150251618,2.5547704696655273,209788000
2017-05-05,2.543208864246514,2.5621512344508495,2.527710326742568,2.5550169944763184,228428000
2017-05-08,2.566824629345888,2.5683005572263213,2.516885432945173,2.5282018184661865,365240000
2017-05-09,2.5338603199188174,2.5813394098916516,2.5254960233618737,2.532384157180786,847672000
2017-05-10,2.8116004404431463,2.9968428832950087,2.8049584129302483,2.98380446434021,2129096000
2017-05-11,2.9533003449728,3.208654451120682,2.9498562779856843,3.111974000930786,1939792000
2017-05-12,3.1151721068165155,3.1882358274213143,3.0942616001687777,3.1461687088012695,962620000
2017-05-15,3.18725169664791,3.306564442825433,3.1828234433201725,3.3041043281555176,1087540000
2017-05-16,3.355027763284398,3.3811046055977965,3.280734217818438,3.3656060695648193,1120700000
2017-05-17,3.298937966763882,3.3176344613989373,3.137804222401024,3.14198637008667,1271368000
2017-05-18,3.1857766169538047,3.2824570917832543,3.1255051947092993,3.2736008167266846,1156032000
2017-05-19,3.3745685604786324,3.4038739611910676,3.3299946655274018,3.34920334815979,1018372000
2017-05-22,3.39279133872097,3.434902516485573,3.381955529993413,3.420619249343872,836608000
2017-05-23,3.440321006604809,3.442537347676648,3.342061261948861,3.374568223953247,681248000
2017-05-24,3.4713501488358234,3.4740592188272266,3.4004258274917563,3.4124929904937744,815996000
2017-05-25,3.447708870950609,3.4484477295896454,3.3600385728126874,3.4048588275909424,608228000
2017-05-26,3.3967321909276316,3.5777368276352832,3.3765385214102763,3.4930217266082764,779140000
2017-05-30,3.5388269272658746,3.602609499324451,3.5228198105537465,3.5676400661468506,989652000
2017-05-31,3.6124601753040957,3.6200944219490516,3.498193309851865,3.5548343658447266,887316000
2017-06-01,3.570594557486202,3.5715797805110046,3.5097671932483245,3.555079936981201,503340000
2017-06-02,3.552124747664303,3.5782288130501128,3.5314385869324734,3.537348985671997,487456000
2017-06-05,3.5210957621207415,3.6577726273235704,3.5095213282726676,3.6449668407440186,817376000
2017-06-06,3.640288124366664,3.686339734302007,3.615169277907878,3.628467559814453,758728000
2017-06-07,3.652847199514208,3.691018192133365,3.6373325789085227,3.672302007675171,612612000
2017-06-08,3.7791811608856847,3.9402384781996225,3.738054966861927,3.938760995864868,1161744000
2017-06-09,4.05696938059714,4.149564874852214,3.515432383652875,3.684123992919922,3692928000
2017-06-12,3.592512474030337,3.735838592921709,3.499670641406298,3.69323468208313,1697532000
2017-06-13,3.8023303024767348,3.8114422661963125,3.586848495152453,3.7284510135650635,1672504000
2017-06-14,3.731406524540149,3.793957748715853,3.6570345004214713,3.7363317012786865,1184640000
2017-06-15,3.619109467765831,3.782629273760976,3.6077811625177807,3.7523388862609863,963824000
2017-06-16,3.7619431186039427,3.8097185756842524,3.6998843912445447,3.7338688373565674,924960000
2017-06-19,3.777949685910438,3.879410985021708,3.77425586276484,3.874239444732666,778176000
2017-06-20,3.916351028001462,3.9830887993768287,3.864389255296164,3.8685755729675293,1095444000
2017-06-21,3.8961570085542068,3.9308803087361546,3.834344419055546,3.9271862506866455,682652000
2017-06-22,3.9353138877161493,3.948612405783685,3.876210354588148,3.9000980854034424,469132000
2017-06-23,3.9077317634806783,3.923492750322967,3.773270998606998,3.7882933616638184,1088588000
2017-06-26,3.82104672036734,3.8565088845271616,3.652847863839055,3.7469210624694824,1063960000
2017-06-27,3.729436484278531,3.7380557201093936,3.6040876656456367,3.6097517013549805,999492000
2017-06-28,3.6772274679333052,3.7417488913773376,3.58931081360051,3.737069845199585,994948000
2017-06-29,3.7087499909381565,3.7117049559422983,3.548185149552703,3.6122140884399414,1064424000
2017-06-30,3.629452025797201,3.642996670265678,3.5339013605165364,3.5600054264068604,731060000
2017-07-03,3.572072747785073,3.586848511692932,3.412739265058736,3.431209087371826,709072000
2017-07-05,3.494498640153089,3.5516321803145767,3.4755363265400723,3.5228192806243896,820188000
2017-07-06,3.493760401941151,3.580199345405174,3.441798396122879,3.5334088802337646,746284000
2017-07-07,3.5900500456284203,3.632407595253228,3.5671473064511754,3.6141839027404785,654972000
2017-07-10,3.6875707567500564,3.7924795201053314,3.6614666894416916,3.7850916385650635,958492000
2017-07-11,3.7887857478005387,3.846411788246531,3.7469206937475423,3.838777542114258,757956000
2017-07-12,3.898373931530037,4.014118282752321,3.8555238851261895,4.00205135345459,1145208000
2017-07-13,4.014118233911097,4.095385643293909,3.9094558249090023,3.9557535648345947,1369132000
2017-07-14,3.9720062845434225,4.063616758476926,3.9651108977803093,4.062139511108398,941948000
2017-07-17,4.096124039718156,4.124937176520044,3.9833346676498143,4.044900894165039,930792000
2017-07-18,3.984073742137029,4.101542401794374,3.97225294333607,4.087012767791748,776640000
2017-07-19,4.096124432602658,4.122474866505804,4.053767116463618,4.065834045410156,687044000
2017-07-20,4.086274514552628,4.125184140847944,4.036529076132213,4.124938011169434,699596000
2017-07-21,4.1044984348153015,4.169266245721007,4.090214926737501,4.139714241027832,648332000
2017-07-24,4.1468555472670205,4.1564597710688105,4.081102758647979,4.091691970825195,652524000
2017-07-25,4.0687884492316915,4.086273516109263,4.028401115307334,4.071990013122559,496556000
2017-07-26,4.129370219623227,4.184779922276561,4.0843035988367715,4.119027137756348,640404000
2017-07-27,4.143899941228371,4.155474611015926,3.8801501737953497,3.983088970184326,782856000
2017-07-28,3.947380321870892,4.072729360478066,3.9225078406095464,4.048348903656006,513348000
2017-07-31,4.061893740624289,4.097848398858005,3.955507483306197,4.00205135345459,559672000
2017-08-01,3.9926941679030894,4.052536568687156,3.9648664792321795,4.050812721252441,431384000
2017-08-02,4.081841324294483,4.085781277513314,3.9715146490450417,4.048348903656006,478444000
2017-08-03,4.047856226828955,4.103512052865201,4.030863888614545,4.099818229675293,442420000
2017-08-04,4.1224747560478825,4.188227539361266,4.099818616101904,4.117795944213867,589096000
2017-08-07,4.146854827775361,4.244867964964748,4.137250135926912,4.244375705718994,717412000
2017-08-08,4.282301416320592,4.298801029766987,4.154736252219313,4.193892478942871,755336000
2017-08-09,4.147840751576764,4.240928968740708,4.129124562329992,4.238466262817383,530784000
2017-08-10,4.239696940236279,4.252010468573003,4.046871736642654,4.056968688964844,1328088000
2017-08-11,3.8698066224747025,3.9156118624772414,3.76563672072678,3.840747356414795,1497196000
2017-08-14,3.9321111813882195,4.150794271350456,3.9205367494072405,4.147100448608398,1279020000
2017-08-15,4.152272803609251,4.178376636947612,4.0779007869894395,4.112131595611572,764532000
2017-08-16,4.127154224862567,4.150549224520308,4.034804874516045,4.067065238952637,596632000
2017-08-17,4.058691608162287,4.075683474870471,3.974222654962582,3.9764387607574463,525444000
2017-08-18,4.030617817555207,4.047610156016509,3.9313728566700683,3.9771780967712402,601204000
2017-08-21,4.001557690870723,4.012885757504405,3.8754700667530604,3.9193050861358643,623672000
2017-08-22,3.9557838309178948,4.0124744959068295,3.9365582458633277,4.006558895111084,450456000
2017-08-23,3.973285690816658,4.097758757496956,3.964658397758096,4.086667060852051,579520000
2017-08-24,4.118709920085873,4.123146975320429,4.0452587441289625,4.071631908416748,469700000
2017-08-25,4.095785940460514,4.105891778916359,4.031207488950989,4.03761625289917,357200000
2017-08-28,4.0565971129000955,4.069414176529954,4.001138619297182,4.06620979309082,389496000
2017-08-29,4.007547284535115,4.0812452810059865,3.999413152953871,4.059554576873779,324096000
2017-08-30,4.0792736144342046,4.094802370310207,4.048956552275148,4.083710670471191,384400000
2017-08-31,4.103921044471777,4.180330255354886,4.096526892851023,4.176386833190918,612684000
2017-09-01,4.188956399489597,4.237020252340178,4.180329108088711,4.201526641845703,445432000
2017-09-05,4.15026073319092,4.155190482432929,4.031456879295128,4.089379787445068,695364000
2017-09-06,4.122159896283915,4.135962810356963,4.052159000519317,4.086912631988525,397672000
2017-09-07,4.103675084137066,4.138182381950914,4.065717056541833,4.105893611907959,352868000
2017-09-08,4.094307624484429,4.109096395176757,4.010503807016998,4.034658908843994,498856000
2017-09-11,4.0802587974948095,4.176140176089492,4.074835887232931,4.165541172027588,567444000
2017-09-12,4.190189957794529,4.190189957794529,4.115506107954333,4.180577278137207,411488000
2017-09-13,4.155436199304922,4.22814834416494,4.123147427953092,4.199310302734375,580960000
2017-09-14,4.160365144976967,4.253288958659627,4.135963693850091,4.175400733947754,513712000
2017-09-15,4.260681366482567,4.439380645751953,4.255505274717426,4.439380645751953,1364792000
2017-09-18,4.563362682950798,4.712730831553845,4.5564612246763705,4.622764587402344,1684460000
2017-09-19,4.572482878048468,4.679455956329136,4.550545830313191,4.617835521697998,874280000
2017-09-20,4.621532051339948,4.668856400388209,4.540439452354384,4.580615997314453,724920000
2017-09-21,4.477094035298645,4.503221320582178,4.37776192818237,4.455403804779053,1075600000
2017-09-22,4.444064516157085,4.4936073826620095,4.4021626149906865,4.412021636962891,491232000
2017-09-25,4.381213517165557,4.382446189328537,4.194134125669365,4.21483850479126,874580000
2017-09-26,4.349169772947171,4.404135087542824,4.198815783307401,4.238499164581299,1125620000
2017-09-27,4.328711586128126,4.344733027904649,4.2579711780892975,4.331422805786133,713720000
2017-09-28,4.338571619466589,4.342515511785984,4.282866784917443,4.330191612243652,435244000
2017-09-29,4.413994917743693,4.430015891207911,4.368888623388848,4.406353950500488,619092000
2017-10-02,4.456388411153955,4.485473254667967,4.362725586848954,4.412021636962891,503480000
2017-10-03,4.418185018321986,4.450967417075299,4.377022612716945,4.421143054962158,390332000
2017-10-04,4.427304884080673,4.480298494552268,4.390825410645643,4.458115100860596,427848000
2017-10-05,4.482517125076886,4.485967854391558,4.425825967601629,4.455650329589844,437364000
2017-10-06,4.428044517550407,4.482023985015341,4.412023072739553,4.468713760375977,318800000
2017-10-09,4.505438517355352,4.602552548668687,4.486705856796165,4.569523811340332,563492000
2017-10-10,4.718400205565456,4.755865538079302,4.615617357640483,4.656779766082764,974876000
2017-10-11,4.673294869464357,4.707802642384587,4.627449520056826,4.706323623657227,529508000
2017-10-12,4.709773118307905,4.759316001536056,4.681427774145952,4.708540916442871,528292000
2017-10-13,4.770652467466685,4.806392421379086,4.7238212900571215,4.796286582946777,628728000
2017-10-16,4.82611160180822,4.881570077582146,4.763012159588707,4.878612041473389,576640000
2017-10-17,4.857907284785086,4.902520408173964,4.839667787355075,4.874175071716309,478596000
2017-10-18,4.883048979231887,4.883788018114932,4.764984226779905,4.869985103607178,567316000
2017-10-19,4.792591150196985,4.8803384039268956,4.743541429209646,4.875409126281738,570772000
2017-10-20,4.892415922701324,4.919528592398131,4.844351592070808,4.853225231170654,451620000
2017-10-23,4.874914696724625,4.901288323311275,4.826111334769268,4.846323013305664,428696000
2017-10-24,4.8554434515344616,4.898824382684523,4.829562982720472,4.897099018096924,407244000
2017-10-25,4.857662980390743,4.9104102544804435,4.71199234574672,4.7733659744262695,828160000
2017-10-26,4.800970760290517,4.834984885468692,4.777062005054775,4.823400497436523,322744000
2017-10-27,4.875409404456083,4.975727379689853,4.849528462240865,4.975481033325195,572192000
2017-10-30,4.975480985837473,5.07974238241726,4.959705886243587,5.024284362792969,504056000
2017-10-31,5.056081546644549,5.124110297559878,5.050412288182127,5.097490310668945,411908000
2017-11-01,5.160094088122259,5.175376020717777,5.043015190448285,5.107100486755371,502576000
2017-11-02,5.077523577688236,5.122136709285966,5.019600222458373,5.07604455947876,342308000
2017-11-03,5.107102563630701,5.143828392028809,5.061257217327006,5.143828392028809,353640000
2017-11-06,5.107100938250456,5.175622824566019,5.094777040616968,5.166996002197266,389944000
2017-11-07,5.189673413754283,5.247596776474812,5.1775958604437,5.226152420043945,427700000
2017-11-08,5.221716046667525,5.225413592819289,5.108088314347517,5.155412673950195,522988000
2017-11-09,5.059530680413185,5.085657496100263,4.938754686660239,5.060762882232666,978564000
2017-11-10,5.25203312109238,5.389816419245245,5.216293155512763,5.327456474304199,1253256000
2017-11-13,5.327456576623527,5.352843884486151,5.225659588441793,5.240941524505615,582376000
2017-11-14,5.250061339039426,5.294428131390029,5.206434055911553,5.279146194458008,529292000
2017-11-15,5.22418140678822,5.2254140789957155,5.121891709520981,5.175624370574951,501948000
2017-11-16,5.249568541787336,5.279639252195286,5.206927115096565,5.2158002853393555,441768000
2017-11-17,5.272738056379805,5.307984862877181,5.194603474689633,5.209638595581055,515664000
2017-11-20,5.225165414324046,5.288758020165017,5.188439599633909,5.2766804695129395,396100000
2017-11-21,5.31636458158839,5.336822610645491,5.28456850935705,5.32523775100708,399176000
2017-11-22,5.3523693121000955,5.3523693121000955,5.268753787221783,5.30131196975708,356640000
2017-11-24,5.317592910836993,5.3523711740105515,5.293174030214423,5.351384162902832,180752000
2017-11-27,5.3600167852092,5.36124984326041,5.278620840230842,5.281827449798584,422896000
2017-11-28,5.287007348943417,5.296380190043431,5.136302338755271,5.197225570678711,512752000
2017-11-29,5.179958239990713,5.18267134328544,4.716743956250324,4.844757080078125,1396788000
2017-11-30,4.913328587976844,4.999163740731201,4.850432269618107,4.950572967529297,823768000
2017-12-01,4.916042279656291,4.936268012057408,4.747331575954175,4.875837802886963,811548000
2017-12-04,4.934290905324338,4.94045760399661,4.550746052833658,4.604022979736328,1240844000
2017-12-05,4.498949207198729,4.753001884322961,4.454058571438754,4.630661964416504,981488000
2017-12-06,4.580344624871365,4.6898585809894096,4.559132364718577,4.668153285980225,467032000
2017-12-07,4.734749822443466,4.775201267594271,4.689365675831851,4.735489845275879,542600000
2017-12-08,4.785313678599973,4.804306343503524,4.714771107654795,4.7231574058532715,466876000
2017-12-11,4.737217418510287,4.804307347667616,4.721431829563426,4.801347255706787,372748000
2017-12-12,4.757936496844971,4.781121844490045,4.683693798607918,4.707125663757324,455016000
2017-12-13,4.7480696905522,4.749302748407478,4.584785261955489,4.592185020446777,554280000
2017-12-14,4.585771589774533,4.670127139033691,4.553213406647107,4.599337577819824,438164000
2017-12-15,4.6432415909238465,4.745109277260334,4.578371749960818,4.724883556365967,670036000
2017-12-18,4.765336041176935,4.884222877643476,4.735737943659035,4.881263256072998,477704000
2017-12-19,4.871889726726696,4.877069416582788,4.808746437616341,4.837111473083496,373100000
2017-12-20,4.8763295508767195,4.885455402563136,4.798633730077489,4.854130744934082,288820000
2017-12-21,4.857584473220278,4.882496386005076,4.823299719644372,4.831686019897461,300904000
2017-12-22,4.794932691272047,4.8257643049522505,4.71723689307107,4.816391468048096,466276000
2017-12-26,4.7611424757385965,4.877562715512984,4.731297392853621,4.8699164390563965,355080000
2017-12-27,4.856597665426437,4.9323199401518965,4.842045134771584,4.863256931304932,329488000
2017-12-28,4.886933605171521,4.9177652161902765,4.8627617275143,4.868927955627441,240248000
2017-12-29,4.895076043031667,4.895076043031667,4.772736072540283,4.772736072540283,279964000
2018-01-02,4.828972733285586,4.920728065591667,4.797401552373363,4.917027950286865,355616000
2018-01-03,5.034187809275287,5.270974939410014,5.025554991711063,5.240636348724365,914704000
2018-01-04,5.321784891005477,5.378268447512615,5.246062149382652,5.268260955810547,583268000
2018-01-05,5.283060704235155,5.3501501614380835,5.206351418828045,5.312905788421631,580124000
2018-01-08,5.436231649574199,5.5496917892252675,5.391340534578907,5.475696086883545,881216000
2018-01-09,5.4811231921568115,5.520587635932108,5.392821463925591,5.474216938018799,497000000
2018-01-10,5.381966405173004,5.520585407932473,5.327702934494961,5.51713228225708,582664000
2018-01-11,5.549693226546329,5.581018361119488,5.50554212300316,5.52700138092041,406032000
2018-01-12,5.515160945900337,5.549445696076352,5.4594174121772205,5.499868392944336,359916000
2018-01-16,5.526261070695698,5.611602710580234,5.344724433307752,5.429079532623291,702348000
2018-01-17,5.443632448832442,5.552652951882488,5.349904501814696,5.542787075042725,538408000
2018-01-18,5.523547632093866,5.590144061900933,5.492469486365225,5.5358805656433105,408632000
2018-01-19,5.625907366990663,5.699903066790805,5.599022378775064,5.675731182098389,609380000
2018-01-22,5.683624864195454,5.7657603578654495,5.626154764467906,5.764033794403076,550944000
2018-01-23,5.81731075179538,5.915478822223645,5.798812059154426,5.892786979675293,475228000
2018-01-24,5.895993134251916,5.931757932087007,5.760580690221696,5.816077709197998,579972000
2018-01-25,5.870341226817161,5.913505784199402,5.814844678037979,5.829643726348877,409884000
2018-01-26,5.873301028435057,6.002053730327495,5.860475061745394,6.00180721282959,516356000
2018-01-29,5.987255503575934,6.119708338361881,5.934718571671923,6.088629722595215,455116000
2018-01-30,5.9470491883376635,6.07802193636621,5.880452780095387,5.986760139465332,570832000
2018-01-31,6.061990766194626,6.148319411253585,6.029432577356689,6.06273078918457,478576000
2018-02-01,5.883166696214036,6.089862201865626,5.871820775817728,5.932003974914551,519224000
2018-02-02,5.845676578607228,5.869601950904901,5.70187782729948,5.759840965270996,718464000
2018-02-05,5.599024109027706,5.752688751083568,5.05638724129298,5.270975589752197,1165204000
2018-02-06,5.041585891938201,5.566956412397252,5.031719549173129,5.5639967918396,1114800000
2018-02-07,5.662658926393454,5.795604767983694,5.59162284473863,5.6434197425842285,802932000
2018-02-08,5.768719942226253,5.801771162611393,5.364948763250677,5.3651957511901855,1144000000
2018-02-09,5.8765078379370985,5.892293426499166,5.3651961867749325,5.72432279586792,1674604000
2018-02-12,5.805225857853972,5.808185950302166,5.5504335010636145,5.624429225921631,1093172000
2018-02-13,5.588169892271492,5.784012510720715,5.555858224254798,5.737888336181641,625524000
2018-02-14,5.697684279601359,5.983555198711346,5.686584876006259,5.9546966552734375,744988000
2018-02-15,6.037817143806099,6.126118844517371,5.95716171785793,6.0799946784973145,698900000
2018-02-16,6.052866473468347,6.16632665816088,6.005262235958735,6.014388561248779,637656000
2018-02-20,6.0368329423039135,6.212449871542913,6.033132826983067,6.143633842468262,686240000
2018-02-21,6.208009965335765,6.214916219731849,5.953217164356499,5.956916809082031,892292000
2018-02-22,5.9907291074539275,6.062302685013316,5.911010689034174,5.976414203643799,534364000
2018-02-23,6.036140393573747,6.069705963134766,5.985545133194119,6.069705963134766,415300000
2018-02-26,6.115858970600279,6.120301396429439,6.023553298640436,6.085748672485352,469312000
2018-02-27,6.0590939918623965,6.143255306258499,6.049962468302239,6.072915554046631,455436000
2018-02-28,6.083774581187836,6.123263547506034,5.961111926603054,5.97271203994751,523116000
2018-03-01,5.970489560439261,6.024293420749403,5.630143837728641,5.731087684631348,1040120000
2018-03-02,5.6237271608527415,5.844372201676828,5.475396642821389,5.837954998016357,913428000
2018-03-05,5.787853976875706,5.855478937290603,5.6646975107328945,5.815989971160889,620776000
2018-03-06,5.9011390092866725,5.995912827198986,5.858194762797782,5.976661682128906,636808000
2018-03-07,5.873990012800662,6.02084006910537,5.872756188373908,5.968763828277588,581208000
2018-03-08,5.996157881288934,5.996157881288934,5.908294633822878,5.952473163604736,411912000
2018-03-09,5.999861045278651,6.067732683902001,5.983818974651122,6.054899215698242,505524000
2018-03-12,6.09611538013624,6.2441987733819575,6.087970539305087,6.164233684539795,605060000
2018-03-13,6.206932692175928,6.281221547461491,6.072423217914117,6.113639831542969,619772000
2018-03-14,6.156582100395406,6.183730939722252,6.07686368945414,6.139059066772461,505496000
2018-03-15,6.152632943816161,6.234818995861095,6.111909688417402,6.153866767883301,401952000
2018-03-16,6.170157666181403,6.201008454512309,6.13264300212399,6.182004451751709,399456000
2018-03-19,6.125238435700395,6.1541144427405,5.849309007901929,5.948031425476074,713772000
2018-03-20,5.950992259876718,6.198538995992041,5.950992259876718,6.159790515899658,554696000
2018-03-21,6.15337466684124,6.219519141423582,6.104260358488814,6.134617805480957,438688000
2018-03-22,6.071435680614497,6.117835201861892,5.9317433046268295,5.969010829925537,551196000
2018-03-23,5.9825845191133915,5.9850526385466,5.738740156358445,5.749846458435059,735620000
2018-03-26,5.873988239350757,6.0351526816287056,5.822159155652889,6.033918857574463,611424000
2018-03-27,6.114625439406536,6.170156946070293,5.4260361690128125,5.565975189208984,1409000000
2018-03-28,5.531669639416001,5.661489523753892,5.35569690909767,5.463057518005371,945904000
2018-03-29,5.531174174623569,5.812286451836281,5.447013349214397,5.715785503387451,916628000
2018-04-02,5.645447485330812,5.791309911841081,5.368037066415771,5.455653190612793,922092000
2018-04-03,5.6222453168805595,5.685180689760902,5.463055207409951,5.561777591705322,667432000
2018-04-04,5.306582205921579,5.594111775995737,5.281654810646992,5.583745956420898,789168000
2018-04-05,5.641992226672706,5.6550728364304,5.3924711338913776,5.4637980461120605,701240000
2018-04-06,5.361372021845486,5.469226420048848,5.258700532256258,5.287823677062988,662988000
2018-04-09,5.3507609498892466,5.478359862875979,5.296463259663421,5.316454887390137,499524000
2018-04-10,5.546230591759072,5.6518635522267235,5.489218120557853,5.624961853027344,761676000
2018-04-11,5.610154317562081,5.651370925132224,5.551167531829788,5.583745956420898,460244000
2018-04-12,5.676542297937299,5.807843087669442,5.632363779594177,5.790072917938232,593920000
2018-04-13,5.853504861026074,5.861896373252153,5.665438672598812,5.713565826416016,503036000
2018-04-16,5.72022889331756,5.746637250650378,5.619285031639001,5.713318347930908,350792000
2018-04-17,5.765394171822404,5.883861059278752,5.709862671219252,5.862635612487793,447224000
2018-04-18,5.812287664851153,5.904840019200666,5.744909844629974,5.833759784698486,391364000
2018-04-19,5.719734139343891,5.7530530365769,5.597565320235047,5.6528496742248535,471996000
2018-04-20,5.644212913898424,5.728373760812661,5.613609269131381,5.644706726074219,386200000
2018-04-23,5.662475932895828,5.713564536155137,5.499583847186107,5.525498390197754,427508000
2018-04-24,5.5511652909507125,5.646925747997045,5.3941966240805534,5.459353446960449,414596000
2018-04-25,5.429738026118685,5.468733650886996,5.190336109890054,5.347304821014404,588492000
2018-04-26,5.508714186028994,5.566713792376181,5.442816883138671,5.558568954467773,375824000
2018-04-27,5.66420402844602,5.683948511019761,5.543762355224279,5.585966110229492,400848000
2018-04-30,5.60225446595979,5.651862570896132,5.531421386783354,5.5506720542907715,327844000
2018-05-01,5.542530664628652,5.608674683175747,5.4840372064686305,5.605959892272949,253788000
2018-05-02,5.602503232504488,5.6469279713493705,5.559311847293387,5.585473537445068,268248000
2018-05-03,5.617311962965465,5.776502154137623,5.572146266555971,5.750340461730957,443144000
2018-05-04,5.721708559344162,5.903357946668836,5.704432199801678,5.900149345397949,400660000
2018-05-07,6.0045490806614294,6.194589996888159,5.994676605184203,6.137577533721924,687616000
2018-05-08,6.137825638522399,6.182744659246491,6.088958003281233,6.18002986907959,506616000
2018-05-09,6.200019779667379,6.31503139243186,6.172870941958519,6.312809944152832,596760000
2018-05-10,6.3656264397437985,6.42930230598553,6.347856266346499,6.420170783996582,994080000
2018-05-11,6.238768626377314,6.411779867810766,6.1834842650152755,6.281959533691406,1214456000
2018-05-14,6.319969396741228,6.379696668096052,6.278752787315298,6.302445888519287,523140000
2018-05-15,6.239015354185989,6.241730614738236,5.960371154923462,6.060574531555176,963528000
2018-05-16,6.022072436580242,6.133628779298271,5.985298263716982,6.071680545806885,553828000
2018-05-17,6.073410371721734,6.207179362941399,6.057367827797187,6.113639831542969,519784000
2018-05-18,6.1654682096552795,6.2286502777763015,6.065017679632463,6.069953918457031,483716000
2018-05-21,6.167194086060734,6.170896028749809,5.935442776367162,6.0279951095581055,640624000
2018-05-22,6.041324076730589,6.066498139443173,5.929520583332928,5.989988327026367,518264000
2018-05-23,5.93392995581089,6.114457180792799,5.933189014858009,6.113222122192383,442956000
2018-05-24,6.109517249719566,6.159156049041339,6.056421040337045,6.1169257164001465,437372000
2018-05-25,6.129517462899533,6.172488242200579,6.093955617319423,6.15618896484375,292112000
2018-05-29,6.1381623788229716,6.207064206292989,6.092475121415454,6.139150142669678,352684000
2018-05-30,6.172737036191554,6.256455793707795,6.148041055491183,6.247812271118164,390996000
2018-05-31,6.21595549753954,6.302391206269901,6.205336445776241,6.22805643081665,493868000
2018-06-01,6.27275548937051,6.368328832655594,6.264111966209933,6.362154483795166,421968000
2018-06-04,6.396234033786173,6.562684243665887,6.364129590978997,6.54070520401001,642024000
2018-06-05,6.543917371439187,6.5836780559166925,6.4992178664673546,6.546140193939209,391712000
2018-06-06,6.456246604314873,6.551325839817572,6.439947320258317,6.548115253448486,371356000
2018-06-07,6.544410079361371,6.55626418806795,6.40240854016811,6.492548942565918,369448000
2018-06-08,6.419945044721785,6.519716296409597,6.401176111447217,6.477239608764648,360456000
2018-06-11,6.464642795892608,6.506131708027877,6.423400706985754,6.436242580413818,265372000
2018-06-12,6.462668702728651,6.496748686247066,6.412535785065475,6.484647750854492,319160000
2018-06-13,6.486127821917135,6.560956236042288,6.471063127184381,6.48020076751709,338208000
2018-06-14,6.525147721117693,6.648133043170649,6.510329849227607,6.591579437255859,430016000
2018-06-15,6.53453251050194,6.605656702720537,6.503662646855872,6.5508317947387695,432260000
2018-06-18,6.506873987392737,6.564168547630911,6.479708824540797,6.546634674072266,356268000
2018-06-19,6.4436510475121525,6.510824177560597,6.297945737501037,6.425129413604736,594932000
2018-06-20,6.4661250729939725,6.530828090550254,6.427846273595946,6.4779791831970215,369780000
2018-06-21,6.509837114006674,6.528111926651796,6.341904977372701,6.349560737609863,359516000
2018-06-22,6.370305381508679,6.383641374257668,6.182122898633195,6.197433948516846,434160000
2018-06-25,6.09124117283232,6.094945405404896,5.816869834352608,5.905281066894531,665816000
2018-06-26,6.018388947483066,6.066545860395572,5.924791119543864,5.976158618927002,478884000
2018-06-27,6.019623159983516,6.08580805821022,5.8158818800001555,5.821315288543701,453892000
2018-06-28,5.8114362929792005,5.960105833447963,5.8037805337442965,5.948251724243164,338012000
2018-06-29,6.013201754227096,6.025796332521215,5.84922070282554,5.8504557609558105,392300000
2018-07-02,5.781061068269142,5.98603693927105,5.760563434065278,5.982332706451416,357572000
2018-07-03,6.016906835363435,6.0228338905295535,5.840578004004036,5.848974704742432,222732000
2018-07-05,5.904046638727551,5.999372700130542,5.86527419108202,5.994433879852295,306216000
2018-07-06,5.9699836455553665,6.116430356594342,5.9487450735440435,6.108033657073975,296352000
2018-07-09,6.182122327117943,6.191753614859191,6.076917689609045,6.155450344085693,303880000
2018-07-10,6.167798134744651,6.27621287979718,6.127543810844772,6.2542338371276855,360016000
2018-07-11,6.161625198114032,6.196199295933689,6.102354643227826,6.112974166870117,367508000
2018-07-12,6.158166704103899,6.25225769246666,6.1482881230165365,6.204347610473633,345508000
2018-07-13,6.222871092331809,6.222871092331809,6.115196795614873,6.157179832458496,246988000
2018-07-16,6.129519939422607,6.182369318371083,6.117172182602028,6.129519939422607,197036000
2018-07-17,6.080375876369563,6.280165654154368,6.054938948356211,6.265100955963135,362136000
2018-07-18,6.257693384328493,6.27152302606882,6.165083772500083,6.215957164764404,277640000
2018-07-19,6.197185596529078,6.257690724461805,6.182121373623716,6.224103927612305,235752000
2018-07-20,6.221636165334273,6.260408613393579,6.185086068664709,6.195952415466309,222352000
2018-07-23,6.16952729890954,6.1712560036652295,6.008015873799267,6.159401893615723,301584000
2018-07-24,6.207311771322909,6.293747477234228,6.124580298038588,6.142114639282227,354620000
2018-07-25,6.151499736925843,6.232749337111001,6.093711064188622,6.220154285430908,319112000
2018-07-26,6.2001503662000355,6.330297340985421,6.183356965047485,6.2935004234313965,325124000
2018-07-27,6.3300517329096015,6.336966553291199,6.170022157867132,6.2238593101501465,295420000
2018-07-30,6.237935809244623,6.243862865019842,5.994186994719472,6.029008388519287,340340000
2018-07-31,6.018635476894755,6.121617293888882,5.979863030994698,6.0470356941223145,283988000
2018-08-01,6.078399577405365,6.133471306202758,6.023080554331581,6.086795806884766,283556000
2018-08-02,6.0156714934528015,6.193234903708827,5.956895533128454,6.189283847808838,269668000
2018-08-03,6.213731055351231,6.249540199367004,6.196938129707256,6.225831985473633,214288000
2018-08-06,6.2132392592640695,6.276954514280771,6.166811052427346,6.273497104644775,207508000
2018-08-07,6.322147785866375,6.364130816722767,6.295476274280007,6.345608711242676,258132000
2018-08-08,6.346843538121106,6.426858069963295,6.312022150661158,6.381911277770996,262100000
2018-08-09,6.399692914126632,6.402409382930159,6.3258522547580744,6.333508014678955,204280000
2018-08-10,6.2517656888826645,6.324618594918003,6.240652517757382,6.292266845703125,256396000
2018-08-13,6.300909521848901,6.4456275502576,6.299180817040954,6.325111389160156,375208000
2018-08-14,6.430315329905347,6.470322830415404,6.347337037124369,6.4562458992004395,466220000
2018-08-15,6.476991441043678,6.5108250694494565,6.319678823230204,6.39821195602417,591136000
2018-08-16,6.467853815635219,6.470323461195038,6.297698863546447,6.357709884643555,801260000
2018-08-17,6.2465778832406516,6.247318823920055,6.019128407167273,6.046047210693359,1143188000
2018-08-20,6.005546564285344,6.252999104098668,5.895402637841754,6.12062931060791,854388000
2018-08-21,6.136930446807845,6.260409930763589,6.1171737482164,6.255964756011963,673988000
2018-08-22,6.2233632645916845,6.495511742638542,6.219905855733647,6.490572452545166,749856000
2018-08-23,6.452047705061095,6.655048033237471,6.438218067769765,6.589850902557373,720684000
2018-08-24,6.59824675659691,6.7372845234364815,6.593801583899908,6.722713947296143,531512000
2018-08-27,6.752349696120892,6.88768324992913,6.720986188596728,6.813595771789551,505776000
2018-08-28,6.807669000126902,6.8303894562175875,6.656282980379223,6.776058197021484,475384000
2018-08-29,6.768398815747922,6.906277405595587,6.747643010485658,6.881320953369141,420108000
2018-08-30,6.850185622991453,6.961131133265249,6.8277001710694005,6.8645172119140625,346608000
2018-08-31,6.844503745123495,6.948283240284816,6.834619759253662,6.935434341430664,306592000
2018-09-04,6.922336831894837,7.047613456523804,6.8939210843091026,7.0100555419921875,391720000
2018-09-05,6.992512643685579,7.027846996897987,6.798790861002018,6.8795905113220215,393156000
2018-09-06,6.86328339021093,6.865754387009713,6.705884711613528,6.738748073577881,322796000
2018-09-07,6.646828642312467,6.842774478655888,6.602104687719215,6.717497825622559,295420000
2018-09-10,6.739981416826478,6.818063097052057,6.696245778720224,6.788411617279053,220140000
2018-09-11,6.742206307570554,6.829677600964378,6.721450503299689,6.740724086761475,243112000
2018-09-12,6.700940495678086,6.720461034008451,6.471884399764803,6.627059459686279,419092000
2018-09-13,6.692789804266481,6.795086635548595,6.67549329551039,6.704650402069092,305536000
2018-09-14,6.794838225891879,6.896393689207975,6.758021177420126,6.830419540405273,386936000
2018-09-17,6.804968893843612,6.8538934938683935,6.749372650339453,6.768645763397217,205528000
2018-09-18,6.7725982694109215,6.875142015038867,6.690068979431646,6.69674015045166,299520000
2018-09-19,6.678207945349268,6.738251779621259,6.628295052989575,6.720460891723633,224860000
2018-09-20,6.598646520038957,6.640899485283004,6.525753757170222,6.579620361328125,430584000
2018-09-21,6.591478703181241,6.636943996137728,6.476579972697522,6.509690284729004,435128000
2018-09-24,6.478804124086679,6.568746413902042,6.391827218478683,6.565287113189697,293912000
2018-09-25,6.631262004574622,6.657206762844947,6.545767310128303,6.6322503089904785,280388000
2018-09-26,6.637191797965088,6.6774681454405584,6.579618946290532,6.595432758331299,268548000
2018-09-27,6.630520886744471,6.651771081947571,6.575913413356341,6.607294082641602,214428000
2018-09-28,6.738995154160988,6.966074234063937,6.711073315945782,6.943835735321045,709396000
2018-10-01,7.021422424633364,7.216626418157375,6.982875730926572,7.149911403656006,622060000
2018-10-02,7.122484349927857,7.233923319338518,7.0565102065126695,7.07874870300293,383964000
2018-10-03,7.148922712280652,7.156335701221132,6.981146162855355,7.084925651550293,320552000
2018-10-04,7.048849363688571,7.073064465721814,6.824240860442195,6.901087284088135,391220000
2018-10-05,6.8763792494402605,6.938399709570502,6.6107530029433645,6.668078899383545,426636000
2018-10-08,6.585054450731145,6.7002001469970525,6.426420067086753,6.5670166015625,408612000
2018-10-09,6.546507678404485,6.64089756978881,6.493629865346399,6.561333656311035,273500000
2018-10-10,6.455576917650011,6.501289641383525,6.0686277648101905,6.070851802825928,684940000
2018-10-11,5.983875575013629,6.1170596121104275,5.788424588402365,5.809921741485596,725436000
2018-10-12,6.066405156008104,6.165984011373858,5.921607957536885,6.091855525970459,608236000
2018-10-15,6.0785125900340375,6.0785125900340375,5.815110385654136,5.816098690032959,449760000
2018-10-16,5.928526238278297,6.085430981888948,5.879354680244968,6.07431173324585,408712000
2018-10-17,6.136331638373234,6.174384415634932,5.956941455350333,6.005866050720215,329668000
2018-10-18,6.075052865651475,6.113352131957192,5.858351239511551,5.918642044067383,524020000
2018-10-19,5.973745503639919,5.993265577881803,5.626331258448691,5.662653923034668,613608000
2018-10-22,5.714790549823224,5.814616367853289,5.610764084445029,5.713307857513428,368844000
2018-10-23,5.446693396156526,5.539601084846252,5.3547744832216,5.462260723114014,626436000
2018-10-24,5.423959349241996,5.470412943975676,4.913463252311688,4.927300453186035,884288000
2018-10-25,4.829947276381597,5.182797430693014,4.78571723338367,5.1356024742126465,951720000
2018-10-26,4.900120171490404,5.061472497382579,4.771878628562228,4.8996262550354,664784000
2018-10-29,5.040470462799425,5.043929763659891,4.349101379465867,4.586558818817139,758016000
2018-10-30,4.609537761042516,5.025890930686624,4.586557922121637,5.016006946563721,807192000
2018-10-31,5.180325571282585,5.252971359393127,5.040964292333446,5.209482669830322,745772000
2018-11-01,5.245804717629337,5.398756223719272,5.119539781804047,5.389366626739502,566528000
2018-11-02,5.37997649083397,5.485485613701496,5.194161649575544,5.310543060302734,452960000
2018-11-05,5.297448783381337,5.320676059903765,5.072346292181324,5.232710361480713,379332000
2018-11-06,5.224802170685713,5.3088141591849825,5.1781011421070176,5.215165615081787,299012000
2018-11-07,5.281635940010454,5.372072180659999,5.218132769231509,5.282624244689941,483812000
2018-11-08,5.223566509948047,5.224307855973232,5.036516377365908,5.089889049530029,511352000
2018-11-09,5.001182481081817,5.172171388814094,4.967577776409541,5.081982135772705,413240000
2018-11-12,4.990804506440388,5.012796045461431,4.661675123678761,4.683419704437256,617116000
2018-11-13,4.781022019519366,5.045906439734066,4.7748442925051275,4.924830436706543,644712000
2018-11-14,5.097547999153058,5.111879587806843,4.7647128884577805,4.872445583343506,526580000
2018-11-15,4.866515799648799,5.072839515433807,4.830687059887577,5.000935077667236,840708000
2018-11-16,4.0355393745942125,4.216906185200407,3.9932859463314143,4.062966823577881,1963520000
2018-11-19,3.997734232135896,3.9984751069736695,3.5737207698359827,3.5754504203796387,1697820000
2018-11-20,3.3125420597976776,3.8116717964470435,3.294010057699916,3.6836771965026855,1692032000
2018-11-21,3.820567379554669,3.8373697318689537,3.5485169285988896,3.575697183609009,1025496000
2018-11-23,3.5411042864079247,3.696279150859607,3.5282553867654127,3.5828630924224854,411968000
2018-11-26,3.703691637153496,3.7921512303935647,3.6214092989740174,3.781773328781128,814832000
2018-11-27,3.7558290071386753,3.8796232094339067,3.7200004972496443,3.7985763549804688,738060000
2018-11-28,3.915945294594356,3.9604222864596554,3.783750052824918,3.955233335494995,804524000
2018-11-29,3.957459192484639,3.9945602780610026,3.861985568722618,3.8921611309051514,549172000
2018-11-30,3.9018073643916384,4.052932853801496,3.8515970834381643,4.04229736328125,729564000
2018-12-03,4.2691100076797435,4.320557032680872,4.139008269364891,4.2057905197143555,890804000
2018-12-04,4.161269012945559,4.166215951133896,3.8708904403672593,3.8859784603118896,812112000
2018-12-06,3.745735851396304,3.9201114113636026,3.730153420796152,3.9151647090911865,692308000
2018-12-07,3.9193695949873932,3.929510677378735,3.601783550134561,3.6510043144226074,681676000
2018-12-10,3.6062352421479384,3.7808582378512963,3.6025250386487686,3.7561240196228027,629472000
2018-12-11,3.8476403366369505,3.8558025958132554,3.5864480429952077,3.6653499603271484,671912000
2018-12-12,3.671038457377919,3.778879199222778,3.581995701440331,3.682910919189453,654136000
2018-12-13,3.729659129380434,3.7937204749432123,3.646799794449515,3.682664155960083,471384000
2018-12-14,3.6411102968297695,3.724711708916402,3.5988150621058814,3.622312545776367,471820000
2018-12-17,3.5923838146649856,3.6643599622546725,3.4934471880581057,3.5513250827789307,662868000
2018-12-18,3.5951044880514167,3.7182804478027554,3.567897039578351,3.634431838989258,564372000
2018-12-19,3.600793292395776,3.654219132304564,3.374476091321274,3.4259231090545654,745364000
2018-12-20,3.4175132200268785,3.507298048652878,3.281970168780476,3.3415794372558594,749588000
2018-12-21,3.368045546761011,3.4009420238946313,3.177345474829577,3.2048003673553467,863740000
2018-12-24,3.128618945125404,3.214941020052393,3.0793979566137915,3.143212080001831,463840000
2018-12-26,3.1892178314133335,3.293101166837844,3.078408971744919,3.292111873626709,695100000
2018-12-27,3.23992198253061,3.2743023900891655,3.0962166815121286,3.2443740367889404,637044000
2018-12-28,3.2649042664283434,3.3982213190004913,3.2231036787085117,3.305715560913086,628728000
2018-12-31,3.348999775898672,3.381401364929753,3.27133460847185,3.3020050525665283,465140000
2019-01-02,3.231265932474815,3.4251813233405146,3.2166727958069883,3.3692822456359863,508752000
2019-01-03,3.309177863997585,3.3430636293693605,3.1582998159622626,3.165719985961914,705552000
2019-01-04,3.2386860009683236,3.4066306700153226,3.208015788753287,3.3685402870178223,585620000
2019-01-07,3.425676183098107,3.5837272164281666,3.374476366534186,3.5468733310699463,709160000
2019-01-08,3.6282481901467687,3.630474453555184,3.3861011187874763,3.4585721492767334,786016000
2019-01-09,3.509771901302659,3.573833471465944,3.4593144099664945,3.5265913009643555,617260000
2019-01-10,3.5072994120081242,3.6007942437554274,3.446948032364207,3.592137336730957,523156000
2019-01-11,3.5698757841367086,3.7039349179272896,3.5421736878643633,3.6811795234680176,874764000
2019-01-14,3.6289902806288747,3.7462300105912045,3.6054927992140615,3.721001148223877,730168000
2019-01-15,3.7536497847506585,3.7929771318155847,3.6885991673420664,3.706902503967285,617012000
2019-01-16,3.734110518255913,3.7670067578894963,3.675985415077157,3.681426763534546,470104000
2019-01-17,3.648529757261722,3.792482265788051,3.6213220771598316,3.7526602745056152,493436000
2019-01-18,3.8023766394178167,3.907496705882418,3.7509296199826263,3.881525754928589,651336000
2019-01-22,3.851349988777855,3.862975008613983,3.6495195660652597,3.6796951293945312,661552000
2019-01-23,3.7348520822329716,3.8234001796369337,3.6613917654151993,3.692556619644165,591020000
2019-01-24,3.7769005278220016,3.9215949145072884,3.772201031450973,3.904033899307251,708972000
2019-01-25,3.8446722994703926,3.979225857998161,3.742273131670087,3.961169958114624,1154572000
2019-01-28,3.3774445392489905,3.5033411860036634,3.24017031254291,3.4135563373565674,2511528000
2019-01-29,3.367550847567004,3.415782548644251,3.240417468264105,3.2550106048583984,1153932000
2019-01-30,3.330944362099958,3.4125669495165596,3.25154780236145,3.398221254348755,974228000
2019-01-31,3.3950055764390172,3.591147220486164,3.373239475276869,3.555530071258545,842852000
2019-02-01,3.574080107297175,3.6307212618017637,3.5265907390049978,3.5797688961029053,625048000
2019-02-04,3.595598668693,3.726936869555318,3.5735853658932677,3.689835786819458,528592000
2019-02-05,3.701708413334939,3.7454878183850253,3.668070088371456,3.708881378173828,542424000
2019-02-06,3.7420251267197253,3.848629364647908,3.7365837785660503,3.784320592880249,702464000
2019-02-07,3.7380677938201123,3.7402938213718713,3.6035142528418165,3.646304130554199,637120000
2019-02-08,3.5792743082967,3.675490016584057,3.5649286154462865,3.6648545265197754,461604000
2019-02-11,3.6208283700271857,3.6749960672125797,3.57408084393874,3.622312545776367,495180000
2019-02-12,3.660649338090661,3.7546390103525136,3.6463034106862824,3.739056348800659,591060000
2019-02-13,3.7684910030988537,3.8543184402777513,3.7548871599384235,3.7813527584075928,605372000
2019-02-14,3.7803632359891957,3.850360798091592,3.7373256814451947,3.8221638202667236,827264000
2019-02-15,4.030425284481418,4.053180443209422,3.868911494579695,3.891666889190674,1516748000
2019-02-19,3.8810310120576945,3.954738777372475,3.861985821478209,3.8743526935577393,551892000
2019-02-20,3.9035387234412444,3.988624062425429,3.8924085864337625,3.9215946197509766,540988000
2019-02-21,3.93420911878508,3.958695655777153,3.8382406134468496,3.8528337478637695,448548000
2019-02-22,3.9045284220580823,3.9562226446169366,3.8909245799602954,3.937424659729004,401740000
2019-02-25,4.020779204193187,4.088055860925728,3.9164009851696213,3.925058126449585,656020000
2019-02-26,3.9203590817077,3.976258165185484,3.852340093394142,3.8857312202453613,488464000
2019-02-27,3.8713846565324657,3.897850016459146,3.7870411676496665,3.8439297676086426,500256000
2019-02-28,3.8377401565705016,3.8600238468726964,3.797134499315095,3.819417953491211,324944000
2019-03-01,3.8691848495966012,3.9157328559809574,3.810999841616156,3.8736417293548584,357188000
2019-03-04,3.912018758171207,3.9347976031872425,3.8253600213897,3.88181209564209,409992000
2019-03-05,3.8662130988863823,3.9135039508695773,3.81198958623039,3.8753743171691895,362924000
2019-03-06,3.866460315212694,3.8748784437879515,3.7619747895213336,3.7646982669830322,403524000
2019-03-07,3.741177514158119,3.7508338899849236,3.6495669725600584,3.695619821548462,450104000
2019-03-08,3.6064849280856133,3.740434514030447,3.585191553100891,3.729787826538086,422416000
2019-03-11,3.7533094740706834,4.012542344270088,3.706266081637575,3.9897637367248535,859728000
2019-03-12,4.017495191948236,4.070233010803532,3.9414831322687927,4.023932933807373,579576000
2019-03-13,4.061319788358291,4.204182689776566,4.0538917335363385,4.174966335296631,768900000
2019-03-14,4.184126771489781,4.196011468076578,4.091525688857443,4.099201202392578,519384000
2019-03-15,4.142284547841406,4.247017829504133,4.138818215956675,4.204431533813477,661484000
2019-03-18,4.235875721586677,4.289604334762103,4.156149620867788,4.183137893676758,486992000
2019-03-19,4.277470670939343,4.394831471395088,4.260634409266724,4.35051155090332,854972000
2019-03-20,4.3794792829241125,4.4327124765415435,4.2834118854468475,4.318075656890869,719148000
2019-03-21,4.341103778806309,4.580529035221039,4.336151742184459,4.554283618927002,824312000
2019-03-22,4.52704957313272,4.575578222703537,4.3809677594723375,4.394833087921143,747644000
2019-03-25,4.354226317013071,4.418353444907615,4.236618042843589,4.3027262687683105,525212000
2019-03-26,4.444103822917671,4.500060519744834,4.323029207869375,4.3792338371276855,703508000
2019-03-27,4.404734708346293,4.451034773354926,4.300744330698513,4.370070934295654,474372000
2019-03-28,4.396069416485582,4.454254662605151,4.335656084598918,4.388641834259033,480264000
2019-03-29,4.455243791129899,4.470099896138313,4.40498200538238,4.445835113525391,456896000
2019-04-01,4.537447435634991,4.54338978523563,4.465892252519744,4.513183116912842,483824000
2019-04-02,4.537199956058425,4.575329599601486,4.49436573598606,4.531009674072266,440920000
2019-04-03,4.580528702250554,4.729086484341547,4.575576665988681,4.670158386230469,783504000
2019-04-04,4.654806651779727,4.703583209838008,4.598602512706384,4.6612443923950195,457376000
2019-04-05,4.704327064503946,4.7451806577978,4.667930587471102,4.727848529815674,481744000
2019-04-08,4.69739368045108,4.773653426197541,4.6733768262720625,4.748646259307861,424192000
2019-04-09,4.715221950029587,4.726363797358077,4.643914221577702,4.686005592346191,439972000
2019-04-10,4.685261180986691,4.782070970973484,4.680804537988265,4.756320953369141,444772000
2019-04-11,4.758796342650025,4.790241244087171,4.693183534569057,4.742455005645752,374600000
2019-04-12,4.781081803558154,4.785043527312434,4.695908756984894,4.7045745849609375,471708000
2019-04-15,4.696898637705237,4.701850673879405,4.5334852219749955,4.573100566864014,440092000
2019-04-16,4.612219330282619,4.6788224455034255,4.579536658908038,4.66000509262085,394964000
2019-04-17,4.694917379370334,4.715715361796158,4.614943847719535,4.637227535247803,351004000
2019-04-18,4.643912209812292,4.6778326574610025,4.584984127363439,4.612714767456055,380988000
2019-04-22,4.5891937719440214,4.682042311390829,4.557749338601909,4.666443824768066,279936000
2019-04-23,4.679566336092608,4.752112286478688,4.669910197465085,4.720914840698242,346856000
2019-04-24,4.731314342912897,4.773901097116765,4.670653554500126,4.733295440673828,318204000
2019-04-25,4.69318538879586,4.7154690819013725,4.548341855862243,4.627820014953613,499296000
2019-04-26,4.474308567948586,4.478765682764023,4.290840064615995,4.409438610076904,868988000
2019-04-29,4.417362120778531,4.467871844571422,4.345311561761806,4.440141201019287,391920000
2019-04-30,4.407953395005332,4.506991743956133,4.3888885777669655,4.481489658355713,362920000
2019-05-01,4.533732455985197,4.575823812477557,4.468119167414932,4.468367099761963,354280000
2019-05-02,4.478022880560282,4.577308679691578,4.4349412148771705,4.535712718963623,394684000
2019-05-03,4.544131206921117,4.554034804968513,4.469852096431354,4.531256198883057,336824000
2019-05-06,4.345312561647405,4.465149394147996,4.308173230879485,4.453017234802246,422176000
2019-05-07,4.404735191064911,4.404735191064911,4.238102919582582,4.286136627197266,555220000
2019-05-08,4.258652189571523,4.386164002424461,4.246767496220745,4.306190490722656,419168000
2019-05-09,4.237360033834992,4.247016172854094,4.095240009746013,4.21383810043335,660248000
2019-05-10,4.183137637306675,4.248503014696945,4.060577318573798,4.1799187660217285,569500000
2019-05-13,4.048196620812912,4.071223161776661,3.90731436932487,3.9231605529785156,656912000
2019-05-14,3.96277581335092,4.047206466862857,3.9241510195799183,4.01204776763916,524880000
2019-05-15,3.956585690514067,3.987535203998536,3.8974103775194577,3.951138734817505,502320000
2019-05-16,3.9456924990787705,4.0088295502210025,3.9033536714913817,3.966242790222168,781088000
2019-05-17,3.9243988357806634,4.053396399499504,3.8362546249082308,3.875622272491455,1022068000
2019-05-20,3.7770789611764095,3.8320453318194754,3.7325115825736925,3.7572712898254395,572064000
2019-05-21,3.8179326268462255,3.8550719546521734,3.779307593697431,3.8392257690429688,361848000
2019-05-22,3.8006010721733703,3.8265985550973993,3.7575191579868314,3.768413543701172,325868000
2019-05-23,3.70626650873821,3.70626650873821,3.587915633723811,3.6475863456726074,591844000
2019-05-24,3.6664025172866244,3.701561208427773,3.587171850251032,3.5938570499420166,357584000
2019-05-28,3.6114380761529805,3.644120765127175,3.5468153148622794,3.5487961769104004,428356000
2019-05-29,3.501256744741537,3.536167747284733,3.4401005662304702,3.474764108657837,559800000
2019-05-30,3.4779873758502218,3.5136819352519106,3.4100685450167556,3.448241949081421,394300000
2019-05-31,3.3994088797142488,3.4665839936190226,3.356030054188708,3.3577651977539062,389720000
2019-06-03,3.3689200673298636,3.407589187225042,3.2868723543429175,3.316122055053711,478644000
2019-06-04,3.3800751227917,3.5498721990499233,3.3580139727479894,3.5446667671203613,641836000
2019-06-05,3.6182864353641984,3.62373984584108,3.46584104857377,3.5020313262939453,511616000
2019-06-06,3.506245378096939,3.588541076371301,3.5037665336174677,3.5640010833740234,408140000
2019-06-07,3.56995004908132,3.6408432012813723,3.5508632311542514,3.6066360473632812,348856000
2019-06-10,3.6626563346899035,3.747678846182901,3.6626563346899035,3.6792643070220947,402780000
2019-06-11,3.7390034027403285,3.7766810829636848,3.697359949519513,3.7367725372314453,383872000
2019-06-12,3.6933929368091096,3.6995900468198903,3.608866389264014,3.6239869594573975,358892000
2019-06-13,3.6460485388141843,3.693393377526362,3.6284491225164235,3.6750504970550537,308080000
2019-06-14,3.5820957802225886,3.606387791213942,3.5407000753888216,3.585318088531494,394428000
2019-06-17,3.583583419045214,3.6319199412390986,3.56077856970314,3.5949859619140625,276040000
2019-06-18,3.6562115384735345,3.8448471865550116,3.6453049548652916,3.7895703315734863,581920000
2019-06-19,3.8247688107189526,3.8361711148415587,3.7694917244333177,3.7955191135406494,331644000
2019-06-20,3.885995016872234,3.899876165789767,3.8054344736815104,3.8198113441467285,350168000
2019-06-21,3.8049387644565194,3.854018743770108,3.7553628271980513,3.761807680130005,434428000
2019-06-24,3.7831250635560445,3.81361418219415,3.7360279741490294,3.784116506576538,282948000
2019-06-25,3.7890742232735475,3.8639336089880127,3.75214025193033,3.7548668384552,311868000
2019-06-26,3.8820289983345857,4.008695191075361,3.8691392925448316,3.94771671295166,584072000
2019-06-27,4.033235703770046,4.065211995295478,3.997293166334973,4.046125411987305,445440000
2019-06-28,4.089998939652155,4.099170615066074,4.024311229187271,4.0709123611450195,397668000
2019-07-01,4.277643639416192,4.311851028416398,4.081571454721185,4.119001388549805,709756000
2019-07-02,4.102391844578389,4.123461777611852,4.008198156968745,4.021335601806641,400228000
2019-07-03,4.04463680121385,4.050338189355726,3.9744873640486977,4.034225940704346,246636000
2019-07-05,3.9759744983874548,3.9804362279079877,3.908551179352314,3.9717605113983154,396552000
2019-07-08,3.9122706362165114,3.93110947574305,3.866908917626089,3.896902084350586,329788000
2019-07-09,3.8547626680172926,3.927391202558349,3.8421209396168536,3.899380922317505,342860000
2019-07-10,3.9427589731733534,4.024806674809341,3.9288778253043866,3.9675469398498535,452076000
2019-07-11,4.0404239269596784,4.162380430510887,4.003242204498823,4.121728420257568,682560000
2019-07-12,4.149490079981708,4.225589129805736,4.149490079981708,4.154695510864258,506392000
2019-07-15,4.175765807919174,4.191877587104491,4.118010105310479,4.146267890930176,289840000
2019-07-16,4.131396002200543,4.168577728434164,4.086034040888224,4.14155912399292,341444000
2019-07-17,4.143293774558623,4.213691445213461,4.11404407145494,4.206750869750977,348204000
2019-07-18,4.217160815944709,4.281113382454656,4.1606443085040645,4.218400001525879,442192000
2019-07-19,4.256574572737633,4.2630191902095085,4.169320948320158,4.175270080566406,344896000
2019-07-22,4.196588319411822,4.2595494651444925,4.189151784923847,4.246659755706787,315940000
2019-07-23,4.28582326101392,4.356220442472948,4.270206497071242,4.3542375564575195,428176000
2019-07-24,4.397368680660208,4.434302653600209,4.321517848638418,4.428601264953613,366236000
2019-07-25,4.387206598808334,4.399848564730551,4.274421767187455,4.297722339630127,392700000
2019-07-26,4.324739894049131,4.386213612469726,4.324739894049131,4.3396124839782715,274160000
2019-07-29,4.3324240653372845,4.349527756106696,4.24541868348631,4.333415508270264,248160000
2019-07-30,4.287063658693779,4.3611793633760145,4.27268654903913,4.349033355712891,197772000
2019-07-31,4.317552133408954,4.318544049392739,4.140071036577182,4.182210445404053,359416000
2019-08-01,4.192621578676747,4.282849534099801,4.035962197152709,4.088016986846924,421212000
2019-08-02,3.995558023452759,4.064716511124463,3.9482134154985826,3.995558023452759,428348000
2019-08-05,3.8123748120530925,3.8136142340433463,3.6909142937551334,3.7377634048461914,589156000
2019-08-06,3.8123750449167093,3.8577367578319723,3.728839936114921,3.776432514190674,361272000
2019-08-07,3.7157027559690916,3.826504692479021,3.6983513174803138,3.8146064281463623,372560000
2019-08-08,3.872113689689733,3.9241682321295746,3.8148537166454655,3.922928810119629,309300000
2019-08-09,3.882028567577463,3.885498854413051,3.7714746375389443,3.821794033050537,341816000
2019-08-12,3.769740219929557,3.8217947688812868,3.732310521570911,3.7541239261627197,279200000
2019-08-13,3.752636911391859,3.9140060061178206,3.713720044265559,3.8681483268737793,351956000
2019-08-14,3.7801506444149013,3.7913052062117063,3.6762895375376137,3.7199161052703857,419880000
2019-08-15,3.738755269714888,3.7585855510051993,3.6534850128874288,3.687692165374756,477200000
2019-08-16,3.9499480341505486,4.004233210635845,3.888721810046788,3.955153465270996,1007960000
2019-08-19,4.068186165550668,4.249137537708656,4.052073914585831,4.233273029327393,815112000
2019-08-20,4.227820082206071,4.228316040190973,4.14007097821964,4.1611409187316895,463188000
2019-08-21,4.227074819267649,4.299455345255577,4.205509401532645,4.244426250457764,427244000
2019-08-22,4.254095421008157,4.2964825715091655,4.211460055121014,4.250625133514404,303488000
2019-08-23,4.1742780845028475,4.228563495368226,4.006711906139541,4.0265421867370605,568056000
2019-08-26,4.1051200958053276,4.129164364303277,4.062980690288697,4.10115385055542,318208000
2019-08-27,4.139326156453118,4.142052742653511,3.981427644240295,4.010677337646484,290968000
2019-08-28,3.9843777508732217,4.052859785496101,3.945173900337365,4.00025749206543,255612000
2019-08-29,4.091567574133514,4.17592983118858,4.088093850840398,4.143673896789551,357976000
2019-08-30,4.189823581943815,4.239448592536736,4.138213722370114,4.156326770782471,290616000
2019-09-03,4.08362756168782,4.116627931832181,4.050627191543459,4.0734543800354,296140000
2019-09-04,4.133996389171437,4.194787015628675,4.133996389171437,4.187343120574951,227728000
2019-09-05,4.289322200571859,4.4659865629680935,4.287585339152025,4.459783554077148,695676000
2019-09-06,4.436457629111296,4.493278057015207,4.394772972102614,4.432735919952393,376976000
2019-09-09,4.46375276513396,4.5649876386334665,4.46226389171977,4.478640079498291,417524000
2019-09-10,4.445886921570617,4.571685817970687,4.436210192599637,4.54513692855835,352812000
2019-09-11,4.559777879101155,4.621808918966737,4.530747208573242,4.573672771453857,361512000
2019-09-12,4.620071283804986,4.6746584193729,4.564243262622348,4.572183132171631,327840000
2019-09-13,4.5056861348251465,4.542656671511425,4.470700447290319,4.514370441436768,324592000
2019-09-16,4.439436668217253,4.505933843259826,4.429015500929482,4.471444606781006,231832000
2019-09-17,4.47814374423788,4.497001228439258,4.431744470381749,4.492783069610596,223048000
2019-09-18,4.485837149876852,4.501468905005792,4.379391665056959,4.465738773345947,258152000
2019-09-19,4.471692874494908,4.4900543855638855,4.379638751098391,4.390308380126953,245476000
2019-09-20,4.389315980085497,4.412887601997053,4.274682658844729,4.284855365753174,350244000
2019-09-23,4.2851027942122215,4.3836078907970535,4.281380611353213,4.33820104598999,249712000
2019-09-24,4.369466098255861,4.398992741117697,4.245404032758619,4.280885696411133,317268000
2019-09-25,4.280388956161692,4.441917996754072,4.2357265399009565,4.422316074371338,308432000
2019-09-26,4.412639759567855,4.421324066519282,4.349367839482623,4.400233268737793,234564000
2019-09-27,4.358549010219323,4.409166456453451,4.201238098987705,4.261780738830566,362056000
2019-09-30,4.287584600438513,4.329269267332629,4.256320627008765,4.319096088409424,186184000
2019-10-01,4.342171473715146,4.491046018894349,4.3126448364203664,4.31735897064209,366008000
2019-10-02,4.295525327069913,4.307435369491787,4.2213362596719195,4.2935404777526855,293372000
2019-10-03,4.29800588359513,4.504941296869655,4.267734807064955,4.4987382888793945,450588000
2019-10-04,4.500971432868056,4.5443934382819275,4.4359631285480425,4.515114784240723,265524000
2019-10-07,4.57987578078856,4.673170328447725,4.571191473068121,4.573672771453857,480984000
2019-10-08,4.482114082791431,4.482114082791431,4.379390802700661,4.397503852844238,444436000
2019-10-09,4.474173273041271,4.533227019421583,4.445391073078044,4.483850002288818,292412000
2019-10-10,4.4816184414725875,4.59228159976039,4.476407857066908,4.541416168212891,309124000
2019-10-11,4.6252826576419315,4.697982854877829,4.606425168454206,4.614861488342285,446404000
2019-10-14,4.606175961127843,4.64910151719913,4.575160446115078,4.628259181976318,200040000
2019-10-15,4.718326171490146,4.9448634100873585,4.704430814802513,4.872410774230957,664124000
2019-10-16,4.8384214502037235,4.94313007246199,4.807405928087032,4.818819522857666,428944000
2019-10-17,4.863232748568946,4.908143152806004,4.766464021904346,4.820803642272949,263436000
2019-10-18,4.821300624617464,4.853805019195491,4.652328127600214,4.726517200469971,307440000
2019-10-21,4.787801700923436,4.876878525396235,4.768944219529625,4.8634796142578125,261868000
2019-10-22,4.9203018050100775,5.025258402248578,4.845864750381245,4.8535566329956055,328720000
2019-10-23,4.771674947710298,4.854796296784841,4.739914997500526,4.840653419494629,279916000
2019-10-24,4.881841793248821,4.918067891470254,4.847849005161255,4.884571552276611,232020000
2019-10-25,4.964963301585127,5.095972796196652,4.957271420404589,5.075130462646484,423092000
2019-10-28,5.11880100719679,5.183313342999633,5.089522349919318,5.130959510803223,330792000
2019-10-29,5.1170629633430345,5.123514432062237,5.015580584244966,5.034934043884277,211236000
2019-10-30,5.061730663629225,5.067437694880544,4.968932130095458,5.0369181632995605,205960000
2019-10-31,5.0160772916046446,5.036919627567306,4.908143428041418,4.987791061401367,209732000
2019-11-01,4.952557217600477,5.059002677306178,4.927496723078887,5.02674674987793,283640000
2019-11-04,5.107634695669968,5.235418937100487,5.0845595239398795,5.223012447357178,376716000
2019-11-05,5.22276535854175,5.248818281598434,5.153042435938191,5.200930595397949,300868000
2019-11-06,5.1768616032258,5.202418072769225,5.064461125716639,5.151801109313965,269012000
2019-11-07,5.238147862634401,5.252787188243311,5.124754967800568,5.169417381286621,280340000
2019-11-08,5.152545073202675,5.187034306800953,5.115078093051343,5.155522346496582,189100000
2019-11-11,5.154779035818744,5.18852384014965,5.068679926912906,5.1654486656188965,243436000
2019-11-12,5.203659881633516,5.256758625704611,5.168674189772201,5.200930595397949,283504000
2019-11-13,5.169664171570918,5.197205955290183,5.108874046498068,5.17512321472168,300188000
2019-11-14,5.184055965640574,5.207628054531678,5.124258259495823,5.205394744873047,518080000
2019-11-15,5.203163341307691,5.254773210795405,4.97836282360961,5.0664472579956055,1053628000
2019-11-18,5.059002242127451,5.293727427889438,5.056024968744003,5.267178535461426,574588000
2019-11-19,5.236161711716423,5.259733324857674,5.102670953310711,5.160731792449951,414564000
2019-11-20,5.13790695555133,5.323503619081088,5.1252524762450085,5.2398858070373535,472588000
2019-11-21,5.235418033874935,5.2909975839068375,5.193484910317572,5.215071678161621,288388000
2019-11-22,5.23765198031653,5.2840512599401555,5.209117762671569,5.23268985748291,224100000
2019-11-25,5.360473574841742,5.493716391664909,5.347571109090329,5.488753795623779,506476000
2019-11-26,5.471135649951697,5.475850257245019,5.377841134297487,5.3842926025390625,385244000
2019-11-27,5.4297343951315495,5.46400044083972,5.392736575824608,5.4190568923950195,215784000
2019-11-29,5.388266895376397,5.416573524581934,5.357973005159174,5.381810665130615,141556000
2019-12-02,5.374857125280522,5.388265925001773,5.18068101535842,5.195827484130859,372036000
2019-12-03,5.012578221912661,5.160320856261252,4.975332231378648,5.15634822845459,465232000
2019-12-04,5.239778996129221,5.2621266847466694,5.1714946025129995,5.200049877166748,273424000
2019-12-05,5.221899592811954,5.237542875235549,5.152621590296779,5.183163642883301,184884000
2019-12-06,5.252192857893439,5.301109490684426,5.2422603447221885,5.268332481384277,232236000
2019-12-09,5.245488458863674,5.322960356609563,5.236797746642978,5.268332481384277,211880000
2019-12-10,5.298378948189027,5.3649256652269965,5.245737847541008,5.313277721405029,256388000
2019-12-11,5.3237060196867665,5.402171084009661,5.321222891078075,5.396708011627197,233796000
2019-12-12,5.367904674619111,5.581945344521159,5.358965790344056,5.56381893157959,404348000
2019-12-13,5.566800594172574,5.6857397939519965,5.507951421432157,5.561834335327148,454704000
2019-12-16,5.609259003698203,5.662893253864731,5.581200077545262,5.590635776519775,320976000
2019-12-17,5.609259825760161,5.6912011848591,5.599824125402804,5.668605327606201,321196000
2019-12-18,5.703367280451248,5.759236487706067,5.694924738269037,5.698897838592529,343548000
2019-12-19,5.733413606342329,5.860050342253355,5.7284473483987375,5.846641540527344,445360000
2019-12-20,5.912939172025918,5.969056556472386,5.893819601347594,5.943729400634766,603044000
2019-12-23,5.9722840686250755,6.0043156215903055,5.919394804297216,5.930071830749512,355060000
2019-12-24,5.9146767160689135,5.94223882710578,5.880410205351006,5.925105571746826,138864000
2019-12-26,5.928583932666879,5.967319898864796,5.909712528087753,5.939261436462402,182852000
2019-12-27,5.95440666121821,5.9678154624624895,5.855332044762571,5.88165283203125,254644000
2019-12-30,5.859801829264254,5.8650162577180085,5.737386372392708,5.768672943115234,258056000
2019-12-31,5.733413233709171,5.852104233361392,5.714293662838255,5.842668533325195,231004000
2020-01-02,5.928334143962491,5.957137584686279,5.877928004293768,5.957137584686279,237536000
2020-01-03,5.837701493917199,5.905489527898822,5.812870682746855,5.86178731918335,205384000
2020-01-06,5.768672347337643,5.891584133115414,5.742600207761552,5.886369705200195,262636000
2020-01-07,5.914676274753172,6.003322015009585,5.869732740939853,5.9576334953308105,314856000
2020-01-08,5.953414011589043,6.0100282182750675,5.913436722472884,5.968809127807617,277108000
2020-01-09,6.054972340158192,6.106620293557009,5.980728525549514,6.03436279296875,255112000
2020-01-10,6.141380497763163,6.171673904695833,6.052486590125505,6.0666399002075195,316296000
2020-01-13,6.149576480886754,6.281923983662668,6.126980149927382,6.256844997406006,319840000
2020-01-14,6.214136653150184,6.239464286738115,6.126980855045936,6.140141487121582,359088000
2020-01-15,6.152804805138233,6.175152494161595,6.071856593539559,6.097680568695068,263104000
2020-01-16,6.151065142101568,6.187069795920927,6.127724301895055,6.181110382080078,284192000
2020-01-17,6.200229594507966,6.207678979782701,6.142374075671657,6.18980073928833,253792000
2020-01-21,6.1533008348531135,6.190050478993046,6.122510605265829,6.156528949737549,217916000
2020-01-22,6.201718929475224,6.296820417703287,6.182847534270319,6.210409641265869,239240000
2020-01-23,6.250388482356197,6.287137649039151,6.161742732978473,6.278695106506348,244516000
2020-01-24,6.393909359136046,6.443570980494994,6.165466753379862,6.219597816467285,373512000
2020-01-27,5.915670309087849,6.015241734130673,5.766437730526591,5.964338779449463,470536000
2020-01-28,6.030140227168706,6.189553496525558,5.977002312846959,6.157273769378662,310976000
2020-01-29,6.142871972143197,6.1788766302299125,6.057205684032846,6.096935272216797,258848000
2020-01-30,5.999348676845142,6.117046493141974,5.944473105422862,6.1036376953125,290504000
2020-01-31,6.05795012762334,6.069868955650473,5.8290111609015804,5.870726585388184,370420000
2020-02-03,5.852600426682379,5.986934708189254,5.846392841617823,5.967566967010498,255564000
2020-02-04,6.109101537748103,6.155535047308561,6.059191742920374,6.136415004730225,271544000
2020-02-05,6.257093597361398,6.267274284490505,6.143368843165741,6.2265520095825195,208220000
2020-02-06,6.260818503807543,6.313210964202881,6.17987029595165,6.313210964202881,218284000
2020-02-07,6.273232574934326,6.2953320882230726,6.221832806853207,6.2471604347229,189752000
2020-02-10,6.269758128770435,6.5304805545828355,6.264791870051904,6.529736042022705,529608000
2020-02-11,6.637748408041317,6.766371455351388,6.575919776508791,6.651901721954346,638556000
2020-02-12,6.704541769773717,6.773819777194949,6.665805817101901,6.767363548278809,374644000
2020-02-13,6.709509062531158,6.790705436408653,6.6821951180236105,6.723662376403809,528016000
2020-02-14,7.132871714549635,7.324316519639701,7.101585147569159,7.195693492889404,1041924000
2020-02-18,7.092644863007366,7.382419720287199,7.0732771260583,7.364044666290283,620164000
2020-02-19,7.486213518147479,7.831857176120988,7.486213518147479,7.814227104187012,694332000
2020-02-20,7.766303106390214,7.854452034035954,7.358582702673338,7.6652421951293945,810052000
2020-02-21,7.553256172115003,7.578335155313168,7.217296402519011,7.301969051361084,768180000
2020-02-24,6.709012016382708,6.999035117860609,6.654632773657176,6.785738945007324,856916000
2020-02-25,6.860728377866259,6.922557012925543,6.40533302083709,6.506890773773193,1055496000
2020-02-26,6.507138012452967,6.839621511425255,6.505648514112078,6.645941734313965,747732000
2020-02-27,6.3331371030939225,6.6337688114067115,6.183815236866364,6.275992393493652,906416000
2020-02-28,6.024058570930446,6.769425868492794,6.007412174890183,6.710044860839844,1133252000
2020-03-02,6.879739659159656,6.896883166091774,6.484694989717539,6.8680620193481445,890744000
2020-03-03,6.92371612752799,6.983345447200676,6.520969308117952,6.606189727783203,652792000
2020-03-04,6.713272364670828,7.0782537123650755,6.63873537880808,7.068812370300293,597408000
2020-03-05,6.8697998032135255,7.03626513615308,6.7455719569568915,6.790045738220215,540328000
2020-03-06,6.610909484146133,6.668302976848197,6.410157130141035,6.609915733337402,515412000
2020-03-09,5.96045217762715,6.444940981492417,5.917718051294053,6.09809684753418,614160000
2020-03-10,6.373881517266222,6.486680507659912,6.111761186532611,6.486680507659912,580648000
2020-03-11,6.347050458285673,6.375374493338396,6.0267911071692835,6.123688697814941,499964000
2020-03-12,5.60168251557704,5.866536307886631,5.361674389912644,5.374345779418945,816540000
2020-03-13,5.726904703049222,5.98828015680967,5.456336697644329,5.9838080406188965,634836000
2020-03-16,5.277447705392959,5.617583927857783,4.820040827756893,4.879670143127441,726972000
2020-03-17,4.991724583367149,5.487394033851727,4.7455051181713985,5.398198127746582,833632000
2020-03-18,4.971599992034838,5.216080282841234,4.489099029153582,5.039179801940918,874268000
2020-03-19,5.0178107182895655,5.384780054624083,4.804884586490451,5.291360855102539,765512000
2020-03-20,5.441178645242527,5.722430433719786,5.096570874469085,5.111975193023682,804636000
2020-03-23,5.110981742226345,5.378568908515311,4.9323421367905205,5.2844038009643555,643876000
2020-03-24,5.689635534109391,6.277482011070205,5.666032412800152,6.191019058227539,1101644000
2020-03-25,6.3058070716234145,6.505068605402999,6.053872942498838,6.102570533752441,793432000
2020-03-26,6.309285031074328,6.515006644099514,6.211393690193772,6.391275882720947,696108000
2020-03-27,6.211392473893671,6.537366419164007,6.178596329213779,6.279221057891846,638828000
2020-03-30,6.344564958091358,6.607928356954407,6.300588285202859,6.598735332489014,602252000
2020-03-31,6.638737263039747,6.842471369775912,6.403946662410681,6.549293518066406,949960000
2020-04-01,6.351769813017478,6.4978615949247445,5.994738920187565,6.039212226867676,656912000
2020-04-02,6.068281658432572,6.3604656947871625,6.02032998749771,6.347297668457031,675764000
2020-04-03,6.309780672048575,6.351272726729449,5.922935360375219,6.060082912445068,663212000
2020-04-06,6.341584180506852,6.70532354856808,6.2841906824190685,6.668551921844482,727884000
2020-04-07,6.889677611131811,6.9132812099097904,6.39276612718909,6.435749053955078,784520000
2020-04-08,6.5445706838750555,6.657369675217783,6.4747546067091575,6.632524013519287,542444000
2020-04-09,6.757995142898604,6.7808528319552455,6.470283210937693,6.533142566680908,525564000
2020-04-13,6.473514482047425,6.713274312781902,6.385312806711786,6.704578399658203,398408000
2020-04-14,6.832531728016859,7.088937907231297,6.804953130241058,7.0548996925354,530948000
2020-04-15,6.887192650096263,7.060366418638952,6.841973904473054,6.977630615234375,366148000
2020-04-16,7.132666503087581,7.42882556643318,7.119498475685138,7.3219895362854,745620000
2020-04-17,7.4039809765502635,7.425348280462446,7.129189174090118,7.2628583908081055,539120000
2020-04-20,7.136642200158554,7.292175341512701,7.087696299119069,7.131921291351318,449388000
2020-04-21,7.0141527743230325,7.075272471908903,6.636500013605862,6.696129322052002,735160000
2020-04-22,6.88793839640193,7.152295573797261,6.8424713294529536,7.109560966491699,483356000
2020-04-23,7.151550600664706,7.283231848447864,7.031297726274832,7.056391716003418,424160000
2020-04-24,7.046203587942154,7.1970158065298095,6.971666595888947,7.195028305053711,352328000
2020-04-27,7.32919543452104,7.540631210935533,7.30459808693572,7.381122589111328,479388000
2020-04-28,7.5282088970585805,7.558023795022882,7.233540652145725,7.239006519317627,442904000
2020-04-29,7.3734203929741255,7.468082150925123,7.298386754372791,7.415409564971924,379160000
2020-04-30,7.361494217734316,7.4154093460717885,7.247950249284272,7.261863708496094,375916000
2020-05-01,7.064838190964827,7.177885523416327,6.9776302758674795,7.0258307456970215,342096000
2020-05-04,6.978624046997186,7.250931680845557,6.978624046997186,7.237266540527344,317556000
2020-05-05,7.3411220220379825,7.460380664354772,7.237267230059776,7.2981390953063965,368896000
2020-05-06,7.37739587501728,7.503362917200423,7.339630499507867,7.3987627029418945,323464000
2020-05-07,7.537649417392085,7.6377770415196595,7.486467694868089,7.574669361114502,373732000
2020-05-08,7.646224657266343,7.770452516763413,7.612434759096941,7.7642412185668945,339216000
2020-05-11,7.759271740488808,8.062388011187469,7.730699390591938,8.015678405761719,469060000
2020-05-12,8.073320725621777,8.122017838593292,7.7446137913889,7.754303455352783,493060000
2020-05-13,7.868592632588932,8.02859789180375,7.547836208662022,7.731942176818848,625852000
2020-05-14,7.793309777295403,7.986359954701041,7.640012472403953,7.980894088745117,602312000
2020-05-15,7.841015060461227,8.447992184242215,7.825362416366955,8.438302993774414,987660000
2020-05-18,8.706385238881781,8.86142174364779,8.626879484814598,8.696198463439941,774460000
2020-05-19,8.735950260536658,9.031363868480941,8.708619983245251,8.751106262207031,717320000
2020-05-20,8.935461979417953,8.987140816354259,8.833843488059705,8.914591789245605,587536000
2020-05-21,8.995587009812692,8.99658028664725,8.683526534995123,8.721043586730957,761068000
2020-05-22,8.770734713042978,9.036831514550855,8.65942703996952,8.97049331665039,1038764000
2020-05-26,9.100185812231855,9.12503194861191,8.618430459053387,8.663897514343262,770780000
2020-05-27,8.571722899357706,8.579424587408813,7.9473535129374895,8.472589492797852,1175892000
2020-05-28,8.360285927330377,8.706385125248028,8.327489780511128,8.434575080871582,734896000
2020-05-29,8.501655807672739,8.820672988891602,8.432585161228797,8.820672988891602,745256000
2020-06-01,8.778685676901018,8.786139044935808,8.635823453606509,8.751852035522461,389876000
2020-06-02,8.741914591556846,8.78266074460048,8.604518233665114,8.770734786987305,391320000
2020-06-03,8.76775199001811,8.811479859344383,8.646256620985332,8.715327262878418,365440000
2020-06-04,8.67804533176041,8.892063372207687,8.62783444992384,8.716325759887695,424280000
2020-06-05,8.744164653127928,8.945505028883574,8.658159572680956,8.868946075439453,481748000
2020-06-08,8.82644215114005,8.838870419678996,8.636038460046933,8.754606246948242,387736000
2020-06-09,8.749634122486231,9.0576108996986,8.70116321490873,8.99422550201416,468488000
2020-06-10,9.115279467841278,9.44562750483646,9.101110275596922,9.313139915466309,632180000
2020-06-11,9.097626534337008,9.2082396818831,8.735710639738112,8.745902061462402,583652000
2020-06-12,9.110057459617575,9.134665556600186,8.653435597146515,8.881373405456543,570908000
2020-06-15,8.76479584104821,9.129694925278905,8.693704301366452,9.121243476867676,400004000
2020-06-16,9.172198981222923,9.213709970031696,8.788159278394854,9.016593933105469,535716000
2020-06-17,9.061587043912771,9.245776080449938,9.0183351251666,9.183136940002441,408304000
2020-06-18,9.174189555536868,9.229371931959877,9.062333258974562,9.165241241455078,254408000
2020-06-19,9.189599539573098,9.39093989515145,9.174436620303387,9.20824146270752,524160000
2020-06-22,9.246769799517342,9.47669600474337,9.22017234709144,9.472221374511719,398468000
2020-06-23,9.496335851720122,9.587312445139947,9.353657775615257,9.395914077758789,375108000
2020-06-24,9.422010504543877,9.501801913604517,9.092159424758266,9.182639122009277,449372000
2020-06-25,9.302201948489339,9.450597738483603,9.129694924322715,9.435683250427246,376072000
2020-06-26,9.445625718185534,9.445625718185534,9.072772071415052,9.10260009765625,592084000
2020-06-29,9.117270025010692,9.151821129116007,8.849063262822737,9.147346496582031,342248000
2020-06-30,9.260688628625926,9.471723508714437,9.213460850621935,9.443387031555176,367892000
2020-07-01,9.466256631521325,9.520942134354888,9.359123415191961,9.47545337677002,326648000
2020-07-02,9.583834143006426,9.681770659448569,9.52343181901087,9.55723762512207,364056000
2020-07-06,9.685992386533162,9.852036371881187,9.656909656197096,9.782934188842773,315892000
2020-07-07,9.889321207970426,10.012362642023092,9.79436782317376,9.815247535705566,357800000
2020-07-08,9.936549995462096,10.16647718547054,9.90846194337441,10.157527923583984,365480000
2020-07-09,10.320836753485086,10.50950040463489,10.174926255888597,10.44884967803955,494548000
2020-07-10,10.528144672391011,10.594263768223163,10.319346579441985,10.419271469116211,497676000
2020-07-13,10.534357598250097,10.730478013100093,9.967619466000675,9.99471378326416,457076000
2020-07-14,10.01733538240931,10.343209704716779,9.729492105255805,10.317606925964355,542676000
2020-07-15,10.35464256132505,10.373284483795743,9.998194021875896,10.168712615966797,403984000
2020-07-16,9.957677561652746,10.14832961882827,9.8388613835981,10.076742172241211,344964000
2020-07-17,10.16697116307491,10.189839280008584,10.030009945758627,10.143108367919922,266284000
2020-07-20,10.215443985468063,10.470972981230924,10.098616209013986,10.450590133666992,284852000
2020-07-21,10.452826194760581,10.49955806042744,10.227871487131212,10.26938247680664,277036000
2020-07-22,10.308159471542753,10.54181405224988,10.23259426307041,10.37900161743164,367292000
2020-07-23,10.390186231450889,10.48663114543935,9.973833257090856,10.071769714355469,411660000
2020-07-24,9.81847816844015,10.305424880752557,9.721039518759067,10.136149406433105,473292000
2020-07-27,10.173683955005732,10.381984204127468,10.159266334109978,10.36185073852539,292132000
2020-07-28,10.31487200985098,10.322577211722987,10.150816447226648,10.15703010559082,271636000
2020-07-29,10.331277485949975,10.456058901678837,10.287778082878747,10.405599594116211,284508000
2020-07-30,10.315618860396064,10.562199580657735,10.236325247506235,10.553251266479492,308880000
2020-07-31,10.502791478278828,10.704879069341306,10.373286978905037,10.553997039794922,386080000
2020-08-03,10.671070091242163,11.035223811270463,10.65391876498306,10.947230339050293,412720000
2020-08-04,10.986755156389975,11.163487434387207,10.843579291958523,11.163487434387207,310336000
2020-08-05,11.1796422711166,11.306660504702798,11.102337090051451,11.222146987915039,249924000
2020-08-06,11.28478763323173,11.29299064832197,11.114766846759562,11.27061939239502,244316000
2020-08-07,11.24775201691962,11.43890190925991,10.974326380325055,11.135398864746094,342516000
2020-08-10,11.269378890384155,11.342954759845608,10.79436251780805,11.101097106933594,427796000
2020-08-11,11.010370441200232,11.073010544389208,10.73396165780308,10.787901878356934,354512000
2020-08-12,10.927843787475073,11.401367625316079,10.895529538580869,11.374771118164062,464412000
2020-08-13,11.479915466163844,11.654660281162782,11.290754924571592,11.3775053024292,374460000
2020-08-14,11.464003626882874,11.637753708506512,11.375016435781998,11.497809410095215,366436000
2020-08-17,11.7834188931569,12.338722598462818,11.749614046414314,12.266388893127441,621300000
2020-08-18,12.378738548976475,12.424475732256816,12.017071072878116,12.190571784973145,503448000
2020-08-19,12.226118780820213,12.244512270420488,12.028754304798474,12.069023132324219,622624000
2020-08-20,11.906459125153898,12.304169267650222,11.810759499849118,12.071508407592773,921388000
2020-08-21,12.13191156434554,12.73543767305914,12.125448525163229,12.610904693603516,999868000
2020-08-24,12.810005854568152,12.838591712311562,12.4359091717163,12.647441864013672,490564000
2020-08-25,12.558457077831811,12.688209996319047,12.50178316041745,12.677024841308594,289076000
2020-08-26,12.725991685415721,12.79484543135099,12.605187089337212,12.699892044067383,321244000
2020-08-27,12.708342781689355,12.776451226157715,12.494573218918223,12.555970191955566,317604000
2020-08-28,12.602452571208635,13.072744846722001,12.570138325242661,13.07249641418457,537160000
2020-08-31,13.107296770619834,13.497301743517985,12.963127187794592,13.29794979095459,500840000
2020-09-01,13.406857617406526,13.917820106850497,13.36359369973899,13.746007919311523,511316000
2020-09-02,14.6239656123547,14.646841525282102,13.82457680383725,14.268654823303223,874012000
2020-09-03,13.753712472441025,13.809159857079546,12.808867526231621,12.944875717163086,945128000
2020-09-04,12.714381712126338,13.103509297412081,11.641237117895182,12.554007530212402,1463684000
2020-09-08,11.670827490333822,12.481902772745954,11.640742031689909,11.848359107971191,795728000
2020-09-09,12.332717152096508,12.739746817327525,12.165379994058032,12.646008491516113,736200000
2020-09-10,12.918767098090333,12.994354914581717,12.100978478450475,12.244943618774414,698684000
2020-09-11,12.417750894908565,12.583844529119057,11.831200737246611,12.098492622375488,636928000
2020-09-14,13.010020502713123,13.242750033631548,12.562710979011644,12.80240249633789,1201744000
2020-09-15,13.207939772230896,13.226588220643817,12.758144242528516,12.92050838470459,727556000
2020-09-16,12.88694277948844,13.02170750232912,12.445849671255177,12.446595191955566,556384000
2020-09-17,12.066418385960583,12.521436376153515,11.969447587657047,12.39587116241455,792512000
2020-09-18,12.525413979484178,12.563953411285826,11.923697276841326,12.123108863830566,698460000
2020-09-21,11.86029133531131,12.454548957933197,11.839902392739468,12.44932746887207,721044000
2020-09-22,12.506767294795011,12.579371147984176,12.08954412011194,12.56917667388916,646452000
2020-09-23,12.507264838221865,12.657943496885007,12.013708288878673,12.057966232299805,647012000
2020-09-24,12.006745263131892,12.50129674587653,11.948810907879453,12.280998229980469,731240000
2020-09-25,12.379958380976724,12.813592456026164,12.179303301507392,12.803894996643066,588016000
2020-09-28,12.969493035987947,12.980930993277246,12.680818115759017,12.964271545410156,573808000
2020-09-29,12.867299142520546,13.369807555834509,12.863072628599586,13.153985023498535,621460000
2020-09-30,13.086106534449147,13.548583556057018,13.078896040511102,13.457082748413086,689184000
2020-10-01,13.683348208064956,13.688071736035704,13.387710370072455,13.540626525878906,525004000
2020-10-02,13.153239241621401,13.446140634224474,12.98018265968585,12.991372108459473,552496000
2020-10-05,13.164180603468921,13.570215266382487,13.151002149843272,13.568474769592285,479820000
2020-10-06,13.754959134781902,14.065266513786883,13.590854453288832,13.661966323852539,784420000
2020-10-07,13.923785773213117,14.042637510880455,13.788274589231673,13.888229370117188,418084000
2020-10-08,13.998625545872363,14.008074497442983,13.683346224032253,13.763657569885254,378900000
2020-10-09,13.692298713449562,13.749238090470126,13.586625429092514,13.688071250915527,346892000
2020-10-12,13.91359008305016,14.269150288914334,13.837008235079223,14.14880657196045,434744000
2020-10-13,14.218922098358702,14.270639972618255,13.942679257601986,14.170933723449707,344604000
2020-10-14,14.212956496432877,14.264922886129455,13.884250206462303,14.018766403198242,276100000
2020-10-15,13.735810371723643,13.92975196281535,13.693043477475365,13.894196510314941,267224000
2020-10-16,13.960583081994502,14.044873382772966,13.717658144910136,13.736555099487305,242392000
2020-10-19,13.82756066882384,13.90762351790688,13.334003224238439,13.42451000213623,298068000
2020-10-20,13.509794959370556,13.724871990223454,13.43371011402251,13.57145881652832,229212000
2020-10-21,13.55106984318131,13.716666494155783,13.404370150058263,13.451363563537598,219596000
2020-10-22,13.449126364383108,13.537891703010716,13.15995348572998,13.28850269317627,290480000
2020-10-23,13.37701985042523,13.519493036025253,13.219131648332377,13.516509056091309,233484000
2020-10-26,13.354143296213284,13.618451231858877,12.967751138200027,13.06994342803955,336896000
2020-10-27,13.23379931227968,13.369061984732776,13.11992056172702,13.324057579040527,250520000
2020-10-28,13.126387847890996,13.188051710193019,12.540584001520877,12.558485984802246,376520000
2020-10-29,12.768838326092173,13.121166120183615,12.680818504298344,12.95333194732666,320080000
2020-10-30,12.78027345863708,12.866303309085502,12.23325768967022,12.465988159179688,416820000
2020-11-02,12.589068316716522,12.767096951899822,12.32774434236848,12.512486457824707,299652000
2020-11-03,12.639541166978166,13.033889318221213,12.534364903155558,12.948853492736816,272900000
2020-11-04,13.316598246406535,13.752470792021674,13.264631851760678,13.719400405883789,410228000
2020-11-05,14.085653088319836,14.261194749998864,13.915083461408287,14.083166122436523,319028000
2020-11-06,14.03318896935885,14.509589961526343,13.819604883139405,14.482985496520996,383348000
2020-11-09,14.47353602436871,14.611781731679114,13.536896506652354,13.556787490844727,582976000
2020-11-10,13.532668624695363,13.532668624695363,12.559727213621446,12.700708389282227,644068000
2020-11-11,12.98292010915212,13.362101817836644,12.877992334373559,13.345193862915039,404744000
2020-11-12,13.405860329921897,13.691302714348726,13.243744694427015,13.3837308883667,365812000
2020-11-13,13.553305579639913,13.594580483530914,12.988387818739444,13.224847793579102,346312000
2020-11-16,13.101024751247351,13.575436751077367,13.084614759446428,13.441915512084961,413776000
2020-11-17,13.478961861207623,13.522474277402354,13.231561881843696,13.349418640136719,312028000
2020-11-18,13.392184564746637,13.531922248694801,13.113455665930692,13.35588264465332,510924000
2020-11-19,13.141057386140876,13.414316335999356,13.028919120198557,13.36732292175293,565936000
2020-11-20,13.380995847364288,13.421275773566174,12.994105766643468,13.016733169555664,341088000
2020-11-23,13.099781223360337,13.309884305156885,12.94487607234443,13.068700790405273,361356000
2020-11-24,13.071187820752932,13.090581792368083,12.815085336874446,12.88744068145752,346500000
2020-11-25,12.961782239367743,13.197495724792077,12.949350257598425,13.162934303283691,259916000
2020-11-27,13.302426146106399,13.334750064003929,13.099035582696706,13.189292907714844,167276000
2020-11-30,13.193022390006243,13.339722070023917,12.901860540365371,13.328781127929688,286952000
2020-12-01,13.419039943942463,13.455341867991653,13.156471550429629,13.317344665527344,296948000
2020-12-02,13.278058816081627,13.599306136815693,13.162439563503987,13.471006393432617,283360000
2020-12-03,13.517766430386201,13.589894576674254,13.260593943208093,13.327249526977539,199520000
2020-12-04,13.37947715956388,13.490405637857798,13.320034212669325,13.488664627075195,202244000
2020-12-07,13.531446072669704,13.660779007324052,13.430716006232535,13.536917686462402,223244000
2020-12-08,13.515278179379305,13.528957686598924,13.213335648092489,13.281484603881836,271920000
2020-12-09,13.232238946348641,13.345156083678086,12.802207321709657,12.864386558532715,401300000
2020-12-10,12.802954326775467,13.00167911942457,12.783553675745933,12.90567398071289,207764000
2020-12-11,12.900697287883272,12.95317714039091,12.75718771417098,12.94646167755127,209264000
2020-12-14,13.020828245041423,13.32003447401288,13.010382180140862,13.240445137023926,270156000
2020-12-15,13.370773808172196,13.394899381914428,13.119072953503997,13.29193115234375,193016000
2020-12-16,13.353611291227617,13.36828606791019,13.144689037378825,13.174535751342773,223116000
2020-12-17,13.298149849964076,13.310835037690895,13.110866383535702,13.272781372070312,231384000
2020-12-18,13.310335327964504,13.336201912214122,13.003419287690592,13.203885078430176,342064000
2020-12-21,13.007646335173467,13.301380961244586,12.900946562414616,13.263824462890625,302332000
2020-12-22,13.250891065643227,13.268798334208665,12.987002216302992,13.210101127624512,185580000
2020-12-23,13.187963528557235,13.206866064735273,12.938252325336324,12.942480087280273,179144000
2020-12-24,12.970337770352513,13.0650990425598,12.872344005635338,12.927061080932617,97884000
2020-12-28,12.9954590638984,12.9954590638984,12.69774525994913,12.833792686462402,212564000
2020-12-29,12.858663762892384,13.005406770053444,12.776338151206707,12.876819610595703,170372000
2020-12-30,12.923580016159637,13.145933201726493,12.830560696633615,13.078282356262207,225396000
2020-12-31,13.069080738298597,13.083505986905843,12.84871713388404,12.987998962402344,192424000
2021-01-04,13.03699376973847,13.582430131628756,12.895970952732675,13.046195983886719,560640000
2021-01-05,13.032515940766679,13.374501665941567,13.019831705704025,13.33595085144043,322760000
2021-01-06,13.154638288108194,13.177022849780169,12.521405575778882,12.549758911132812,580424000
2021-01-07,12.900944926798237,13.309090007060597,12.8203612761621,13.2755126953125,461480000
2021-01-08,13.293920064625954,13.35211916574799,12.975064589250893,13.208609580993652,292528000
2021-01-11,13.349880341033488,13.889347964433247,13.293919414175052,13.551589965820312,518344000
2021-01-12,13.681917255790076,13.683907795701348,13.276509362154492,13.415541648864746,291476000
2021-01-13,13.42076462097778,13.555071983938621,13.316303971194731,13.462300300598145,210028000
2021-01-14,13.505329377959594,13.529952111631886,13.112854274727429,13.132502555847168,283120000
2021-01-15,13.160108417536335,13.256859277308203,12.782556721687804,12.793499946594238,277780000
2021-01-19,12.949446142963154,13.02679731028673,12.77808038942773,12.95840072631836,226188000
2021-01-20,13.04445641294081,13.36157087660753,12.989739333786316,13.29715347290039,258572000
2021-01-21,13.349631654463508,13.927401511527409,13.184981367786673,13.796327590942383,337780000
2021-01-22,13.669482236438519,13.77071039880611,13.557310847947868,13.642123222351074,246820000
2021-01-25,13.711019017208473,13.757529155129262,13.168567410462774,13.583178520202637,251112000
2021-01-26,13.510799710027586,13.574719948658196,13.31879041384867,13.36629581451416,163980000
2021-01-27,13.162100437127794,13.164836718249127,12.728089628381658,12.85145378112793,371272000
2021-01-28,12.929547927045675,13.271285077100378,12.893981023989753,12.984016418457031,228316000
2021-01-29,13.007896642574716,13.266313924856322,12.845235919916684,12.923084259033203,271552000
2021-02-01,12.986257425752575,13.202640890001744,12.836529537314517,13.16906452178955,217204000
2021-02-02,13.329982105238058,13.50234215963588,13.21731262471154,13.487171173095703,220440000
2021-02-03,13.566015475389744,13.860248208938296,13.447129576053145,13.461057662963867,245408000
2021-02-04,13.461557459643114,13.60332605704869,13.269299537299188,13.594123840332031,201340000
2021-02-05,13.654558033830845,13.666745108660233,13.476227305081746,13.521245002746582,169152000
2021-02-08,13.656798344420974,14.399467130873976,13.656798344420974,14.364646911621094,434624000
2021-02-09,14.267150822390528,14.508406578958365,14.1495078057165,14.190049171447754,287560000
2021-02-10,14.389022648859505,14.828505098313626,14.267897609078004,14.688477516174316,485352000
2021-02-11,14.903368657320849,15.193869871578354,14.84840204460825,15.172479629516602,450828000
2021-02-12,14.972758655967848,15.212770519830906,14.699169476852274,14.884464263916016,374756000
2021-02-16,14.986934217901354,15.293602580290248,14.873270412570719,15.251568794250488,321960000
2021-02-17,15.09313568691804,15.145366956291253,14.704142665462815,14.829496383666992,274756000
2021-02-18,14.653408193835052,14.796917793200864,14.500198268904695,14.75289535522461,233868000
2021-02-19,14.947392102824939,15.099109603751891,14.770554704491088,14.849895477294922,271724000
2021-02-22,14.69892327018391,15.055583866437722,14.251481515501311,14.282073974609375,325884000
2021-02-23,14.003011915069953,14.165673573330455,13.320781350681472,14.069419860839844,391780000
2021-02-24,14.050268938182565,14.43229798344174,13.68540047372523,14.42458724975586,448320000
2021-02-25,13.973412803941994,14.300973298154094,13.148419454042376,13.239200592041016,824436000
2021-02-26,13.681917670854737,13.783394411878966,13.29242744323524,13.644113540649414,500932000
2021-03-01,13.80379015389627,13.853533731594203,13.483691763689485,13.770710945129395,353184000
2021-03-02,13.828660812201646,13.849055782455864,13.32724777396713,13.337445259094238,264116000
2021-03-03,13.35734404205113,13.382463937464099,12.733063976194641,12.739033699035645,377592000
2021-03-04,12.735053297663734,12.90840960500294,12.021733103971219,12.3067626953125,573344000
2021-03-05,12.48558876020493,12.48558876020493,11.619307359237807,12.397542953491211,542840000
2021-03-08,12.38610197088301,12.407242680598653,11.507136309244094,11.5337495803833,543112000
2021-03-09,12.072162894881668,12.55633302167621,12.001502787753068,12.460295677185059,521824000
2021-03-10,12.779007652547866,12.917839263049766,12.397842388909234,12.408540725708008,384376000
2021-03-11,12.887983737424646,12.983773338654254,12.673515863827634,12.931275367736816,299916000
2021-03-12,12.587677234677724,12.827025929600989,12.529706717484979,12.794432640075684,243964000
2021-03-15,12.803142092591518,13.143504301301956,12.706109160796741,13.12807846069336,221988000
2021-03-16,13.29253611095089,13.447789171984342,13.053934351963948,13.227599143981934,272128000
2021-03-17,12.977303509185077,13.388823115161827,12.92729410030536,13.277359962463379,243864000
2021-03-18,13.073592309996888,13.12086450040622,12.656100861548346,12.661574363708496,293896000
2021-03-19,12.688941772839797,12.85962068483066,12.552100433738472,12.784233093261719,299208000
2021-03-22,12.850912459188029,13.330354946608361,12.844940676234321,13.123102188110352,297804000
2021-03-23,13.190778334583692,13.280596165418768,12.958894309878364,13.008157730102539,222048000
2021-03-24,13.08827199431577,13.096234056461167,12.576236134148308,12.5824556350708,245840000
2021-03-25,12.439642442353005,12.653861664457352,12.21323193641956,12.475220680236816,295144000
2021-03-26,12.494379826753573,12.794685017145731,12.314246825391695,12.777766227722168,363968000
2021-03-29,12.758856522679663,12.999946887154547,12.639182621038824,12.88624382019043,273520000
2021-03-30,12.780498881120975,12.913110974068267,12.644154899011061,12.81010627746582,200204000
2021-03-31,12.953169750877729,13.405990711832604,12.92032779315816,13.284326553344727,314776000
2021-04-01,13.507254271126333,13.803577899001159,13.446545573751832,13.745607376098633,308276000
2021-04-05,13.801089845669066,13.946887903270396,13.667233455346796,13.920515060424805,255672000
2021-04-06,13.93270950413527,13.986948147819483,13.707543251704816,13.795121192932129,191744000
2021-04-07,13.814273324654918,14.175286129704963,13.645834343962287,14.075765609741211,251284000
2021-04-08,14.184492726916227,14.402195114009539,14.180759888744676,14.248435020446777,244416000
2021-04-09,14.145930293598289,14.339001489543403,14.107117501169766,14.331039428710938,195172000
2021-04-12,14.22131825641827,15.27897874166865,14.071538686150255,15.136165618896484,869324000
2021-04-13,15.158556624947309,15.624813133725874,15.053312973975865,15.604411125183105,676212000
2021-04-14,15.55017231465496,15.645214960249273,15.15457589300585,15.203839302062988,385500000
2021-04-15,15.587492029138685,16.13659985814199,15.556640352730028,16.059968948364258,598480000
2021-04-16,15.976123314232588,16.08833436820493,15.789272566562536,15.836297035217285,335208000
2021-04-19,15.46209570767448,15.731797798065214,15.160048993973174,15.288182258605957,404420000
2021-04-20,15.24986717123968,15.422785011070824,14.891342877489341,15.09859561920166,334132000
2021-04-21,15.046344759309688,15.288927991204352,15.029924257433608,15.286937713623047,216776000
2021-04-22,15.301370575475275,15.364566882387335,14.712702932237502,14.779133796691895,277788000
2021-04-23,14.862732969877133,15.261564023839027,14.828896342837304,15.192148208618164,227500000
2021-04-26,15.112282067435485,15.404873825568805,15.052568979496371,15.403878211975098,197796000
2021-04-27,15.503895773425132,15.59545520137398,15.28096851185869,15.308088302612305,164572000
2021-04-28,15.290920597634818,15.457867612223833,15.14263398051159,15.203590393066406,209416000
2021-04-29,15.32625115862929,15.362576342418699,14.999324504524623,15.251361846923828,173196000
2021-04-30,15.10182993711183,15.29141694360073,14.92517926148376,14.93761920928955,201912000
2021-05-03,15.052568004352894,15.173734835232782,14.716684635138343,14.765698432922363,203912000
2021-05-04,14.567154756246032,14.567403422368976,13.94315749215213,14.282524108886719,405324000
2021-05-05,14.638556530492483,14.74255683476457,14.318596405874235,14.389256477355957,292024000
2021-05-06,14.42583212858032,14.50146837786924,14.149910536895737,14.453449249267578,193380000
2021-05-07,14.737336239196171,14.899057484920897,14.601489557572949,14.741316795349121,229328000
2021-05-10,14.716434736221853,14.73509513395343,14.181758011696585,14.197432518005371,268904000
2021-05-11,13.758792529289508,14.28600545214214,13.684151890616677,14.237737655639648,285584000
2021-05-12,13.94241106998926,14.191960821269014,13.643599798612323,13.69261360168457,303408000
2021-05-13,13.966541791864056,14.013317589093692,13.394544329389682,13.599806785583496,285404000
2021-05-14,13.823483068810868,14.25938527455248,13.68266022181972,14.174792289733887,258616000
2021-05-17,14.089201626218934,14.101392907740392,13.787155864136253,14.097661018371582,216980000
2021-05-18,14.19867545367631,14.335268109499602,13.936934476221778,13.948628425598145,186256000
2021-05-19,13.50153158198769,14.012075380470698,13.478393295136081,13.998391151428223,344000000
2021-05-20,14.234005637482559,14.613430225210289,14.202159294293685,14.542521476745605,321592000
2021-05-21,15.091132453121565,15.149103926583816,14.79829204158811,14.91995620727539,672992000
2021-05-24,15.139647605689639,15.669597751616458,15.10332242541384,15.537235260009766,554816000
2021-05-25,15.690495669194577,15.742744016405416,15.408353645148921,15.5728120803833,435408000
2021-05-26,15.658898360229065,15.718113155116562,15.511607371227688,15.624812126159668,370440000
2021-05-27,15.624565789324397,15.67457520145046,15.385964013483283,15.413829803466797,581476000
2021-05-28,15.426765997018279,16.19954708212294,15.426765997018279,16.166704177856445,644536000
2021-06-01,16.19208753443209,16.309771158745168,15.827093093833488,16.186613082885742,472804000
2021-06-02,16.174416952438033,16.837725105726086,16.1577468358446,16.69789695739746,594168000
2021-06-03,16.62077403418186,17.17635111968771,16.503587746671425,16.888484954833984,580008000
2021-06-04,17.030550709204036,17.576424107008513,17.01363381979466,17.49407196044922,617120000
2021-06-07,17.487104196499413,17.727197966588108,17.110416805068787,17.534624099731445,575756000
2021-06-08,17.443312869189647,17.53711123572053,17.16838498606947,17.37339973449707,323848000
2021-06-09,17.435864226348606,17.4948438746544,17.17704981871262,17.279081344604492,381656000
2021-06-10,17.27086704833761,17.412219583949422,17.097660874799708,17.345523834228516,287772000
2021-06-11,17.39977791669959,17.857432176144524,17.364191530157925,17.74395179748535,416308000
2021-06-14,17.82433623634231,17.957226532251276,17.582195733025387,17.93657112121582,321376000
2021-06-15,17.83329490038093,17.934082819672014,17.647147489049146,17.70737075805664,243032000
2021-06-16,17.709609271497378,17.872860848959444,17.50429881095447,17.729019165039062,307124000
2021-06-17,17.693435236474446,18.749097779560163,17.675268955812072,18.572158813476562,809656000
2021-06-18,18.698327387768984,19.286631467550436,18.49923881961197,18.553739547729492,968856000
2021-06-21,18.3511693418325,18.451959152942997,17.741463607959098,18.34320640563965,672384000
2021-06-22,18.38725274124048,18.877258052337343,18.3021419888777,18.800607681274414,580144000
2021-06-23,18.921059344157953,19.065398486357704,18.82151504268745,18.970333099365234,332356000
2021-06-24,19.140058125456942,19.331430625682103,19.00119278333372,19.117908477783203,320924000
2021-06-25,19.192566694456715,19.257270776737716,18.80832746643894,18.944204330444336,278364000
2021-06-28,19.27294637389471,19.987174655201073,19.23088938832883,19.89385223388672,495436000
2021-06-29,19.791820384449192,20.00708358846568,19.56734872951691,19.935413360595703,367632000
2021-06-30,19.908032936134784,20.070538315202942,19.773151003264342,19.91126823425293,326568000
2021-07-01,20.03321082827077,20.362700530192438,19.927693393087345,20.119813919067383,480136000
2021-07-02,20.3470264154675,20.411730494811923,20.195221786226497,20.39356231689453,342764000
2021-07-06,20.642915231638717,20.746938423500755,20.257432486443616,20.604093551635742,446708000
2021-07-07,20.758388543871092,20.779790118854034,20.23926744508326,20.27883529663086,418428000
2021-07-08,19.76593893142942,20.041176667969573,19.61089900392695,19.81197738647461,503300000
2021-07-09,19.87145390678074,19.988667035276382,19.664153655569276,19.958803176879883,296624000
2021-07-12,20.14768905227268,20.439103283844226,20.09567744553801,20.418947219848633,321984000
2021-07-13,20.3074533787736,20.3679272570643,20.022261067377123,20.15764045715332,290708000
2021-07-14,20.264901240088385,20.324627057304227,19.66266101165078,19.751005172729492,380100000
2021-07-15,19.721396124960993,19.75648507376061,18.772492675300512,18.879751205444336,550564000
2021-07-16,18.943708276091723,19.069630529102028,17.990574677215164,18.07817268371582,688224000
2021-07-19,17.8335458640855,18.955156212033163,17.784021479768406,18.694103240966797,749060000
2021-07-20,18.644574810811843,18.752082041477266,18.081156267494258,18.52711296081543,434687000
2021-07-21,18.795886027698945,19.43794487271185,18.656525124403085,19.32147789001465,371017000
2021-07-22,19.55242200731095,19.796303610975237,19.188090042132742,19.504640579223633,323826000
2021-07-23,19.566352203135214,19.610152148792288,19.162203768763973,19.468799591064453,195672000
2021-07-26,19.222931578837176,19.353332761447216,18.82774086594712,19.206008911132812,203943000
2021-07-27,19.177132989949083,19.532505085696283,18.655522752528007,19.120393753051758,248863000
2021-07-28,19.230890227163382,19.556398512743925,18.908368517411507,19.414051055908203,202191000
2021-07-29,19.429979195413683,19.762457462479684,19.23985030043888,19.572328567504883,190781000
2021-07-30,19.32943666500641,19.540469658257,19.17514481205662,19.41006851196289,183497000
2021-08-02,19.61015425708338,19.86996358597214,19.272699647938943,19.65992546081543,217444000
2021-08-03,19.649973548645775,20.12977568929753,19.132344604430187,19.724632263183594,301811000
2021-08-04,19.898826814854456,20.225331848038415,19.737565032108463,20.18153190612793,231309000
2021-08-05,20.40650479203226,20.638441941721155,20.249224447514635,20.542879104614258,211435000
2021-08-06,20.4303935804627,20.47618331116727,20.11782460435866,20.273113250732422,178497000
2021-08-09,20.352750666567054,20.41446817532741,20.051133065996048,20.20244026184082,146443000
2021-08-10,20.229314798148827,20.33682202830791,19.744534522125157,19.845075607299805,179238000
2021-08-11,19.951584652682246,19.957557803565333,19.341381532525443,19.609153747558594,185925000
2021-08-12,19.779376396027782,19.937649714347675,19.53051661292987,19.81421661376953,151652000
2021-08-13,19.81421982888038,20.121810585889133,19.7604652564139,20.095928192138672,183063000
2021-08-16,20.043164472251572,20.19447162539359,19.36427396613772,19.8590087890625,210876000
2021-08-17,19.595219037943533,19.679832352567306,19.179126204409833,19.36925506591797,204585000
2021-08-18,19.41106426442262,19.54445389093999,18.913344667898965,18.953163146972656,285913000
2021-08-19,19.405092071189426,20.4015281044792,18.676430196540903,19.707706451416016,766555000
2021-08-20,19.899825465212288,20.76983992496617,19.84209132480141,20.7210636138916,675741000
2021-08-23,20.87535498538819,21.89667462197285,20.854450854471086,21.857852935791016,575807000
2021-08-24,21.65378693903574,21.85884677029652,21.436780805743606,21.693603515625,297299000
2021-08-25,21.637867223733537,22.36752415611128,21.6229362392858,22.111696243286133,347701000
2021-08-26,22.098749850642953,22.23811072383032,21.6906199517518,21.96735191345215,237940000
2021-08-27,22.0828224516965,22.61836882879445,22.06589978843184,22.532760620117188,304722000
2021-08-30,22.725876717636822,22.937904612772638,22.448149850901924,22.584524154663086,262580000
2021-08-31,22.59547666794216,22.59547666794216,22.022999320495497,22.286836624145508,259850000
2021-09-01,22.38639227012795,22.59746243429586,22.258953357972697,22.34258460998535,201767000
2021-09-02,22.419255283167224,22.493927157977517,22.19723359262961,22.29779052734375,187834000
2021-09-03,22.227098408861508,22.885199011095356,22.102646574319134,22.742826461791992,280532000
2021-09-07,22.73286979951559,22.798580352130667,22.423232818730735,22.562620162963867,198107000
2021-09-08,22.414274113005263,22.510848859948066,21.88062343636692,22.241037368774414,254434000
2021-09-09,22.214152533662265,22.43916125911204,22.033946539770156,22.079744338989258,196856000
2021-09-10,22.249995986999718,22.52677674082894,22.1723389246809,22.379426956176758,248376000
2021-09-13,22.584525817265025,22.863298640935614,21.76214779147206,22.054859161376953,297500000
2021-09-14,22.17731500306125,22.31172320295667,21.989144662598154,22.144460678100586,199755000
2021-09-15,22.21116747444568,22.268913686849235,21.86967123574188,22.243026733398438,166538000
2021-09-16,22.085719401064107,22.179307037445604,21.83084154501127,22.144460678100586,156033000
2021-09-17,22.202204344488806,22.223112159489396,21.734266176153632,21.803958892822266,294503000
2021-09-20,21.053268680937446,21.33901075751113,20.57139190308022,21.020414352416992,349440000
2021-09-21,21.323081688701794,21.33104602969822,20.858130525552628,21.15283203125,204688000
2021-09-22,21.272304527219312,21.863699567380518,21.103049939355934,21.844783782958984,268726000
2021-09-23,22.04290644543416,22.436174664784662,21.794002797589656,22.383407592773438,248555000
2021-09-24,21.973215656561944,22.051869687132683,21.765132553304515,21.984167098999023,217655000
2021-09-27,21.614793860062722,21.70340426569089,21.231483878149266,21.565013885498047,245215000
2021-09-28,21.120971560225616,21.32507250371504,20.560438842257536,20.60822868347168,343069000
2021-09-29,20.848170149177676,20.92483213876471,20.3772429721725,20.427024841308594,218394000
2021-09-30,20.676926507135207,20.973620032961403,20.59727740414024,20.625154495239258,221009000
2021-10-01,20.659001555157612,20.767522794828754,20.11439952459909,20.651037216186523,240978000
2021-10-04,20.414085560020563,20.451919028744175,19.46924770779128,19.645471572875977,345635000
2021-10-05,19.86251053602597,20.5574494289942,19.76693087317069,20.361312866210938,279282000
2021-10-06,20.03176974378131,20.629137078715868,19.99194424199397,20.60922622680664,297202000
2021-10-07,20.999507750816413,21.22850061256001,20.880035030674634,20.98258399963379,256919000
2021-10-08,21.008461374738783,21.113000441369923,20.68389083540252,20.73964500427246,151258000
2021-10-11,20.484765852486273,20.97062461848323,20.421045455956136,20.604238510131836,163388000
2021-10-12,20.736663894521275,20.964659771807728,20.437980218130104,20.580352783203125,162134000
2021-10-13,20.826265874944212,20.8979506288575,20.622164953970238,20.8471736907959,180652000
2021-10-14,21.194648710999132,21.659599896985824,21.029376283806112,21.6506404876709,243589000
2021-10-15,21.71435082054604,21.834820458738758,21.567001065569997,21.766122817993164,226994000
2021-10-18,21.653624540532604,22.19324752272249,21.5490835543678,22.124549865722656,189494000
2021-10-19,22.178314574588498,22.28086353804833,21.94036421502088,22.1922550201416,161473000
2021-10-20,22.20718298956857,22.33462191107961,21.885599533351265,22.00606918334961,146276000
2021-10-21,22.00009358061166,22.611401198544574,21.98615503847255,22.592483520507812,187590000
2021-10-22,22.72291561933294,23.02856856064082,22.46206541817937,22.626340866088867,249384000
2021-10-25,22.87226051368251,23.25258537246077,22.670151571513273,23.064414978027344,230235000
2021-10-26,23.88380013492317,25.148231194964065,23.819084651019782,24.608606338500977,485898000
2021-10-27,24.366676556372838,24.979974473581777,24.175517185619338,24.34377670288086,245990000
2021-10-28,24.7688996326781,24.840584383344975,24.415456914629402,24.831623077392578,234204000
2021-10-29,24.8913674668693,25.59626299550814,24.89037239888094,25.454885482788086,292503000
2021-11-01,25.53652048764444,25.78044501501722,25.116370221539132,25.7137393951416,265740000
2021-11-02,25.708763518692347,26.561008706984403,25.686858734167405,26.28522300720215,294112000
2021-11-03,26.553046154370787,26.666546557874828,26.119954258485805,26.481361389160156,239910000
2021-11-04,27.109594976799624,31.22745739408231,26.999081675284867,29.670316696166992,1153631000
2021-11-05,30.05462047753978,31.262300425460428,29.28102744943848,29.62152862548828,851260000
2021-11-08,30.01678837668219,30.963618188602332,29.775849037020173,30.668916702270508,503101000
2021-11-09,32.14043393327905,32.16831102221569,29.832598362114123,30.522558212280273,646746000
2021-11-10,29.22726785132228,30.714715789314535,28.65180150099656,29.329814910888672,636206000
2021-11-11,30.334388087867172,30.45585281899345,29.646418368081974,30.256729125976562,332172000
2021-11-12,29.87839638802561,30.54545829095262,29.500061751090385,30.256729125976562,413054000
2021-11-15,30.41802479111372,30.509620414960658,29.118747114504277,29.893335342407227,384909000
2021-11-16,29.62850151207324,30.25673306637881,29.57573253019145,30.070552825927734,264484000
2021-11-17,30.28460666991569,30.375209109979387,28.673702083946914,29.132680892944336,428508000
2021-11-18,32.22506137050019,32.61633569675382,31.183646972782004,31.536094665527344,781711000
2021-11-19,32.10161561530399,32.942911535528545,31.76509838660516,32.840362548828125,533867000
2021-11-22,33.37001612006789,34.49506179185787,31.76010847564054,31.81586265563965,754335000
2021-11-23,31.39671157119762,32.218094514763855,30.744583214227514,31.606786727905273,532163000
2021-11-24,31.323028564645966,32.710914296371996,30.792365088496854,32.53070831298828,435162000
2021-11-26,32.45704054958605,32.56655878387352,31.212523964338434,31.364852905273438,283069000
2021-11-29,32.22406422648845,33.26547475913897,31.895509575688923,33.22963333129883,454964000
2021-11-30,33.023537586316976,33.20673257688012,31.724262199478087,32.53269958496094,622066000
2021-12-01,33.07737399441328,33.14707524856972,31.246211893152907,31.30097770690918,484368000
2021-12-02,31.08091667285877,32.339527421049986,30.892721414598597,31.98902702331543,472890000
2021-12-03,31.863572220980746,31.99202385703251,30.001543883661746,30.562145233154297,544325000
2021-12-06,29.75261482398306,30.11207587047185,27.91846857573194,29.908946990966797,658938000
2021-12-07,30.825023080342124,32.310662878163335,30.52032598088665,32.288753509521484,593053000
2021-12-08,31.8625799412448,32.15233969224195,31.287043097460884,31.690317153930664,475551000
2021-12-09,31.59870601970093,32.067700548302355,30.29827420147728,30.360010147094727,488507000
2021-12-10,31.01719680171708,31.171536668842634,29.733692678385772,30.069255828857422,488825000
2021-12-13,30.12003667037444,30.16484489291169,27.9961292011688,28.040937423706055,598344000
2021-12-14,27.580907982463,28.555734222401295,27.13382283364954,28.216188430786133,667035000
2021-12-15,28.27891988260038,30.369967183258264,27.71931562363803,30.32914161682129,698297000
2021-12-16,31.01918703981043,31.027152355261656,27.97322876019045,28.265974044799805,707366000
2021-12-17,27.865689688111814,28.79869516682683,27.64164857062036,27.68247413635254,713758000
2021-12-20,27.188591698105373,28.024013613704202,27.029273973350673,27.600826263427734,461847000
2021-12-21,28.253028750149053,28.995848487605922,27.28417563606335,28.951040267944336,524385000
2021-12-22,28.767825605381404,29.428994238441074,28.327708710251994,29.274654388427734,395184000
2021-12-23,29.628141300237914,29.9308460734299,29.305523238717626,29.51363182067871,343022000
2021-12-27,29.533547027159024,30.954463182806666,29.51363183960114,30.813068389892578,403686000
2021-12-28,31.178501216751027,31.196424124096993,29.884042641533675,30.19272232055664,420591000
2021-12-29,30.14393618740853,30.41776338511472,29.240801560831677,29.87309455871582,343139000
2021-12-30,29.699839255631407,30.327154462138402,29.41406405862047,29.459867477416992,308864000
2021-12-31,29.54749135107495,29.9019745214391,29.2059532443293,29.285612106323242,266530000
2022-01-03,29.687887165643172,30.58006706522169,29.658014384020838,29.992582321166992,391547000
2022-01-04,30.147912453155488,30.33809809695362,28.228133108808805,29.16512107849121,527154000
2022-01-05,28.825579893631648,29.290589869699456,27.415618321755158,27.48631477355957,498064000
2022-01-06,27.522158750832368,28.316756884231587,26.94961135088401,28.057865142822266,454186000
2022-01-07,28.02102409273095,28.300826210955492,26.941644095796043,27.130834579467773,409939000
2022-01-10,26.467679186121405,27.351893948324527,25.53467353356285,27.283187866210938,594681000
2022-01-11,27.206514697544513,27.945351930449434,26.724578863489402,27.698408126831055,404089000
2022-01-12,27.94734193759673,28.473090803821655,27.490299148101247,27.8796329498291,383413000
2022-01-13,28.2580102227296,28.358579457679358,26.385029059468522,26.461702346801758,540171000
2022-01-14,26.18787012536713,27.08104705883841,26.098253685229988,26.827133178710938,395832000
2022-01-18,26.14804463261415,26.524433344257982,25.660133902473458,25.792566299438477,424270000
2022-01-19,25.96781525631739,26.42983583830402,24.94519334293258,24.960128784179688,488315000
2022-01-20,25.196122322501015,25.469949535319014,23.975347395495497,24.047040939331055,435181000
2022-01-21,23.40678352912288,24.717173064459438,23.163824281021945,23.274351119995117,718958000
2022-01-24,22.234802301835362,23.28032516492924,20.798950422051416,23.27235984802246,913982000
2022-01-25,22.449876349333593,22.8451850306954,21.906204650379927,22.228822708129883,664616000
2022-01-26,23.140918549293506,23.954434796117226,22.204925605698346,22.67491340637207,755959000
2022-01-27,23.46752162349448,23.89270120895478,21.582590638157097,21.850444793701172,573353000
2022-01-28,21.91815335328116,22.760547192328307,21.205206336859245,22.742624282836914,543774000
2022-01-31,23.083165646073763,24.404509712140047,22.953720720505,24.381607055664062,564680000
2022-02-01,24.996971847725337,25.03779741322022,23.78814690915183,24.532958984375,518925000
2022-02-02,25.68403665824547,25.706937420439914,24.448326116222155,25.134389877319336,543419000
2022-02-03,24.35372741378853,24.970087889771477,23.678618459668993,23.845901489257812,410178000
2022-02-04,23.869801717451438,24.52997529527776,23.53125106732424,24.215322494506836,354829000
2022-02-07,24.268092626990843,25.074638756833302,24.098817325743227,24.622575759887695,376868000
2022-02-08,24.255151985606606,25.12243902776342,23.877768026793564,25.000959396362305,410359000
2022-02-09,25.51276718294738,26.611065474963386,25.244914889084622,26.591150283813477,524282000
2022-02-10,25.884173907605756,26.810207355807123,25.490857492439208,25.71390151977539,513200000
2022-02-11,25.805512129420663,26.040506046365,23.671648776457072,23.84689712524414,605472000
2022-02-14,23.831959421608797,24.768947532154037,23.653721722186578,24.16353988647461,440424000
2022-02-15,24.84262993037753,26.43182609028829,24.67833439160507,26.38204002380371,699869000
2022-02-16,26.147049472381745,26.468672364813905,25.44306293139375,26.397974014282227,732676000
2022-02-17,25.5207287378447,25.675068597680315,24.06197633665846,24.402517318725586,810595000
2022-02-18,24.562831248228793,24.879476296810182,23.001517271399226,23.54120635986328,761255000
2022-02-22,22.936795215643546,23.961407632998917,22.901944582346907,23.290281295776367,633422000
2022-02-23,23.700523668904758,24.052019342712313,22.205923511795177,22.291555404663086,566511000
2022-02-24,20.925403538862675,23.698529751346676,20.800936466850946,23.646751403808594,735801000
2022-02-25,23.619866534863007,24.1137502356423,23.281315967911333,24.054006576538086,528866000
2022-02-28,23.889716009396203,24.559847157502983,23.60593119558958,24.28104019165039,477319000
2022-03-01,24.187439989958865,24.273073784814436,23.033380786073458,23.376909255981445,412056000
2022-03-02,23.658754033910338,24.309080821194527,23.319150331128935,24.120853424072266,389642000
2022-03-03,24.16267940977901,24.226418496205614,23.37292639017765,23.616924285888672,365095000
2022-03-04,23.288269861512525,23.583057606711368,22.389962101255723,22.842103958129883,431415000
2022-03-07,22.723596178824522,22.938713469563773,21.242683821437815,21.26459312438965,450821000
2022-03-08,21.22176551078603,22.281408900955046,20.56546292122889,21.425926208496094,557467000
2022-03-09,22.295350571622645,23.12494059396146,22.15592431561285,22.919784545898438,492742000
2022-03-10,22.43876187931811,22.694709732633942,21.792418612832495,22.565242767333984,428066000
2022-03-11,22.927753683517206,23.050251249791206,21.955749323787682,22.00952911376953,367209000
2022-03-14,21.77947847445638,22.17086937481578,21.07238577959174,21.242685317993164,385354000
2022-03-15,21.429910411009644,22.943688372057732,21.234713636338597,22.87895393371582,491996000
2022-03-16,23.40379479526486,24.49630397600163,23.077138455679332,24.39571762084961,671422000
2022-03-17,24.02125840895199,24.74030090825493,23.80813378286248,24.664613723754883,471941000
2022-03-18,24.69747741085638,26.460231824316143,24.523194587296928,26.34470558166504,730719000
2022-03-21,26.398491268211867,27.04085136071084,25.860700893224614,26.624561309814453,591727000
2022-03-22,26.6175847985813,27.126494456861913,25.965267440901066,26.415416717529297,547007000
2022-03-23,26.019046837158616,26.50305734840452,25.470303785598432,25.529062271118164,502120000
2022-03-24,26.05888056620905,28.204061734841595,25.80094009952853,28.034757614135742,877379000
2022-03-25,27.77184031036565,28.241908164028267,27.15935821789396,27.57863426208496,579016000
2022-03-28,27.64237355173041,28.134350707606135,27.094623991150144,28.103477478027344,425494000
2022-03-29,28.57753047133925,28.827502401169717,27.865457327415218,28.5386905670166,488984000
2022-03-30,28.188131660804462,28.379345100642087,27.390410153130244,27.576644897460938,463487000
2022-03-31,27.66826906522798,28.132361016808318,27.15836589385924,27.174299240112305,523440000
2022-04-01,27.26293568960486,27.383440643848896,26.15947167732759,26.602649688720703,517235000
2022-04-04,26.61858452561167,27.44518668797612,26.504055527761597,27.247997283935547,397120000
2022-04-05,27.142430269538746,27.207164711525582,25.714300606563835,25.824846267700195,436615000
2022-04-06,24.83192419404275,25.196425073376112,23.904735802768805,24.30708122253418,703833000
2022-04-07,24.340946042246006,24.620795851372538,23.381888921729562,24.10890007019043,557992000
2022-04-08,23.819094336633995,23.825070291997637,22.967594779406074,23.02436065673828,524781000
2022-04-11,22.123063188914138,22.228628253478472,21.571330249174363,21.82727813720703,575207000
2022-04-12,22.44474005075557,22.63197015423266,21.194876629839,21.41596794128418,662258000
2022-04-13,21.639054224925435,22.407893303585002,21.367171071947986,22.11210823059082,516943000
2022-04-14,22.41286958131203,22.683757345759695,21.07636432042871,21.170974731445312,569097000
2022-04-18,21.113218721167843,21.9975822866679,20.992713745016705,21.693832397460938,525701000
2022-04-19,21.631080558064472,22.281407142339205,21.22674253068013,22.10712432861328,512781000
2022-04-20,22.424817036948923,22.577190543145274,21.11320931314068,21.394054412841797,468974000
2022-04-21,21.620128118741523,22.30033264038632,19.918124725646763,20.10037612915039,656209000
2022-04-22,20.219882348509838,20.402133738806455,19.42017020020564,19.435108184814453,624713000
2022-04-25,19.12339284572606,19.863351272784346,19.01782777863427,19.820528030395508,641566000
2022-04-26,19.637281368701824,19.706994507674615,18.593571203547693,18.711088180541992,653143000
2022-04-27,18.52186437824128,19.088535288837406,18.21512658445252,18.339614868164062,499460000
2022-04-28,18.88935323961421,19.954974541798094,18.414306664090166,19.701017379760742,570327000
2022-04-29,19.32257448999954,20.045602297833724,18.441197185099483,18.4710750579834,500435000
2022-05-02,18.46509770793821,19.493867882415657,18.315712153889976,19.45303726196289,572049000
2022-05-03,19.32057681054848,19.743838017589198,19.054669700117355,19.52174949645996,475751000
2022-05-04,19.84144044981811,20.316487014368857,18.67423744950525,20.250757217407227,648855000
2022-05-05,19.785667939358376,19.843429158431288,18.424263663115507,18.766855239868164,626331000
2022-05-06,18.65929999241693,19.432122333318322,17.916353624000763,18.598548889160156,633297000
2022-05-09,17.960173412210224,18.180267458938104,16.75811385880719,16.880611419677734,644455000
2022-05-10,17.61658525253339,18.12350232079174,16.955303927577983,17.52297019958496,761474000
2022-05-11,17.275985907406866,17.680323983243905,16.50017560428246,16.561920166015625,670167000
2022-05-12,16.15260230985151,16.71927317338393,15.503272000214082,16.108781814575195,708728000
2022-05-13,16.719273249889806,17.854605700388568,16.525071846466627,17.633514404296875,670437000
2022-05-16,17.437320969728997,17.71517810760899,17.03597092632894,17.193323135375977,521446000
2022-05-17,18.000005874511373,18.295790861284107,17.56180856753413,18.102584838867188,585830000
2022-05-18,17.632514291630642,18.0438235442248,16.7949578054493,16.868654251098633,545161000
2022-05-19,16.867659356696542,17.61458881955136,16.66548943059714,17.05389404296875,621310000
2022-05-20,17.26105062577283,17.33873044435796,15.690505601912752,16.625661849975586,739105000
2022-05-23,16.20738076943158,16.845757510491026,16.112770346149613,16.828826904296875,639889000
2022-05-24,16.44241318228326,16.529056923699873,15.715401091996485,16.08786964416504,588550000
2022-05-25,15.954415901019841,17.04094904216001,15.93449732347587,16.905506134033203,781132000
2022-05-26,15.970354791394591,18.017938165633957,15.956412162178278,17.777925491333008,996575000
2022-05-27,18.111552116018746,18.80370666474349,18.02590373672392,18.733993530273438,738379000
2022-05-31,18.902299762323565,19.121400348314285,18.27487967412374,18.595561981201172,664100000
2022-06-01,18.64735401344506,18.975005819632933,18.047817122189745,18.245006561279297,544514000
2022-06-02,18.217115849128234,19.53868302922962,18.12350080401456,19.51179313659668,648656000
2022-06-03,19.003887309829665,19.25286391841899,18.446178338920216,18.643367767333984,598779000
2022-06-06,19.060648619208788,19.25783800037351,18.488001796850387,18.70909309387207,422406000
2022-06-07,18.396382141540013,18.92222057056187,18.11354434422296,18.84852409362793,388914000
2022-06-08,18.726006715868937,19.10552787948673,18.46303184027863,18.575593948364258,363252000
2022-06-09,18.409233910241724,18.859478331118886,17.97094202357339,17.977914810180664,395574000
2022-06-10,17.531655320031188,17.628278767149297,16.803493073192044,16.9080867767334,465248000
2022-06-13,15.937867756879672,16.248656451730458,15.545397710168137,15.586238861083984,604153000
2022-06-14,15.669911913017133,16.003611048891642,15.352150439310131,15.774504661560059,469680000
2022-06-15,16.032500272176392,16.80249932387109,15.864156848634643,16.46282386779785,563936000
2022-06-16,15.79841077215222,15.880093072433525,15.34119356434389,15.540416717529297,545749000
2022-06-17,15.587234197190497,15.932886820587377,15.268477150817528,15.818333625793457,630334000
2022-06-21,16.41102650097026,16.94195585735891,16.343289760595702,16.501672744750977,483089000
2022-06-22,16.162992114105894,16.59729988882193,16.117171209417034,16.296472549438477,437135000
2022-06-23,16.454851986991518,16.5205956784527,15.79143880496092,16.16199493408203,463680000
2022-06-24,16.43592735057394,17.073441500432935,16.24666462485629,17.05949592590332,472153000
2022-06-27,17.244770110232803,17.26269985867149,16.561433331282462,16.803489685058594,427968000
2022-06-28,16.834373533612357,17.135200852696613,15.883082065971653,15.919939041137695,461149000
2022-06-29,15.752590608725741,15.758566876112974,15.111091360585093,15.481646537780762,482352000
2022-06-30,15.301352039966417,15.506552451888224,14.804290100614665,15.100136756896973,686070000
2022-07-01,14.841145535452219,15.004508262689948,14.336114308605408,14.466605186462402,577610000
2022-07-05,14.11995661407491,14.912865159719473,14.000422705433717,14.905892372131348,651397000
2022-07-06,14.951713200390376,15.259513302763182,14.731570721690755,15.071247100830078,529066000
2022-07-07,15.395980736594536,15.883081194089858,15.329240527095354,15.796419143676758,492903000
2022-07-08,15.37008313178978,15.974726402731946,15.329241976596508,15.776498794555664,467972000
2022-07-11,15.465710803070031,15.466707322744304,14.97960584604066,15.09316349029541,437321000
2022-07-12,15.20871031951737,15.371077457553127,14.819228872129182,15.023432731628418,458483000
2022-07-13,14.533344477991491,15.315296025509971,14.408829876158077,15.105114936828613,521918000
2022-07-14,15.04933164322953,15.412914028547368,14.670807164690196,15.31230640411377,456235000
2022-07-15,15.598192598861097,15.72071415365687,15.385022914971692,15.70079231262207,385935000
2022-07-18,16.23869663998441,16.83138547101321,15.939862350377403,16.038476943969727,670517000
2022-07-19,16.42198027766924,17.043557657032984,16.109200448917402,16.926015853881836,702366000
2022-07-20,16.881191075573774,17.863362252554914,16.73575812116985,17.737850189208984,760538000
2022-07-21,17.815547810901403,18.07354091727774,17.476867973237123,17.97990608215332,557049000
2022-07-22,17.823521523852246,17.897233590693222,17.070456538486788,17.251750946044922,536671000
2022-07-25,16.95291553695578,17.057509273381786,16.584353284601864,16.957897186279297,480748000
2022-07-26,16.823418108378,16.853302299081996,16.414014765426856,16.468801498413086,397865000
2022-07-27,16.965862630194085,17.86635353894504,16.84732523587989,17.72092056274414,569776000
2022-07-28,17.90519966314176,18.069557945364984,17.372277332995978,17.91416358947754,474646000
2022-07-29,17.743830767643395,18.173156925324996,17.623300329186787,18.092472076416016,435460000
2022-08-01,18.111397333511174,18.772820437934747,17.920143444250357,18.36939239501953,476469000
2022-08-02,18.051627201581738,18.864458441615547,18.021743015572017,18.454057693481445,489527000
2022-08-03,18.113388905855146,18.89434491533446,18.066570532098716,18.81963539123535,418146000
2022-08-04,18.77580856746541,19.19915749432203,18.687153463279184,19.1403865814209,409652000
2022-08-05,18.736952685292266,19.154326163233282,18.593512791884613,18.915258407592773,386068000
2022-08-08,17.4340408608633,18.168178617007293,17.175050208097336,17.723909378051758,981859000
2022-08-09,17.18500716001782,17.379249624350564,16.65905763199982,17.019651412963867,668263000
2022-08-10,17.629275000459376,18.04764413055042,17.24975398460474,18.02672576904297,597422000
2022-08-11,18.06059496674186,18.63435848013521,17.806584108237903,17.87232780456543,509327000
2022-08-12,18.089478966160975,18.645312642416616,17.883282081436935,18.6363468170166,478094000
2022-08-15,18.628381495120706,19.089582944835495,18.540723865569156,18.95809555053711,457666000
2022-08-16,18.846526188812202,19.06766419608737,18.42915270932747,18.80568504333496,451240000
2022-08-17,18.451075096193428,18.61543340601533,18.074542628314358,18.263803482055664,446799000
2022-08-18,18.229932730472253,18.79174174116326,18.112390926823224,18.70009994506836,415447000
2022-08-19,18.33452409224492,18.448081715081848,17.700994191090388,17.779687881469727,441588000
2022-08-22,17.42208217251165,17.489818903609883,16.900116815044345,16.967853546142578,409593000
2022-08-23,16.923028743581053,17.397180176245477,16.904101521089547,17.114282608032227,369986000
2022-08-24,16.94593725189229,17.338408253803493,16.829392914726995,17.155122756958008,522661000
2022-08-25,16.77858828041363,17.877305555233242,16.767631316738164,17.84343719482422,770691000
2022-08-26,17.78765381801354,17.854393065362842,16.17394414971314,16.196855545043945,769127000
2022-08-29,15.957792548703463,16.27455660052828,15.705774724802128,15.739642143249512,496132000
2022-08-30,15.898025221954772,15.9767179755962,15.123046421676525,15.407936096191406,530181000
2022-08-31,15.324261848963653,15.479656218449705,14.900911986576217,15.035387992858887,573710000
2022-09-01,14.153824316249922,14.324160780710457,13.21847139112477,13.882881164550781,1178865000
2022-09-02,14.045246540395883,14.115969978398423,13.53822233999636,13.594005584716797,743157000
2022-09-06,13.67767991813969,13.725493859595561,13.299155414870102,13.412713050842285,535751000
2022-09-07,13.51434705091727,13.788361151575964,13.298125457424504,13.66480541229248,512657000
2022-09-08,13.410721079373277,13.95775250797317,13.321044715093802,13.93981647491455,624873000
2022-09-09,14.10621466793855,14.422077892391746,14.07532668659429,14.335390090942383,486612000
2022-09-12,14.317455823482035,14.49481679850031,14.147068757337559,14.452967643737793,484159000
2022-09-13,13.752489132610048,13.87205855128794,13.052010885075777,13.083895683288574,714956000
2022-09-14,13.206455290226598,13.242326402784114,12.866678912295647,13.080907821655273,588507000
2022-09-15,12.968311791958639,13.185529223484204,12.744118551602249,12.882619857788086,523625000
2022-09-16,12.6962911946005,13.164605464480621,12.571739597842733,13.150655746459961,670751000
2022-09-19,12.965324131066843,13.414706540772462,12.963331449798705,13.333996772766113,569685000
2022-09-20,13.167595196842449,13.434633475375263,13.010161983326146,13.128734588623047,524818000
2022-09-21,13.165603203916465,13.98066875064519,13.06297204241683,13.213430404663086,807679000
2022-09-22,13.0231175678942,13.101834665990093,12.383421176362736,12.51594352722168,759162000
2022-09-23,12.375448310956983,12.565763159913388,12.213032901606326,12.47110366821289,663309000
2022-09-26,12.446193464778984,12.61359104915648,12.170186671175692,12.184136390686035,547343000
2022-09-27,12.462134764959494,12.690313385658438,12.214028382542947,12.3684720993042,553854000
2022-09-28,12.365483486484552,12.777002105621296,12.309684609382174,12.690314292907715,542414000
2022-09-29,12.403345461298121,12.455158968218063,11.903146421572972,12.176163673400879,532763000
2022-09-30,12.043641657389104,12.587683536419725,12.031684619918396,12.095455169677734,565638000
2022-10-03,12.302708290891008,12.632521236553906,12.061575828714862,12.467116355895996,547478000
2022-10-04,12.832799262641858,13.172576558568696,12.832799262641858,13.119766235351562,584182000
2022-10-05,12.864684062084223,13.273213099308617,12.575724429638687,13.161614418029785,507131000
2022-10-06,13.172579270869328,13.607015181430027,13.055998379683974,13.082901954650879,644157000
2022-10-07,12.460140492344351,12.624548544092065,11.978873372705873,12.032679557800293,672478000
2022-10-10,11.993819734228161,12.08050753530761,11.367076415950967,11.62813663482666,698699000
2022-10-11,11.519527473651838,11.803504950434311,11.242524855590247,11.544438362121582,667482000
2022-10-12,11.537465911080686,11.692905516404727,11.304305077714478,11.458748817443848,492590000
2022-10-13,10.931644516028966,12.034673832144149,10.774211301684586,11.917097091674805,850103000
2022-10-14,12.013749105457423,12.067555297007958,11.163809311742797,11.186726570129395,713432000
2022-10-17,11.476680559836852,11.905138303672846,11.475684694532076,11.845353126525879,580774000
2022-10-18,12.299721723057132,12.447190608851194,11.576326064776566,11.924074172973633,659362000
2022-10-19,11.836389481808228,12.30570066362384,11.791550821758921,12.007772445678711,523131000
2022-10-20,12.069548299667495,12.72319524071747,12.061576624677791,12.15025806427002,652398000
2022-10-21,12.054600941010673,12.453166608425773,11.844358361540095,12.421280860900879,609494000
2022-10-24,12.463129337743284,12.664404351109903,12.020721894241168,12.553802490234375,517457000
2022-10-25,12.64846488467942,13.252291014913888,12.618571815177777,13.213430404663086,505482000
2022-10-26,12.82283740595862,13.339974778311161,12.662414686166759,12.849740028381348,532953000
2022-10-27,13.581106467465899,13.788360510627266,13.07492839668743,13.128734588623047,583113000
2022-10-28,13.05699335304701,13.800317586774417,13.014147382415905,13.784374237060547,521040000
2022-10-31,13.728575742782882,13.788360930226967,13.24930122851385,13.448583602905273,486341000
2022-11-01,13.761457385078938,13.875048766316969,13.470505022876246,13.49441909790039,432817000
2022-11-02,13.800317291584546,14.159025547914593,13.16360959020308,13.17158031463623,672628000
2022-11-03,12.996212781616933,13.731565367636188,12.909524971705448,13.372856140136719,500065000
2022-11-04,13.93582958769378,14.177957930344933,13.647865776966073,14.105219841003418,612576000
2022-11-07,14.176959603652595,14.360299555911872,13.903943306481167,14.2496976852417,410061000
2022-11-08,14.747906191962752,14.837583500238217,14.165004638425565,14.549620628356934,595292000
2022-11-09,14.111197542274558,14.160022506058544,13.70964331218987,13.726582527160645,454414000
2022-11-10,14.746910406367014,15.716419686091069,14.49481769622729,15.693502426147461,700819000
2022-11-11,15.750298418180774,16.33021048888852,15.426464425019901,16.2684326171875,655487000
2022-11-14,16.159822116780518,16.480667518589406,15.864883468839679,16.23654556274414,527852000
2022-11-15,16.662013391587355,16.937022370999905,16.32323291950231,16.60621452331543,545876000
2022-11-16,16.104024034799696,16.30330545087524,15.816060231495598,15.852927207946777,649547000
2022-11-17,15.65862661617727,16.20765063781741,15.479272015975031,15.620762825012207,710894000
2022-11-18,15.908725591523805,15.94459765168975,15.065760685221573,15.353724479675293,492072000
2022-11-21,15.092666086419097,15.421482258214427,15.025906036280436,15.262056350708008,404739000
2022-11-22,15.273013794121328,16.000395552590362,15.067752452914368,15.980466842651367,472866000
2022-11-23,16.040252289045704,16.467714217291594,15.990432410924427,16.459741592407227,427241000
2022-11-25,16.259465648152826,16.427858142364496,16.11398946353445,16.211637496948242,167934000
2022-11-28,15.968511085101463,16.29832500895063,15.668592130839407,15.770225524902344,303741000
2022-11-29,15.770224418844657,15.874848252781751,15.464326492119582,15.58289909362793,298384000
2022-11-30,15.644692293883454,16.873584309435355,15.54502609510109,16.866607666015625,565298000
2022-12-01,16.942355347832123,17.20746780911725,16.57956797350174,17.07790184020996,470977000
2022-12-02,16.603489123219873,16.876576265200864,16.390201516412013,16.819765090942383,371389000
2022-12-05,16.623419660375163,16.938366605030453,16.417108738331706,16.554649353027344,352255000
2022-12-06,16.474919041618143,16.51777502605684,15.766287810992363,15.933728218078613,352694000
2022-12-07,15.719445161170468,16.132066147916248,15.614794545863099,16.066286087036133,372388000
2022-12-08,16.218777273371813,17.121758517727503,15.905822476444317,17.111791610717773,515456000
2022-12-09,17.102819869864998,17.5244106979877,16.918436852955416,16.94434928894043,465338000
2022-12-12,16.98023035941477,17.479560391399467,16.74103030994318,17.47657012939453,457328000
2022-12-13,18.469253821514982,18.727391594817203,17.65198641095761,18.011783599853516,656589000
2022-12-14,17.927061390913362,18.191179623464766,17.36195136904166,17.61510467529297,496888000
2022-12-15,17.088865417042985,17.26228539533921,16.64435244524807,16.895511627197266,478542000
2022-12-16,16.80780430040909,16.98421452775994,16.355316696171542,16.515779495239258,478232000
2022-12-19,16.51677591008969,16.553651364106894,16.09119880078537,16.1998348236084,354039000
2022-12-20,16.010468843091985,16.255649382131462,15.799176351187127,16.03139877319336,403260000
2022-12-21,16.060304842306547,16.571595897427166,16.048343794868938,16.446014404296875,325025000
2022-12-22,16.040370897342594,16.084224902594713,14.832409670787916,15.287886619567871,565045000
2022-12-23,15.145361845900647,15.287884971363319,14.833405142358366,15.155328750610352,349326000
2022-12-27,15.023769443130346,15.049682826445732,14.009161111934528,14.073945045471191,464902000
2022-12-28,13.880592209011148,14.214475953122395,13.837735273982746,13.989229202270508,351066000
2022-12-29,14.354010861447797,14.634073714841978,14.179593796870332,14.554340362548828,354923000
2022-12-30,14.286235193865508,14.580252256779966,14.185571918188986,14.565302848815918,310490000
2023-01-03,14.801512873667992,14.946030156445817,14.049028593833635,14.267298698425293,401277000
2023-01-04,14.518461136981063,14.803507446014843,14.1935472009812,14.699853897094727,431324000
2023-01-05,14.44271407621345,14.515470784077749,14.100856590990329,14.217467308044434,389168000
2023-01-06,14.425769075047109,14.959983243102146,13.987235680701085,14.809486389160156,405044000
2023-01-09,15.233071281819589,16.00249819636459,15.09054718354253,15.57592487335205,504231000
2023-01-10,15.455326689560788,15.908810437445068,15.42044347056914,15.855987548828125,384101000
2023-01-11,15.787216717511937,15.97458997371224,15.511139335336974,15.94767951965332,353285000
2023-01-12,16.046350570153667,16.58155988533878,15.44037584745414,16.45598030090332,551409000
2023-01-13,16.22375667699758,16.865611678653806,16.11113426118995,16.842687606811523,447287000
2023-01-17,16.842689261696506,17.668927336507764,16.842689261696506,17.64301300048828,511102000
2023-01-18,17.60812825910423,17.81344118394388,17.224410962438323,17.319095611572266,439624000
2023-01-19,16.97923193804357,17.139696655240964,16.67524985593479,16.709135055541992,452932000
2023-01-20,16.954312559037017,17.79649791430325,16.768933461540048,17.77955436706543,564967000
2023-01-23,18.00380415598392,19.180870344101777,17.75862551866824,19.129043579101562,655163000
2023-01-24,18.76426355229002,19.430038785893963,18.757286908397305,19.200803756713867,496204000
2023-01-25,18.849976169985318,19.30545403532492,18.518085645970668,19.258609771728516,449537000
2023-01-26,19.63535204186898,20.09880270917431,19.213761238604867,19.73601531982422,489535000
2023-01-27,19.397149193004687,20.55926424729607,19.340339917531214,20.29714012145996,542142000
2023-01-30,19.88352662193169,20.072892166183525,19.08619111094838,19.09815216064453,488611000
2023-01-31,19.106117637128893,19.621394975107712,18.886851453283832,19.471895217895508,498017000
2023-02-01,19.625387611698173,21.121385582722432,19.545654255705372,20.87321662902832,660477000
2023-02-02,20.93001886877329,21.875855795019138,20.631019359616392,21.636655807495117,564276000
2023-02-03,20.930016939244258,21.67253504328741,20.719719661348293,21.02968406677246,429366000
2023-02-06,20.736670321605864,21.498124471655988,20.71673650906174,21.018728256225586,452197000
2023-02-07,21.310747101593492,22.184825413683594,21.07951986309014,22.099111557006836,664150000
2023-02-08,22.312398971746344,22.80176393868283,21.934662201742093,22.131006240844727,559651000
2023-02-09,22.530668289120996,22.94328822764602,22.046287782724328,22.262563705444336,523876000
2023-02-10,21.617720531696698,22.00442614178306,20.741650010159365,21.194135665893555,550737000
2023-02-13,21.466228060003054,21.974528792175906,20.892147277807663,21.715394973754883,474919000
2023-02-14,21.506093473695493,22.972192242637163,21.294800040276197,22.894453048706055,675474000
2023-02-15,22.473857186049795,22.778837224069242,22.032334555587305,22.688140869140625,420575000
2023-02-16,22.059248242228534,22.47485853992091,21.85393529520588,21.928686141967773,412026000
2023-02-17,21.5589188659097,21.667554896645086,20.905104738152975,21.316728591918945,465888000
2023-02-21,20.930021777294268,21.422375105842487,20.549294744904135,20.586172103881836,410015000
2023-02-22,20.6380006960692,21.03367717070481,20.3529525061691,20.684843063354492,513184000
2023-02-23,23.361891451181727,23.80839853574855,22.94827344265805,23.58514404296875,1117995000
2023-02-24,23.147606985640458,23.39577778263142,22.870533495406775,23.208402633666992,589716000
2023-02-27,23.59112499865335,23.800424307289973,23.37584516662916,23.422687530517578,452994000
2023-02-28,23.294117844928124,23.745609343959064,23.128670637340598,23.13863754272461,455963000
2023-03-01,23.11471543588402,23.178503244860902,22.432994752211638,22.62236213684082,460026000
2023-03-02,22.413065090524846,23.302091014748385,22.35725003920354,23.236310958862305,389415000
2023-03-03,23.242288332226597,23.820355469270233,23.052920954283433,23.810388565063477,412393000
2023-03-06,23.81139232423808,24.167201195099672,23.408737281422425,23.475515365600586,437429000
2023-03-07,23.525353628386604,24.04869267419401,23.167487988654617,23.214340209960938,515154000
2023-03-08,23.412708106815042,24.123454073591056,23.34990765503741,24.10451316833496,513573000
2023-03-09,24.098534615353046,24.37665338080257,23.309039864365545,23.361873626708984,501257000
2023-03-10,23.334954591781766,23.552265439254963,22.65411444951107,22.892358779907227,474866000
2023-03-13,22.68003442386319,23.22430691098968,22.22647370103853,22.893356323242188,421890000
2023-03-14,23.42168099679016,24.14239367745541,23.3857936653715,23.986886978149414,474910000
2023-03-15,23.68584709694348,24.209186218115047,23.28611632940407,24.151371002197266,524486000
2023-03-16,23.95100522634043,25.507066846417814,23.81842456983862,25.460216522216797,583253000
2023-03-17,25.89981997420156,26.31550083175522,25.586812067911023,25.643632888793945,848547000
2023-03-20,25.533978703666488,25.94168541899632,25.050512165831673,25.818077087402344,432747000
2023-03-21,26.09719563603672,26.3085249951989,25.300723004441352,26.116134643554688,547408000
2023-03-22,26.341415997809847,27.501735683439474,26.1540109224766,26.384281158447266,797295000
2023-03-23,27.02923209610895,27.412018238340906,26.605577177571398,27.104991912841797,564889000
2023-03-24,26.945501524795564,27.08107103959281,26.27163910855887,26.694297790527344,454920000
2023-03-27,26.752118256115214,26.914602816630044,26.281611003710644,26.447086334228516,361026000
2023-03-28,26.363345410525266,26.42913662925304,25.768233672762843,26.326461791992188,356104000
2023-03-29,26.740157428680025,26.99235558601917,26.51287791862298,26.898653030395508,393694000
2023-03-30,27.142876388177367,27.412022850595726,27.016277275445294,27.296388626098633,364516000
2023-03-31,27.05415228626913,27.745957323628478,27.01926314761113,27.689138412475586,433933000
2023-04-03,27.421989811329777,27.911436002639256,27.249536675681906,27.87654685974121,398716000
2023-04-04,27.877543026671038,27.911435879998983,27.220627051021687,27.366165161132812,368592000
2023-04-05,26.74414297141955,26.912607163282487,26.31151565571502,26.795978546142578,515015000
2023-04-06,26.49991083942992,26.994342213196017,26.343407862395736,26.951478958129883,397654000
2023-04-10,26.738158599933065,27.5336348544528,26.584646372375655,27.49176788330078,395279000
2023-04-11,27.63630792496598,27.702099147015957,27.040197966487828,27.08306312561035,314378000
2023-04-12,27.2834300542219,27.381119656216434,26.364345440236946,26.411197662353516,446259000
2023-04-13,26.64944192297439,26.801957875512077,26.245724119817375,26.37929916381836,353615000
2023-04-14,26.420164544474495,26.797965435367647,26.137062473302613,26.67336082458496,395660000
2023-04-17,26.480975507689482,26.920580610646343,26.349393053761112,26.916593551635742,321471000
2023-04-18,27.445911825397904,28.021086392851622,27.270467934497674,27.579486846923828,604812000
2023-04-19,27.27446024047473,27.911439093224423,27.145868542223823,27.8426570892334,358660000
2023-04-20,27.58347456890567,27.941340187321615,26.914597451904964,27.018268585205078,427713000
2023-04-21,26.866752496922075,27.097022758549475,26.637480426106034,27.03322410583496,345103000
2023-04-24,26.927557165010345,27.279439347819814,26.586637967974482,26.956464767456055,339282000
2023-04-25,26.992355440703715,27.160821542530662,26.142054615008313,26.158002853393555,378527000
2023-04-26,26.91659491739221,27.243556588640125,26.62053343037328,26.870738983154297,406337000
2023-04-27,27.276452656846956,27.408035115051412,26.54078605798617,27.13988494873047,377161000
2023-04-28,27.138887339013703,27.670200494580325,26.985373211032865,27.661230087280273,292216000
2023-05-01,27.751940608520385,28.96608841417271,27.69213092438785,28.81855583190918,570329000
2023-05-02,28.589287963225,28.74479468571271,27.994176100521553,28.120773315429688,402730000
2023-05-03,27.751937828826723,28.277271270369077,27.38510184060993,27.71405792236328,383387000
2023-05-04,27.563540293710812,27.770882582276077,27.15384096655844,27.474822998046875,321850000
2023-05-05,27.73798787503542,28.664048441913906,27.643289040070506,28.58928680419922,361494000
2023-05-08,28.4317819808544,29.127574105075855,28.26032704979517,29.058792114257812,344979000
2023-05-09,28.807594450396753,28.881359799846795,28.360015202328924,28.48063087463379,314869000
2023-05-10,28.9132576098521,29.020917714127965,28.37097953587767,28.793638229370117,369350000
2023-05-11,28.804604853160228,28.8584349085419,28.15666111611045,28.48760986328125,322149000
2023-05-12,28.438761858901234,28.688969297483915,27.957289789783168,28.2503604888916,274222000
2023-05-15,28.4178275338678,28.877369814441632,28.06295457930079,28.861419677734375,293926000
2023-05-16,28.749774743963638,29.775521221273998,28.740804336785136,29.12059783935547,449405000
2023-05-17,29.49042519794485,30.103479719693794,29.336912970483333,30.08254623413086,432535000
2023-05-18,30.31381549594501,31.72732974738972,30.22410000650582,31.577804565429688,748725000
2023-05-19,31.43625056372688,31.48011201484415,30.818212695710137,31.165111541748047,473908000
2023-05-22,30.803258976791746,31.420302459294863,30.582959233506156,31.077390670776367,372000000
2023-05-23,30.901948183114918,31.18903735658012,30.534115833189922,30.59093475341797,356253000
2023-05-24,30.114446491845936,30.510192064798854,29.71172499125114,30.441410064697266,721419000
2023-05-25,38.40115657089839,39.35513045921453,36.51912753379368,37.8598747253418,1543911000
2023-05-26,37.770151547520655,39.04610163074743,37.43122683133464,38.822811126708984,714397000
2023-05-30,40.4666011461992,41.8053518099001,39.82264450499864,39.984130859375,923401000
2023-05-31,39.36310437329028,40.16755116297335,37.70237331513915,37.71433639526367,1002580000
2023-06-01,38.367256795979486,39.92332013723305,38.21872982052202,39.64420700073242,635873000
2023-06-02,39.970171105133474,40.37189627228211,38.934456059073696,39.202606201171875,482731000
2023-06-05,38.78593534052818,39.43985871743566,38.58457457981163,39.0471076965332,396094000
2023-06-06,38.70718409484521,39.03613834073106,38.02733822176895,38.53173828125,388729000
2023-06-07,38.79592881153469,39.378141523481524,37.241697122376735,37.36033248901367,511998000
2023-06-08,37.60857182578051,38.74508306628558,37.39024395636986,38.39216613769531,417772000
2023-06-09,38.917552324899084,39.58948978920315,38.44899302917782,38.651371002197266,427717000
2023-06-12,39.08005597622932,39.40904425940009,38.49983605891858,39.36119079589844,388701000
2023-06-13,40.06303253313572,40.97523356570902,39.61839813533891,40.8964729309082,613208000
2023-06-14,40.69909255346784,42.86843336137479,40.42792162483218,42.86544418334961,740465000
2023-06-15,42.47165262178882,43.15655089419858,42.018042951563174,42.52249526977539,568622000
2023-06-16,43.317050916384595,43.587221609742976,42.53046366608263,42.561370849609375,655709000
2023-06-20,42.86642741086615,43.85539247343839,42.54341754115194,43.673946380615234,451153000
2023-06-21,43.36789797033513,43.481551381643484,41.9512482252179,42.913291931152344,551603000
2023-06-22,42.12370403758317,43.29311498837631,42.104764976671774,42.89334487915039,417737000
2023-06-23,42.334073901022386,42.67801572091921,41.88644639488769,42.07985305786133,358140000
2023-06-26,42.33107342513513,42.633147684220695,39.97729771593512,40.50767135620117,594322000
2023-06-27,40.6741670319384,41.811674756586335,40.32424305595563,41.74787139892578,462175000
2023-06-28,40.535581905804115,41.71695722321169,40.39401812376897,40.99118423461914,582639000
2023-06-29,41.43083429013432,41.472705590731,40.475765515924735,40.697086334228516,380514000
2023-06-30,41.55247453077657,42.41981157958306,41.37402135436548,42.172569274902344,501148000
2023-07-03,42.38690024476898,42.76673493754276,42.07286548445585,42.28321838378906,198209000
2023-07-05,42.00606914984757,43.04488054432272,41.95622290579701,42.18751525878906,323618000
2023-07-06,41.7159643183622,42.04993834721711,41.219487041278335,41.97417068481445,303582000
2023-07-07,42.19249796154775,43.08177063947781,42.05093416959679,42.37294387817383,355881000
2023-07-10,42.52647159560561,42.679999688168024,41.52155283823929,42.05093002319336,353908000
2023-07-11,42.35100568748728,42.627158483980864,41.93827488426671,42.275238037109375,298244000
2023-07-12,42.90132167106193,43.800562012799624,42.64610450369037,43.767662048339844,481277000
2023-07-13,44.381783639889846,46.01377191487625,44.35586222212897,45.83631896972656,478204000
2023-07-14,46.44046575236375,47.94086182574558,44.92212700668265,45.32987594604492,772075000
2023-07-17,46.147361621458764,46.353725148743315,45.123503715655524,46.31883239746094,510488000
2023-07-18,46.55809821761458,47.749441291791726,45.594058117307526,47.348670959472656,569164000
2023-07-19,47.31876592185892,47.67168281088611,46.59897504315981,46.93294906616211,427502000
2023-07-20,46.36469382160293,46.942920912803515,44.9241156620399,45.380714416503906,537865000
2023-07-21,45.64789454996022,45.72565880367255,43.965059822678604,44.17341995239258,963769000
2023-07-24,44.59413357267698,44.970979149441135,43.9052497727291,44.47549819946289,382516000
2023-07-25,44.803485791149136,46.04168213917605,44.7855393181674,45.53922653198242,348081000
2023-07-26,45.88018262099463,45.912086196628444,44.493440026375104,45.312923431396484,364237000
2023-07-27,46.37666127130996,47.249980321992574,45.610013268331116,45.75955581665039,455976000
2023-07-28,46.525202843607126,46.883105518604516,46.23908226392985,46.60695266723633,331194000
2023-07-31,46.61094263427025,46.98579159307672,46.363700375175576,46.58601760864258,251055000
2023-08-01,46.31783181066223,46.756487847660445,45.886158126312864,46.364688873291016,237858000
2023-08-02,45.69076967402106,45.699741010536016,43.254247470375134,44.133548736572266,530142000
2023-08-03,43.665975669938696,44.97994351428875,43.665975669938696,44.378787994384766,324176000
2023-08-04,44.84735241415571,45.50233976816819,44.25716479958756,44.54328536987305,362666000
2023-08-07,44.972970743442104,45.400658953676526,44.426647163135996,45.27803421020508,322154000
2023-08-08,44.71576081749796,45.10357050648728,43.92119857113271,44.527339935302734,353843000
2023-08-09,44.138528337331145,44.17641407263371,42.005076934408166,42.42379379272461,586449000
2023-08-10,42.03099778159967,43.440672654633964,41.70699146291927,42.25830078125,492705000
2023-08-11,41.623246353337215,41.889431464332574,40.51464942799337,40.72998809814453,533085000
2023-08-14,40.36212325448417,43.66598244053229,40.18765947033582,43.61912536621094,690286000
2023-08-15,44.42365913256692,45.1294930156629,43.57625763398883,43.8055534362793,676512000
2023-08-16,44.38377612065419,44.53830062758481,43.27318256792619,43.35293960571289,527451000
2023-08-17,43.83545631480397,43.927173858554056,42.86941961752367,43.21137237548828,452395000
2023-08-18,42.50454556890945,43.44466100868814,41.53253035360765,43.1665153503418,583768000
2023-08-21,44.357862580093396,46.92099531978242,44.086695448909836,46.82329559326172,692573000
2023-08-22,47.98771355577138,48.03955639191804,45.19428904679984,45.528263092041016,755293000
2023-08-23,45.725668253775794,47.05558634568744,45.069680545477446,46.97184371948242,779046000
2023-08-24,50.06234798957418,50.11219423827407,47.014702631702306,47.0186882019043,1156044000
2023-08-25,46.86814754737519,47.658720291728024,44.8862279220612,45.87718963623047,925341000
2023-08-28,46.33977183033874,46.836249134555814,44.750651224061855,46.69169235229492,685192000
2023-08-29,46.5232082617889,48.93081957760332,46.249048206065815,48.634727478027344,701397000
2023-08-30,48.89392651921933,49.77422400503659,48.27682114567205,49.11325454711914,735206000
2023-08-31,49.228904516562515,49.59178914058814,48.8081949008338,49.2039794921875,528570000
2023-09-01,49.609737178375475,49.64761910935292,47.99469138418687,48.36056900024414,463830000
2023-09-05,48.07544589025944,48.70152648362675,47.71355763922135,48.399452209472656,382653000
2023-09-06,48.29675192445169,48.404428217365016,46.44129363976494,46.920860290527344,468670000
2023-09-07,45.38944205496558,46.206003567946354,45.01755163903208,46.103309631347656,433330000
2023-09-08,45.805199355822154,46.46721981309031,45.13619596961709,45.43629837036133,473069000
2023-09-11,46.010585175997676,46.025539902373815,44.180053643461356,45.04347610473633,473966000
2023-09-12,44.604786051563885,45.53700334292315,44.398401689358636,44.736392974853516,349256000
2023-09-13,44.46719292129203,45.79323440179784,44.37048163678398,45.34955978393555,398355000
2023-09-14,45.8131750613874,45.85006363868303,44.996613561123056,45.445274353027344,370097000
2023-09-15,45.20598272428771,45.46321387121769,43.67754676368698,43.7692756652832,506831000
2023-09-18,42.620703892646866,44.110254465014556,41.87493023032647,43.83507537841797,500271000
2023-09-19,43.702475243933286,43.83507862136541,42.873948499445426,43.39040756225586,373064000
2023-09-20,43.470167525058194,43.772266659114486,42.097269015445136,42.11322021484375,367108000
2023-09-21,41.45917191816058,41.97463066173917,40.85796692750404,40.89485549926758,450736000
2023-09-22,41.44820657571994,41.98959271748376,41.10822239223327,41.4860954284668,479236000
2023-09-25,41.46715374615769,42.40933950772004,41.05438505683627,42.096275329589844,419091000
2023-09-26,41.87592599161224,42.6924873606105,41.53095566477393,41.78619384765625,402282000
2023-09-27,42.20395172792175,42.744337580019156,41.50503894981491,42.34153747558594,444935000
2023-09-28,42.33356473794384,43.31662875856255,41.98959464052307,42.960693359375,424663000
2023-09-29,43.696494927606466,44.01255232767132,43.178042888017536,43.36947250366211,397830000
2023-10-02,43.898891446595,45.04048245716081,43.73039595276652,44.64865493774414,433298000
2023-10-03,44.67457296774722,44.995616545503985,43.11722389309479,43.38741683959961,470850000
2023-10-04,43.611753042966086,44.0115599865903,43.16309221624776,43.90986251831055,361821000
2023-10-05,43.918830935362585,44.7663021604217,43.75731457253386,44.554931640625,393483000
2023-10-06,44.06140429622766,45.65265244811673,43.894901766019856,45.625732421875,434436000
2023-10-09,44.708471059532506,45.46919952767431,44.235883483851424,45.138187408447266,409675000
2023-10-10,45.17508286360557,46.121254553965194,44.95374378600032,45.66162872314453,368582000
2023-10-11,46.05844175921358,46.71946955859621,45.91287659330196,46.6666259765625,378137000
2023-10-12,46.63771490362162,47.46723822927066,46.19204731268838,46.805213928222656,481325000
2023-10-13,46.82016719199545,46.97570471236393,45.145169391645375,45.32563018798828,474115000
2023-10-16,44.928816083518186,46.08735476029038,44.77826474104746,45.95774459838867,375099000
2023-10-17,43.86897507163302,44.620731393430276,42.35350093093971,43.807159423828125,812333000
2023-10-18,42.464174898094846,43.090307040885016,41.700456999229225,42.070350646972656,627294000
2023-10-19,42.68352429308483,43.168077212016314,41.757289685675055,41.97563934326172,501233000
2023-10-20,41.76526014616155,42.34353485879464,40.955677830477995,41.26375961303711,477266000
2023-10-23,41.10623136446677,43.11922033673946,40.82307664352765,42.84703063964844,478530000
2023-10-24,42.94872451539136,43.566877207845934,42.563876171456435,43.53297805786133,401463000
2023-10-25,43.26876906154992,43.52002136864502,41.431258603349754,41.65459060668945,398379000
2023-10-26,41.72837859858881,42.130178498809435,39.76125385517592,40.20592498779297,541001000
2023-10-27,41.00752338515214,41.08329728392404,39.89584197944323,40.379398345947266,416784000
2023-10-30,40.96465592174652,41.64163109365404,40.3604576251133,41.03843307495117,388028000
2023-10-31,40.329553945294535,40.75727737613491,39.11318548755272,40.6585693359375,517969000
2023-11-01,40.762256048704266,42.25479998188949,40.747301323669774,42.19896697998047,437593000
2023-11-02,43.19897822868172,43.75332234424489,42.76627246802236,43.37644958496094,409172000
2023-11-03,43.88892315557369,45.17408258825645,43.59280664299351,44.87099075317383,424610000
2023-11-06,45.15014941074925,45.79821535111658,44.765297265873905,45.61476135253906,400733000
2023-11-07,45.582867485335434,46.08037839216094,45.02353711440928,45.81816482543945,343165000
2023-11-08,45.96273036829276,46.72744863605115,45.831123444068034,46.43532180786133,346719000
2023-11-09,47.32565858468725,48.08638711878528,46.610794508396026,46.81019973754883,540496000
2023-11-10,47.358561621942854,48.32766746778713,47.14220871523475,48.19107437133789,421245000
2023-11-13,48.176113818422,48.96974494304787,47.9557712363459,48.4752197265625,384136000
2023-11-14,49.532067353089744,49.6856081153753,48.89397370012533,49.50813674926758,416954000
2023-11-15,49.78630718435211,49.811230458479834,48.05647298035821,48.74242401123047,475497000
2023-11-16,48.53405466377334,49.377536290551284,48.18609481694431,49.33266830444336,339756000
2023-11-17,49.37653194691317,49.56895804695832,48.861073108178935,49.151206970214844,325205000
2023-11-20,49.16516232495467,50.39748190834169,49.0345518906684,50.25889587402344,414120000
2023-11-21,49.97673388984551,50.366568411025234,49.07542649691953,49.7952766418457,565747000
2023-11-22,49.703557028583894,50.18511670142029,47.547992253967436,48.57093811035156,899420000
2023-11-24,48.32567320692598,48.77533048753054,47.60282974083701,47.63373947143555,294645000
2023-11-27,47.65766154840481,48.38548731555285,47.510103445888454,48.09834671020508,395662000
2023-11-28,48.09236930689928,48.17911204503058,47.33164078012809,47.67860412597656,401491000
2023-11-29,48.23494506927642,48.616804044774916,47.71748947427739,47.99665451049805,382005000
2023-11-30,47.88099726514556,47.96674352591701,46.28377015509841,46.630733489990234,526247000
2023-12-01,46.38645686608777,47.059446054000745,46.049462133229746,46.62574005126953,369317000
2023-12-04,45.93979415914972,45.93979415914972,44.87597007312704,45.374481201171875,437543000
2023-12-05,45.33459997495961,46.46532151700449,45.140163841646064,46.43142318725586,371718000
2023-12-06,47.07854443551646,47.25004822206123,45.2807538725136,45.371490478515625,380590000
2023-12-07,45.56792383673814,46.49423979899288,45.47220061553475,46.461334228515625,350823000
2023-12-08,46.4603430274887,47.60303102965734,46.41547109826504,47.368709564208984,359224000
2023-12-11,47.35375382727248,47.39363533790565,45.697554757992016,46.49224853515625,509728000
2023-12-12,45.91293129624922,47.528248529944456,45.91293129624922,47.5192756652832,372387000
2023-12-13,47.49135110162281,48.45356234904266,47.47041188410191,47.94902420043945,447792000
2023-12-14,48.25014760759364,48.52933716331639,47.28494671232897,48.210262298583984,391232000
2023-12-15,48.05471911639448,49.261221291787095,47.980931668648175,48.74870681762695,479948000
2023-12-18,49.25723229515319,50.28724399732617,49.0079548114807,49.932273864746094,412587000
2023-12-19,49.281163666785375,49.55636699628033,48.75369315436852,49.46064376831055,464444000
2023-12-20,49.511490749608875,49.85449831929735,47.95899143016388,47.971954345703125,397894000
2023-12-21,48.66993565248791,48.953115280045736,48.27906644393615,48.848419189453125,300425000
2023-12-22,49.05282008065704,49.24027646361489,48.32692345139222,48.68887710571289,252507000
2023-12-26,48.82647560877794,49.456649028909844,48.81849930781512,49.13657760620117,244200000
2023-12-27,49.36791528650649,49.536425600159234,48.94314392704513,49.27418518066406,233648000
2023-12-28,49.49953204501984,49.73983287122963,49.26919684127221,49.37887954711914,246587000
2023-12-29,49.66903891502132,49.85250906748791,48.61010784761711,49.37887954711914,389293000
