Date,Open,High,Low,Close,Volume
2015-01-02,170.47261940302778,170.88562603005016,168.65538016095968,169.68789672851562,121465900
2015-01-05,168.647096929558,168.8122970325031,166.31774648892383,166.6233673095703,169632600
2015-01-06,166.92893414109756,167.4493262708284,164.2609161597577,165.05389404296875,209151400
2015-01-07,166.3755058100245,167.44932502984875,165.9294644192436,167.11065673828125,125346700
2015-01-08,168.51487082072038,170.2908059455661,168.49835963917315,170.07603454589844,147217800
2015-01-09,170.48911913604712,170.50564292912694,168.1019414964393,168.71319580078125,158567300
2015-01-12,168.8453161791333,169.00226066188512,166.7885393225758,167.3915252685547,144396100
2015-01-13,168.60574554907672,169.72912357347792,165.62383853897953,166.92068481445312,214553300
2015-01-14,164.91349780540452,166.11122679229365,164.0214148168744,165.91297912597656,192991100
2015-01-15,166.54899117615352,166.86286751898896,164.2774556177399,164.39309692382812,176613900
2015-01-16,164.18664354580645,166.70598626909864,164.00491963763713,166.54904174804688,211879600
2015-01-20,167.18509260530192,167.4494229202586,165.343086412314,166.9042510986328,130991100
2015-01-21,166.4416173249317,168.22580840656576,165.97905206760984,167.74671936035156,122942700
2015-01-22,168.49841437027467,170.37345500531438,167.12722961914895,170.24130249023438,174356000
2015-01-23,169.98526193605554,170.24133663203494,169.1757724765252,169.3079376220703,117516800
2015-01-26,169.09313463881273,169.79523815908667,168.3827629216211,169.70437622070312,92009700
2015-01-27,167.655845533799,168.60575536241527,166.63985315825929,167.4658660888672,134044600
2015-01-28,168.64708417164115,168.74620170511815,165.12827308965936,165.31825256347656,168514300
2015-01-29,165.51646277051452,167.1024059669704,164.11223080965064,166.84634399414062,173585400
2015-01-30,165.6734494946458,166.9950628601836,164.48398864289024,164.74830627441406,197729700
2015-02-02,165.24387318713673,166.8793751012651,163.43490302874275,166.78851318359375,163107000
2015-02-03,167.68065470962785,169.20878394437813,167.3089513455954,169.2005157470703,124212900
2015-02-04,168.4405873095906,169.64657196321926,168.101918918727,168.5562286376953,134306700
2015-02-05,169.2170253881554,170.40648613676643,169.14268724235677,170.25779724121094,97953200
2015-02-06,170.6212406255758,171.18293601095024,169.26657983067707,169.78697204589844,125672000
2015-02-09,169.1426493477386,169.86127647070768,168.62225723582003,169.02700805664062,87219000
2015-02-10,170.0595726937605,171.08382082082983,169.06834693936443,170.8277587890625,96164200
2015-02-11,170.6625774875651,171.3564255088663,170.0182882386482,170.92689514160156,91087800
2015-02-12,171.7198709274691,172.62849042176754,170.95994035221958,172.57066345214844,97545900
2015-02-13,172.69452848136683,173.3305493595107,172.43845388699384,173.28099060058594,93670400
2015-02-17,172.9670836873572,173.7270265917829,172.71928991847454,173.55355834960938,76968200
2015-02-18,173.18188702097638,173.64445228011232,172.91755681349412,173.5701141357422,80652900
2015-02-19,172.97534624270514,173.80961464663997,172.83492557693128,173.4461669921875,91462500
2015-02-20,173.0331782281016,174.56130712996128,172.41366855501633,174.48696899414062,140896400
2015-02-23,174.2391617104285,174.46218872070312,173.85919023381086,174.46218872070312,74411100
2015-02-24,174.38785846833633,175.1560571033271,174.090493287688,174.9578094482422,72472300
2015-02-25,174.83389192729734,175.31298091762983,174.47044423780673,174.80911254882812,73061700
2015-02-26,174.71830246796685,174.87524698081072,173.99966246725876,174.6026611328125,72697900
2015-02-27,174.5034889950828,174.7678191855219,173.9583300342273,174.0078887939453,108076000
2015-03-02,174.10704020970294,175.1643359693863,174.0574814403365,175.1065216064453,87491400
2015-03-03,174.67691161878352,175.15600051081097,173.52875443746123,174.38780212402344,110325800
2015-03-04,173.79314592999464,173.86749668575007,172.6862914344985,173.65272521972656,114497200
2015-03-05,173.9748954523809,174.12358438184387,173.338874365786,173.84274291992188,76873000
2015-03-06,172.98364859577046,173.41317890386983,171.06730490510006,171.397705078125,188128000
2015-03-09,171.5959539499552,172.46325756122909,171.4390094552801,172.1080780029297,89818900
2015-03-10,170.74514307546252,170.82773680839537,169.27482842335175,169.31613159179688,157121300
2015-03-11,169.57217657973325,169.7456448282181,168.8370256294043,168.9196319580078,110145700
2015-03-12,169.54744806123233,171.13339173529823,169.4978892907865,171.06732177734375,93993500
2015-03-13,170.79467305582406,171.75283834092306,168.9857029767861,170.01821899414062,162410900
2015-03-16,170.74510926241626,172.38061105651056,170.04299334976287,172.2897491455078,136099200
2015-03-17,171.55466762970326,172.1576536807261,170.96819276629859,171.77769470214844,94510400
2015-03-18,171.30687635619972,174.51181159260238,170.67084266564368,173.84274291992188,228808500
2015-03-19,173.42965405316122,173.85091604621357,172.6614555905891,173.0496826171875,117917300
2015-03-20,173.99645232282884,175.08335767044954,173.81391724732686,174.57723999023438,177715100
2015-03-23,174.58551785943564,175.15801303387462,174.23704528808594,174.23704528808594,71784500
2015-03-24,174.11257043384242,174.5688953590549,173.191602819688,173.2579803466797,77805300
2015-03-25,173.46540362154204,173.69771863356073,170.67761081709924,170.71908569335938,159521700
2015-03-26,170.0552950596819,171.22516228305733,169.35833753017545,170.3125,153067200
2015-03-27,170.19636661978635,170.87671404274337,170.00552650267113,170.70248413085938,118939000
2015-03-30,171.73135707604655,173.0837725574656,171.71477218612802,172.7850799560547,96180400
2015-03-31,171.96363121206426,172.66058888963727,171.21690621635824,171.2749786376953,126768700
2015-04-01,171.24180662976426,171.26669662045506,169.6819663586385,170.6693115234375,137303600
2015-04-02,170.60293450290862,171.73132717172223,170.42039946381973,171.28329467773438,86900900
2015-04-06,170.39553160211617,172.95100982101852,170.26278918753715,172.4365997314453,114368200
2015-04-07,172.46148275849654,173.20820786869345,171.94707268970402,171.98025512695312,81236300
2015-04-08,172.20428539278765,173.00079052443866,171.81432527158861,172.56105041503906,89351900
2015-04-09,172.3951263173616,173.5567016665092,171.9056061816652,173.3243865966797,85548900
2015-04-10,173.57330318765517,174.31173596083772,173.37418321480183,174.27024841308594,72722900
2015-04-13,174.1291290766868,174.75970915796123,173.4321841386416,173.48196411132812,74436600
2015-04-14,173.28288096153133,173.99642359516923,172.6606058505757,173.8138885498047,75099900
2015-04-15,174.27851832960081,175.09991337221425,174.195543250851,174.5937957763672,99529300
2015-04-16,174.26189611739576,175.05010861308017,174.0627635527124,174.5439910888672,68934900
2015-04-17,173.35754046703426,173.5981479249098,171.7562126949012,172.5361328125,191113200
2015-04-20,173.4571243470922,174.4444696253035,173.37416192199962,174.1125946044922,92189500
2015-04-21,174.79295459151788,174.9505996686606,173.606489280764,173.90518188476562,72559800
2015-04-22,174.24532765331014,174.94228541591448,173.324359960795,174.75975036621094,78264600
2015-04-23,174.3614273789198,175.84659727650632,174.2452699003557,175.19943237304688,102585900
2015-04-24,175.61430791029204,175.87151288886338,175.15797037078605,175.6060028076172,61327400
2015-04-27,176.17021507638887,176.29466502117256,174.68504488080637,174.87588500976562,79358100
2015-04-28,174.85102087644302,175.48158845695426,173.6811405816105,175.4318084716797,86863500
2015-04-29,174.5439650518762,175.30728744563643,173.90510524005842,174.7099151611328,125684900
2015-04-30,174.13746218128156,174.52742224365647,172.26233184044423,172.95928955078125,161304900
2015-05-01,173.7392317039157,174.87592968427109,173.63967172265475,174.83444213867188,103399700
2015-05-04,175.25757748874994,175.9130477655993,175.1497250669073,175.33226013183594,70927200
2015-05-05,175.09165227666028,175.4484299868982,173.1833390657276,173.3243865966797,113326200
2015-05-06,173.87197243782254,174.17895746152567,171.54880933841025,172.61082458496094,135060200
2015-05-07,172.51122599256044,173.7225935877157,172.1793510498914,173.2994384765625,88244900
2015-05-08,174.96717621586973,175.78027883907203,174.8842011346324,175.58114624023438,155877300
2015-05-11,175.5396971735505,175.80519468415648,174.66850933332694,174.74317932128906,75708100
2015-05-12,173.91341300842794,174.7597105314007,173.09200547199407,174.22039794921875,119727600
2015-05-13,174.62699413270371,175.24926925428832,174.02131655922287,174.25363159179688,94667900
2015-05-14,175.26585334388207,176.1619309693813,174.99205079218353,176.07066345214844,95934000
2015-05-15,176.26145935058594,176.4025068228175,175.78023186050478,176.26145935058594,76510100
2015-05-18,176.0955698911435,177.0580124734228,176.02919235784495,176.80911254882812,74549700
2015-05-19,176.92524966742405,177.1990522131285,176.46891209125,176.75100708007812,72114600
2015-05-20,176.85056630185804,177.3732814015002,176.31126631603755,176.62655639648438,76857500
2015-05-21,176.48554883127272,177.34843153585038,176.31959865019664,177.14100646972656,64764600
2015-05-22,176.75930935079924,177.17415941398292,176.65145694332057,176.71783447265625,57433500
2015-05-26,176.228266945015,176.6514220283665,174.4029295598266,174.81777954101562,124308600
2015-05-27,175.27412563801573,176.70950309837983,174.8675680788576,176.47718811035156,93214000
2015-05-28,176.1702416142466,176.38595910443956,175.5894540174039,176.27810668945312,74974600
2015-05-29,176.21175530193312,176.25323018911732,174.91742484828134,175.18292236328125,124919600
2015-06-01,175.84664258087983,176.17851755936138,174.75143236349666,175.53965759277344,93338800
2015-06-02,175.0833377129909,176.0540854164766,174.46106257022674,175.3654327392578,91531000
2015-06-03,175.8964251361335,176.45232269634687,175.34052757592013,175.83004760742188,87820900
2015-06-04,175.1248145661451,175.78027210602187,174.0296043048185,174.3448944091797,151882800
2015-06-05,174.19554356303513,174.71825870761285,173.39073340655372,174.04620361328125,121704700
2015-06-08,173.9383617105217,174.0877143403882,172.90123638724768,172.9759063720703,89063300
2015-06-09,172.9509735107422,173.49028614130725,172.32040602815917,172.9509735107422,105034700
2015-06-10,173.71432547087372,175.40692095542522,173.65625304064022,175.02525329589844,134551300
2015-06-11,175.46496915471943,175.971086709297,175.2326541454266,175.5894317626953,73876400
2015-06-12,174.7680459769165,175.46499109192928,173.97152823103042,174.24533081054688,135382400
2015-06-15,173.1086208896227,173.78067591599498,172.40337077095992,173.4985809326172,124384200
2015-06-16,173.3492477236761,174.5274330875997,173.17501778043052,174.4444580078125,85308200
2015-06-17,174.72653198242188,175.33222213944873,173.70600445707223,174.72653198242188,126708600
2015-06-18,175.3239644513541,177.00825500991627,174.75977433686225,176.5436248779297,165867900
2015-06-19,176.30182373940372,176.3768569276957,175.38470903205058,175.7598876953125,130478700
2015-06-22,176.67698711889116,177.24392145490066,176.45187485168697,176.66030883789062,70696000
2015-06-23,176.8687485589522,177.11887189486686,176.39352567033555,176.78536987304688,68476800
2015-06-24,176.51860864780568,176.89378734958865,175.47643851962894,175.50144958496094,92307300
2015-06-25,176.00165632585197,176.1267116240838,174.8927860349281,174.9678192138672,97107400
2015-06-26,175.32635352834328,175.56814411418458,174.38424041488037,174.93450927734375,104174800
2015-06-29,173.45878205663925,174.9428311592116,171.19101905728778,171.26605224609375,202621300
2015-06-30,172.80010020136746,172.8501350423014,171.14930666095873,171.62454223632812,182925100
2015-07-01,173.19195405817197,173.44207737125143,172.21648458678231,173.0001983642578,135979900
2015-07-02,173.47541370625456,173.6421583216005,172.4248984581577,172.84176635742188,104373700
2015-07-06,171.5578071054906,173.12522164882452,171.35770594766598,172.349853515625,117975400
2015-07-07,172.54998831500768,173.55880163478903,170.17383589953536,173.43374633789062,173820200
2015-07-08,172.09976241238823,172.3832295642684,170.29055704167047,170.5240020751953,164020100
2015-07-09,172.61668341636218,172.87515224406943,170.72411199229873,170.83248901367188,144113100
2015-07-10,172.82513914137888,173.40041904782046,170.87419984963972,172.98355102539062,129456900
2015-07-13,174.2425243385516,175.00121457418837,174.20083498626724,174.89283752441406,106069400
2015-07-14,174.85110984533196,175.95998021965312,174.79274222056702,175.6514892578125,81709600
2015-07-15,175.69318389756324,176.15174124239255,175.11790402148668,175.5931396484375,97914100
2015-07-16,176.6436688574949,177.00218200683594,176.40189097866778,177.00218200683594,106683300
2015-07-17,176.99380980423336,177.21058930613975,176.5852873062746,177.1522216796875,89030000
2015-07-20,177.37734308080402,177.73584347269255,176.92713121534828,177.2439422607422,70446800
2015-07-21,177.11054402998832,177.36901289331283,176.2434641305146,176.54360961914062,77965000
2015-07-22,175.85996069770812,176.56030873500586,175.82661684917207,176.226806640625,88667900
2015-07-23,176.36021385328118,176.4602581243097,174.87616446460365,175.2346649169922,90509100
2015-07-24,175.33470989252405,175.3930648060229,173.08362489603817,173.4171142578125,117755000
2015-07-27,172.53337800449282,173.0419576152356,171.9664307510033,172.40830993652344,132361100
2015-07-28,173.24199465957545,174.66768879097515,172.4166041766928,174.5259552001953,123544800
2015-07-29,174.6509599728158,175.9515856970879,174.50922642304744,175.7264862060547,105791300
2015-07-30,175.21793500317514,175.9349483664293,174.60096587420767,175.76820373535156,91304400
2015-07-31,176.2684852726826,176.29349633801456,175.21798236332967,175.50144958496094,103266900
2015-08-03,175.46805330387474,175.5264081982769,173.95898072291158,174.90943908691406,113965700
2015-08-04,174.8344311081119,175.29298843792213,174.08407382064158,174.56764221191406,81820800
2015-08-05,175.4597248225571,176.1767382349005,174.85943393213935,175.14291381835938,85786800
2015-08-06,175.32628370010627,175.43467341761115,173.12522184868564,173.70884704589844,116030800
2015-08-07,173.5505327067585,173.7005991182477,172.4750058705327,173.3754425048828,117858000
2015-08-10,174.48422711234036,175.64311936484467,174.48422711234036,175.55975341796875,80270700
2015-08-11,174.22583137864711,174.64269942277045,173.2170051142753,173.9757080078125,126081400
2015-08-12,172.67505252000194,174.36753547494192,171.2160146125157,174.18411254882812,172123700
2015-08-13,174.025685828599,174.7093553533563,173.42539498015836,173.9673309326172,89383300
2015-08-14,173.77557948836994,174.67601584894675,173.63384590223302,174.60098266601562,72786500
2015-08-17,174.0090921251245,175.57650756835938,173.5505346596282,175.57650756835938,79072600
2015-08-18,175.30130086270307,175.6514684043163,174.83441080721877,175.06785583496094,71692700
2015-08-19,174.3258512052676,175.09288677233275,172.87515875699717,173.6838836669922,172946000
2015-08-20,172.17479724965054,173.65884614356457,169.998746027617,170.05711364746094,194327900
2015-08-21,168.18956903137342,170.03213129099785,164.67954740121536,164.93800354003906,346588500
2015-08-24,156.31714588799085,164.64615924941685,152.07342055854252,157.99295043945312,507244300
2015-08-25,162.93697156316705,162.9536498402753,155.84188490846205,156.13369750976562,369833100
2015-08-26,160.1440304415734,162.4034481318135,157.05086393563715,162.12832641601562,339257000
2015-08-27,164.26267427664732,166.26363563658603,162.75361411543824,166.13858032226562,274143900
2015-08-28,165.49658334975751,166.61378645112822,165.01301498010434,166.1468963623047,160414400
2015-08-31,165.1714418279935,166.02185612224434,164.2543271261738,164.80459594726562,163298800
2015-09-01,161.01111043486603,162.38678262332616,159.01848167867516,159.8855743408203,256000400
2015-09-02,162.2616905798971,162.96203846399754,160.4274739883416,162.92034912109375,160269300
2015-09-03,163.62897835613708,165.12137251517248,162.54513202783446,163.0370330810547,152087800
2015-09-04,160.78599337005926,161.62806215377893,159.75215614582967,160.5692138671875,207081000
2015-09-08,163.36221854722507,164.75455600996594,162.7202383253575,164.60447692871094,116025700
2015-09-09,166.18029407215408,166.30534940483957,162.03662442512285,162.40345764160156,149347700
2015-09-10,162.21165920366735,164.42939981290357,161.9532031029294,163.2871856689453,158611100
2015-09-11,162.89532399093918,164.09590572079074,162.18664338818505,164.02920532226562,119691200
2015-09-14,164.20430715869924,164.25432928458272,162.9370248418414,163.42059326171875,79452000
2015-09-15,163.92082498705662,165.90512061114862,163.37890171043026,165.46324157714844,113806200
2015-09-16,165.76339385199034,167.08903100857285,165.4215590465416,166.8972625732422,99581600
2015-09-17,166.76390058189295,169.1567191508858,166.14693127954274,166.52210998535156,276046600
2015-09-18,164.01876403278732,166.5078213622885,163.3902112311698,163.8008575439453,223657500
2015-09-21,164.63055861904252,165.66975777619078,163.5997355626022,164.64732360839844,105726200
2015-09-22,162.48512807068556,162.97121054142366,161.37886876736252,162.51026916503906,153890900
2015-09-23,162.6778691251511,163.14718657021248,161.67218705888504,162.25045776367188,92790600
2015-09-24,161.03523499204192,162.12472915587193,159.70270601966715,161.66378784179688,159378800
2015-09-25,163.1220738481947,163.423779799342,160.7503323298869,161.62193298339844,155054800
2015-09-28,160.7251729410433,160.8341262073183,157.25556129169289,157.56564331054688,178515900
2015-09-29,157.78352463470284,159.0154891991918,156.66050053114188,157.65780639648438,159045600
2015-09-30,159.54347975454826,160.76706833242253,158.76408031426854,160.59945678710938,163452000
2015-10-01,160.97654180415807,161.3201536899569,159.08250756457684,161.01844787597656,131079000
2015-10-02,159.04063173097632,163.44887766254922,158.495878269638,163.42373657226562,211003300
2015-10-05,164.64731598970752,166.55811547378664,164.5383627458455,166.3318328857422,126320800
2015-10-06,166.19776314261216,166.75926885770076,165.09989280505525,165.761962890625,110274500
2015-10-07,166.69218957934794,167.4716016642994,165.50213120205433,167.11961364746094,124307300
2015-10-08,166.7341111939089,168.9130994493407,166.43240532450972,168.62815856933594,153055200
2015-10-09,168.7706200665533,169.20640746419622,168.10016119364352,168.7287139892578,107069200
2015-10-12,168.80414255469205,169.08908342854323,168.3767312439153,168.88795471191406,56395600
2015-10-13,168.15880088629515,169.4242952258818,167.65596637814147,167.82357788085938,88038700
2015-10-14,167.76490977995587,168.34318034427724,166.72571077201667,167.01902770996094,99106200
2015-10-15,167.68114875415054,169.59194848911545,167.31239568460623,169.5835723876953,134142200
2015-10-16,169.9858306966226,170.37133594189658,169.22318351896553,170.35458374023438,114580100
2015-10-19,169.7092222226557,170.43833923339844,169.39914032851217,170.43833923339844,76523900
2015-10-20,170.00256531023766,170.83224672217682,169.7511416628866,170.220458984375,78448500
2015-10-21,170.6395042149771,170.79035073953665,168.99688070478732,169.1645050048828,102038000
2015-10-22,170.1115694105604,172.23188703797183,169.16455831386938,172.02236938476562,174911700
2015-10-23,173.6900957948435,174.27674253547696,172.89393144770239,173.90798950195312,144442300
2015-10-26,173.73201452401705,173.79067280838166,173.1118377599379,173.4805908203125,69033000
2015-10-27,172.81010415201033,173.48056299169156,172.4664922383321,173.1453399658203,77905800
2015-10-28,173.48063287572057,175.1400092617336,172.8185626571414,175.1148681640625,135906700
2015-10-29,174.61202714912287,175.38305062187098,174.49469776822517,175.01429748535156,90525500
2015-10-30,175.20700293085025,175.5254737879926,174.10075660741566,174.25997924804688,131076900
2015-11-02,174.58687106445788,176.51442318688035,174.46115280346794,176.32167053222656,86270800
2015-11-03,175.96967410022543,177.3860153733307,175.74339147149564,176.8328857421875,95246100
2015-11-04,177.12621850842723,177.25192397763175,175.76015939934234,176.29652404785156,96224500
2015-11-05,176.3551879167048,176.81612929827372,175.2321763964768,176.1205291748047,78408700
2015-11-06,175.77690939553904,176.26299181489833,174.70418019003608,176.0283203125,110471500
2015-11-09,175.41647341128134,175.5673326986383,173.43862720639353,174.38565063476562,131008700
2015-11-10,173.90795700910348,174.8214633216322,173.6397811726082,174.78793334960938,75874600
2015-11-11,175.0561995797447,175.10648177213253,174.03375237471542,174.10079956054688,67846000
2015-11-12,173.06150299968849,173.53082028378722,171.65355114739225,171.67030334472656,121315200
2015-11-13,171.25976242327852,171.52793841283568,169.6590442259189,169.7428436279297,153577100
2015-11-16,169.5584285031652,172.3827219761185,169.44108635756888,172.3240509033203,117645200
2015-11-17,172.63417984038364,173.5141438029439,171.70392089635575,172.19837951660156,121123700
2015-11-18,172.67602370486216,175.07290561750696,172.63413041421526,174.93043518066406,121342500
2015-11-19,174.8131192434579,175.1986372929131,174.48627226611268,174.77960205078125,88220500
2015-11-20,175.53384851339226,176.09535416536397,175.03939003018522,175.41651916503906,94011500
2015-11-23,175.4751470125494,175.97798147252328,174.75440611077713,175.21534729003906,64931200
2015-11-24,174.20967417883455,175.8522976407663,173.82416899099331,175.4500274658203,98874400
2015-11-25,175.5757580407517,175.77689955099623,175.16509891948007,175.42491149902344,51980100
2015-11-27,175.51711484805486,175.8272096574253,175.0394212687719,175.62606811523438,37317800
2015-11-30,175.7853408693086,175.9026702634962,174.78803462474173,174.89698791503906,112822700
2015-12-01,175.5254827993396,176.68202415007264,175.24891800729733,176.56468200683594,97858400
2015-12-02,176.51441225203928,176.83288314795413,174.51142418192845,174.76284790039062,108441300
2015-12-03,175.014230831383,175.2824066907532,171.59490230582782,172.31564331054688,166224200
2015-12-04,172.31570246678578,175.96969091918655,172.31570246678578,175.67636108398438,192913900
2015-12-07,175.34947755684817,175.76851278396063,173.6481955578069,174.6119842529297,102027100
2015-12-08,173.05316968576795,174.56168624677528,172.45813404692703,173.4386749267578,103372400
2015-12-09,172.8017509958119,174.88853826661926,171.11722117910855,172.08938598632812,162401500
2015-12-10,172.15644016941516,173.84095726678345,171.9217814530039,172.5335693359375,116128900
2015-12-11,170.42164670400737,171.0837167933455,168.8795872161852,169.18968200683594,211173300
2015-12-14,169.34890738654443,170.17021287319162,167.57218927991457,170.04449462890625,182385200
2015-12-15,171.55300981600035,172.7346921593939,170.01933943609507,171.82957458496094,154069600
2015-12-16,172.95259575159645,174.645501651764,171.6368317866301,174.3437957763672,197017000
2015-12-17,174.6538513489731,174.7208985098075,171.6703230255021,171.6870880126953,173092500
2015-12-18,170.94695057401952,171.08183013755726,168.4683568893084,168.6285400390625,251393500
2015-12-21,169.80037124585664,170.19660966654243,168.6875281416203,170.01956176757812,99094300
2015-12-22,170.90474783070158,171.8574076490797,169.91837134677345,171.5623321533203,111026200
2015-12-23,172.56552950669848,173.72895356495232,172.4727926199675,173.68679809570312,110987200
2015-12-24,173.43393705200427,173.94820307781427,173.18101701464653,173.40020751953125,48539600
2015-12-28,172.70883085826253,173.0460488510695,171.93321918357302,173.00390625,65899900
2015-12-29,174.0998986396959,175.1790118238626,174.06618198070987,174.8502197265625,92640700
2015-12-30,174.60576189281886,174.69007284761014,173.46762832336478,173.61094665527344,63317700
2015-12-31,172.93652912124026,173.577248708989,171.874267578125,171.874267578125,114877900
2016-01-04,169.0247378144135,169.47998356786456,167.42291956654066,169.4715576171875,222353500
2016-01-05,169.79192589823398,170.2134550219774,168.6538049825555,169.75820922851562,110845800
2016-01-06,167.21218979593286,168.66225118483942,166.58833485087854,167.6168670654297,152112600
2016-01-07,164.6745725350337,166.45342598970592,163.20764652208442,163.595458984375,213436100
2016-01-08,164.5564392001365,165.11286038532694,161.51300030203979,161.7996368408203,209817200
2016-01-11,162.7186624135249,163.05589341995838,160.02931749748547,161.9599151611328,187941300
2016-01-12,163.40158554684098,164.0170145779769,161.1421823416065,163.26669311523438,172330500
2016-01-13,163.93262288028626,164.27827974207577,158.81526759221558,159.19464111328125,221168900
2016-01-14,159.80162123440437,162.92935871655774,158.20824238061778,161.80809020996094,240795600
2016-01-15,157.45797250848364,159.13564997514615,156.40414983282272,158.33474731445312,324846400
2016-01-19,160.14738144377125,160.2738350598248,156.97747358482457,158.54556274414062,195244400
2016-01-20,155.9910714143323,158.07342638030607,152.61041236653622,156.51376342773438,286547800
2016-01-21,156.98588434296087,159.2284095391439,155.66227669927426,157.3905487060547,195772900
2016-01-22,159.99560852432583,160.82180208417086,159.23686117443438,160.61947631835938,168319600
2016-01-25,160.11360839355606,160.3075081734972,157.997536987637,158.19143676757812,130371700
2016-01-26,158.8490580439721,160.62791173616895,158.5118398383817,160.34970092773438,141036800
2016-01-27,159.82700049285475,161.49625239213077,157.7024898893812,158.6045684814453,185681700
2016-01-28,160.14732966105083,160.3496553813156,157.78676430027338,159.43072509765625,143798800
2016-01-29,160.1978876241089,163.4520920768119,160.0798600165619,163.31719970703125,210529300
2016-02-01,162.31400336657373,164.0422753468065,161.73229111753486,163.2582244873047,136061600
2016-02-02,161.83347120425384,161.84189715589827,159.7932588700517,160.3159637451172,182564900
2016-02-03,161.36972968943766,161.6816570229346,157.73615188427675,161.27699279785156,205054900
2016-02-04,160.77964692255767,162.4994801181011,160.14735322560009,161.52996826171875,139531800
2016-02-05,161.01567798450176,161.58895134209288,157.82048044601333,158.45277404785156,180788300
2016-02-08,156.6149455486678,156.91000823816955,154.1110613436716,156.3198699951172,191526700
2016-02-09,154.58310851845235,157.60125756788545,154.448216157082,156.32823181152344,184513100
2016-02-10,157.15442962845486,158.7815252359378,156.0668777100476,156.19334411621094,148214100
2016-02-11,153.72322723314252,155.20701788010714,152.66940449594475,154.16162109375,219058900
2016-02-12,155.93206008196765,157.35681772325216,155.0890018292547,157.3399658203125,127632400
2016-02-16,159.1440301389423,160.0208046217872,158.18294472749776,159.99551391601562,120250700
2016-02-17,161.15897844483843,162.97998690347998,161.03251202007326,162.60903930664062,136009500
2016-02-18,162.87889540086633,162.93791566907976,161.6311724551763,161.94309997558594,102343000
2016-02-19,161.167447593684,162.01893181353807,160.56044461143512,161.8671875,114793000
2016-02-22,163.44366003440703,164.35416427207795,163.37621384672272,164.21084594726562,103640300
2016-02-23,163.5533560924553,163.82314099889933,162.0189833811727,162.13702392578125,111455300
2016-02-24,160.71216217133053,163.1570254008844,159.60775817044836,162.87881469726562,150812200
2016-02-25,163.32570510266916,164.86007761118927,162.56695766565306,164.8516387939453,110728300
2016-02-26,165.71994908705076,165.81267313539044,164.312030636082,164.4722137451172,129833700
2016-02-29,164.48908530726592,165.43330637127323,162.98844274594833,163.18234252929688,125918100
2016-03-01,164.4047791383236,167.1025757382741,163.93266859254652,167.0182647705078,141799700
2016-03-02,166.70632132039938,167.81915137646766,166.29321820053025,167.76856994628906,102415000
2016-03-03,167.59153048775184,168.44302748531464,167.0182570982276,168.42616271972656,95172200
2016-03-04,168.62003825160113,169.7497458306991,167.79384495325377,168.97412109375,129293600
2016-03-07,168.05521656875482,169.5137165001027,167.97934441899835,169.10903930664062,100219000
2016-03-08,168.0383659502354,168.54419314985492,167.10257083728501,167.2627410888672,123974900
2016-03-09,168.07206345871057,168.43457226724504,167.288012735809,168.08892822265625,94801200
2016-03-10,168.57791165780847,169.5137067095646,166.40282010875242,168.22381591796875,156838700
2016-03-11,169.67394984196937,170.9806930956562,168.2070362783658,170.93853759765625,137964500
2016-03-14,170.43260165990134,171.17448392315413,170.10380956740292,170.71923828125,73612000
2016-03-15,169.75819548969022,170.74457201573492,169.49684951236813,170.44107055664062,93169100
2016-03-16,169.96054660976955,171.83213693477836,169.9183911248905,171.42745971679688,129303200
2016-03-17,171.34317934497128,173.02085718598437,170.94694090138395,172.51502990722656,134278500
2016-03-18,173.01495584424373,173.53187424367286,172.701419627185,173.1929168701172,138372400
2016-03-21,172.93028446198593,173.66752412335737,172.70148104175357,173.438720703125,72926700
2016-03-22,172.66757684486328,173.91326567280092,172.5065804405716,173.3455047607422,97471900
2016-03-23,172.96412238673693,173.150552830856,172.0319701661417,172.2014617919922,81052500
2016-03-24,171.17607690453912,172.15907134055288,170.95575591594056,172.1251678466797,84360900
2016-03-28,172.54040388108646,172.7522554642158,171.77774335397856,172.22686767578125,62408200
2016-03-29,171.82012757996412,173.93017430072314,171.51506073997965,173.82000732421875,92922900
2016-03-30,174.81989904080604,175.3029138438038,174.21823495839973,174.58262634277344,86365300
2016-03-31,174.48942346607075,174.91312658967516,173.9979262910424,174.158935546875,94584100
2016-04-01,173.16750911313966,175.53176736306241,172.85395994142385,175.3453369140625,114423500
2016-04-04,175.26906990288444,175.4724520968894,174.47250580602636,174.77757263183594,63497000
2016-04-05,173.43867285349214,174.78604597682616,172.7776968710869,173.03192138671875,99662200
2016-04-06,173.03193326593185,174.98097077905592,172.85397221365315,174.92164611816406,91839800
2016-04-07,173.83696804503958,174.1928772216563,172.09978214243185,172.82855224609375,113859000
2016-04-08,174.00645032583586,174.43863592304353,172.7607617169382,173.2946319580078,95040600
2016-04-11,173.93013874413782,174.6250180994244,172.79461743370686,172.88783264160156,83757500
2016-04-12,173.0573365069002,174.7775704690855,172.6166815572068,174.4979248046875,115350600
2016-04-13,175.41313736255353,176.3452896414696,175.27754922554817,176.2605438232422,96336400
2016-04-14,176.31983717373794,176.76896148372217,175.92155517350372,176.26898193359375,65212900
2016-04-15,176.2690270780215,176.40461522567665,175.752108579184,176.07412719726562,75761600
2016-04-18,176.07407569837335,177.34518511746666,175.41309983487633,177.31129455566406,82531000
2016-04-19,177.73503026630098,178.12482998523546,177.05710253247176,177.87060546875,88316100
2016-04-20,177.91295087628632,178.7349360253094,177.4384054150759,178.04006958007812,81100300
2016-04-21,178.057001050569,178.16716800323152,176.8113128010852,177.08248901367188,85695000
2016-04-22,176.72657993244698,177.35365229586503,176.18424043766717,177.08248901367188,99251700
2016-04-25,176.4808531477876,176.81982346782792,175.87071950211055,176.77745056152344,66166500
2016-04-26,177.14179997053336,177.54856428767246,176.56556991684315,177.0401153564453,75864200
2016-04-27,176.65878883136563,177.7943101471621,176.30287974419332,177.40451049804688,77329400
2016-04-28,176.65033756160483,177.75195549817673,175.37922800673414,175.79444885253906,97216200
2016-04-29,175.1758401291601,175.5232798328265,173.74372134169164,174.84535217285156,142424100
2016-05-02,175.34531294727643,176.41304024801133,174.91314038206343,176.23509216308594,62188000
2016-05-03,175.00634545912317,175.24361817887922,173.95555703563667,174.70127868652344,106422100
2016-05-04,173.70983730544705,174.43860730448847,173.22680946555437,173.72677612304688,92243800
2016-05-05,174.19283770960945,174.54874680549554,173.26916794192456,173.69287109375,67619200
2016-05-06,172.9217023019659,174.37077255310513,172.7691753967892,174.32839965820312,89315000
2016-05-09,174.20130986701582,174.9046456791933,174.02334886427658,174.47247314453125,74374900
2016-05-10,175.1758363826888,176.65879745012035,175.10804232510174,176.641845703125,77472200
2016-05-11,176.18430254014646,176.7181598849642,174.9894561767578,174.9894561767578,81727000
2016-05-12,175.65885569735008,175.82834731079288,174.03183706537783,175.04025268554688,89586300
2016-05-13,174.74367267247877,175.29448163900955,173.1929174688306,173.51492309570312,96474600
2016-05-16,173.68438148328653,175.70119945871832,173.62505684234227,175.22665405273438,77486800
2016-05-17,174.95552656862571,175.24364163397829,173.0658010349655,173.59120178222656,114924900
2016-05-18,173.24374681139082,174.81992305361686,172.557349774201,173.64202880859375,120062100
2016-05-19,172.9217383836145,173.32848981268344,171.83705928583413,173.04037475585938,115430500
2016-05-20,173.65053228615866,174.650478644596,173.59968996682053,174.13356018066406,104990400
2016-05-23,174.15049760539685,174.43014328991345,173.7098555543978,173.8962860107422,58682600
2016-05-24,174.70972644521828,176.4638634029026,174.68430529485113,176.1503143310547,93537800
2016-05-25,176.82831162377144,177.76046393971208,176.15038384221432,177.34523010253906,76621400
2016-05-26,177.48078767711476,177.70959101169245,177.08250565893664,177.3960418701172,55280700
2016-05-27,177.55707291212292,178.16720659219732,177.5062305938494,178.1587371826172,64211200
2016-05-31,178.42986622882066,178.5400331841697,177.26044141171204,177.81973266601562,109879400
2016-06-01,177.20957244558164,178.36204534302541,177.01467264884693,178.18409729003906,69936200
2016-06-02,177.7858494101513,178.74340976386634,177.3113039374439,178.72647094726562,63044700
2016-06-03,178.16716002426546,178.5400208346773,176.98926588067863,178.1925811767578,101757100
2016-06-06,178.54852805069498,179.45525911623767,178.3875187638868,179.09934997558594,64887000
2016-06-07,179.25183101075677,179.93822795837676,179.2264098593925,179.37893676757812,60974800
2016-06-08,179.51459018821174,180.09083333308234,179.38748438513582,179.96371459960938,66170900
2016-06-09,179.23489823755855,179.83656238777846,178.96373495084086,179.71792602539062,73786900
2016-06-10,178.3451363787507,178.6840937280972,177.47229598991518,178.0146484375,113829200
2016-06-13,177.41298856148404,178.26886429403115,176.55711282893694,176.641845703125,117751200
2016-06-14,176.26048200142745,176.88756721733517,175.34528179323456,176.29437255859375,125059300
2016-06-15,176.29437185779872,177.4129541957186,175.86219937108888,176.0486297607422,109124500
2016-06-16,176.0486479088348,176.74352723833687,174.21824731103703,176.57403564453125,149533100
2016-06-17,176.47011618017717,176.49566953304955,175.26054315288454,175.91644287109375,117055700
2016-06-20,177.87563727878802,178.5485639825912,176.96419092301392,177.04937744140625,82789600
2016-06-21,177.43270284148394,177.96082289803414,176.98975631147866,177.5519561767578,72461700
2016-06-22,177.7308159554772,178.45486236220714,177.11750942210634,177.2623291015625,95560500
2016-06-23,178.7189417271232,179.62186172192614,178.2589682760942,179.5707550048828,102731400
2016-06-24,173.4547347208247,179.6048273711775,172.67958155075527,173.12252807617188,333444400
2016-06-27,171.71702689879322,171.7255533496306,169.21269390864185,170.0219268798828,230775800
2016-06-28,171.62336558393773,173.11403908076488,171.31671223039905,173.08848571777344,159382400
2016-06-29,174.48539942212344,176.26568575451566,174.3831860051859,176.03570556640625,137328600
2016-06-30,176.5042289771642,178.48894240865778,175.9505425669414,178.43783569335938,165021900
2016-07-01,178.43780696283076,179.298146523958,178.27596039201924,178.81260681152344,106055300
2016-07-05,177.98637112855883,178.09711100727978,176.93013104588525,177.52639770507812,109803700
2016-07-06,177.0323514386638,178.7104246011787,176.376451588928,178.59117126464844,96021500
2016-07-07,178.77005163259213,179.43446496128354,177.71381146782082,178.48043823242188,85593800
2016-07-08,179.77522885512255,181.3851557345207,179.5452355873109,181.13812255859375,133971000
2016-07-11,181.59805826929212,182.34765804487338,181.3936184220505,181.7769317626953,73633900
2016-07-12,182.7394538213966,183.3953535137022,181.8024542609601,183.0972137451172,101275600
2016-07-13,183.51466287223738,183.52317632624678,182.58618947726342,183.07171630859375,87324100
2016-07-14,184.33239401470564,184.56238724640937,183.70206048745473,184.09388732910156,91230900
2016-07-15,184.65606748793815,184.85198088781613,183.4039010235686,183.8468475341797,107155400
2016-07-18,183.96608149334548,184.5027279208938,183.71053495653027,184.34088134765625,58725900
2016-07-19,183.92351020759827,184.18757022804962,183.6764900910065,184.15350341796875,54345700
2016-07-20,184.15350877137692,185.15864216846145,184.15350877137692,184.92013549804688,58159500
2016-07-21,184.8094176802233,185.03088445714766,183.77871787722287,184.22166442871094,67777300
2016-07-22,184.3409212505255,185.0990345753437,184.07686120445751,185.0479278564453,62787500
2016-07-25,184.84350426323465,184.8946109866342,183.96613751783332,184.5453643798828,55873100
2016-07-26,184.44309323845644,184.98825311359136,183.78719349883522,184.6304931640625,70080500
2016-07-27,185.0053294300427,185.0734760525525,183.66797633386125,184.4346160888672,84083900
2016-07-28,184.23864234264187,184.9371352956895,183.77866900592056,184.64752197265625,65035700
2016-07-29,184.38347666204226,185.3034234086294,184.1023767681707,184.94566345214844,79519400
2016-08-01,185.00531169925665,185.3971384940866,184.34089844051198,184.7923583984375,73311400
2016-08-02,184.54530878477047,184.69864190641763,182.77354891834582,183.6083221435547,92295500
2016-08-03,183.548691897201,184.20459165480156,183.25056509657313,184.14495849609375,53993600
2016-08-04,184.25569483617224,184.65604804440085,182.50096187975078,184.34088134765625,46585500
2016-08-05,184.3408719822423,185.8911650309218,184.3408719822423,185.84857177734375,71892200
2016-08-08,186.0360266481112,186.1382530864224,185.47383972677943,185.73789978027344,39906500
2016-08-09,185.8059915214018,186.34262492404972,185.52489164495,185.84857177734375,51251700
2016-08-10,185.9593393883668,186.03599945766584,185.03937956386426,185.3886260986328,57941100
2016-08-11,185.91674052230485,186.49598024514216,185.65268051536748,186.2489471435547,72504300
2016-08-12,185.9422775017856,186.30005044482607,185.68674396766605,186.08709716796875,61313500
2016-08-15,186.4534497201718,186.97305645619718,186.44493626463242,186.62380981445312,49813500
2016-08-16,186.2063996367809,186.27453326544062,185.66123962402344,185.66123962402344,53213600
2016-08-17,185.69528553228906,186.14674550776292,184.86051219996892,186.0104522705078,75134300
2016-08-18,185.98495556449768,186.461969042551,185.87422864843404,186.4279022216797,52989300
2016-08-19,185.95929904631282,186.3340988562052,185.47377238177782,186.15521240234375,75443000
2016-08-22,185.91675056339253,186.3767369854356,185.55047711402338,186.14674377441406,61368800
2016-08-23,186.76006735483244,187.05820721101114,186.46192749865375,186.5215606689453,53399200
2016-08-24,186.37672479739823,186.4704247663063,185.1501117490151,185.5675048828125,71728900
2016-08-25,185.18422694144897,185.8571668024232,185.0309067691607,185.4397735595703,69224800
2016-08-26,185.627100488644,186.64927356118932,184.20457423805945,185.0904541015625,122506300
2016-08-29,185.21828644695944,186.26601316896983,185.18420663620492,186.001953125,70502200
2016-08-30,185.9167334635116,186.19783336276384,185.14159337511722,185.6952667236328,58114500
2016-08-31,185.3631039833095,185.48235733264187,184.39203728227727,185.1671905517578,85269500
2016-09-01,185.1586345348241,185.46528781237726,184.01720794523555,185.17567443847656,97844200
2016-09-02,186.02749217457432,186.43635888870114,185.43973896184536,186.0104522705078,79293900
2016-09-06,186.29154717458266,186.64930716450087,185.57602719474625,186.57264709472656,56702100
2016-09-07,186.41076585012152,186.73445897028816,185.9507925193483,186.55557250976562,76554900
2016-09-08,186.22346074585298,186.49604730111335,185.82310736634074,186.1297607421875,74102900
2016-09-09,184.81792135656548,184.86902807179513,181.64917503593986,181.6747283935547,221589100
2016-09-12,180.91659072552463,184.68160321216067,180.84844411519546,184.28125,168110900
2016-09-13,183.00357638087698,183.26763643886903,181.0103362679948,181.6321563720703,182828800
2016-09-14,181.6832181629531,182.88427780483661,181.0102915040864,181.56396484375,134185500
2016-09-15,181.40218712475806,183.76170088109808,181.22330059205066,183.37838745117188,134427900
2016-09-16,182.76366792581595,182.94345806111463,181.98461217497623,182.66949462890625,155236400
2016-09-19,183.32013997282112,183.96222703135763,182.3784070616497,182.7037353515625,80250500
2016-09-20,183.55980918083637,183.71390376903676,182.67801086846762,182.71224975585938,69665300
2016-09-21,183.4143028791124,184.94674482420382,182.72940744279296,184.7669677734375,110284400
2016-09-22,185.77717979797526,186.23092025195749,185.52891189540338,185.9312744140625,76678700
2016-09-23,185.5374671479672,185.67444884801776,184.81833281764258,184.91250610351562,73630900
2016-09-26,184.082030169297,184.26180717888167,183.2173448169915,183.4142608642578,89827300
2016-09-27,183.25163275907568,184.6470929586741,182.88349608546716,184.5529327392578,78494800
2016-09-28,184.77551177596033,185.62307129089558,183.81666606772146,185.46896362304688,87411000
2016-09-29,185.26349035952774,185.66586590978932,183.24305615132027,183.7909698486328,128070600
2016-09-30,184.62143417016583,185.87992589879707,184.37316624574723,185.17791748046875,117202900
2016-10-03,184.76693322463706,184.95526669769765,184.09915082820336,184.73268127441406,83512100
2016-10-04,184.844001895467,185.06658734449323,183.20026080352932,183.7909698486328,119948100
2016-10-05,184.41596250490633,185.0323671094434,184.34747165292507,184.60430908203125,72816000
2016-10-06,184.38167063273147,184.95526669769765,183.84232651798825,184.73268127441406,62927400
2016-10-07,185.00667607802794,185.1778966683796,183.37149135408836,184.09918212890625,89788300
2016-10-10,185.0580291748047,185.52032604567063,184.91249102910072,185.0580291748047,51855000
2016-10-11,184.6300194685232,184.69851033087284,181.99318005289527,182.7208709716797,130367400
2016-10-12,182.85784372771823,183.48281791726936,182.36129479750986,182.96058654785156,73866100
2016-10-13,181.63356111941394,182.8578006442703,180.82025358838365,182.3612518310547,101357000
2016-10-14,183.337212137685,183.79952203251673,182.37836652365132,182.45541381835938,93346200
2016-10-17,182.42974969872841,182.68658710349447,181.64212457052741,181.82191467285156,58275700
2016-10-18,183.414327058279,183.4742483953358,182.58389335505242,182.96058654785156,76869700
2016-10-19,183.22593141104383,183.75671909700407,182.86636429507476,183.44851684570312,66519200
2016-10-20,183.09755535598893,183.66259514566121,182.44691178997869,183.1061248779297,73639800
2016-10-21,183.10618391578785,183.27740458696513,182.14732464325547,183.19178771972656,89089100
2016-10-24,184.06492217477899,184.3388855386287,183.61973824016934,183.9707489013672,60146600
2016-10-25,183.79098459336805,184.0478220171836,183.1917059799945,183.3543701171875,66542300
2016-10-26,182.53248092126256,183.56837386828238,182.29275644560417,182.98622131347656,75705500
2016-10-27,183.70538728812593,183.73962618296824,182.42121318718085,182.49826049804688,77220200
2016-10-28,182.47262886613797,183.1489549997593,181.24838881942526,181.95895385742188,140623200
2016-10-31,182.292783476287,182.51538200884306,181.80480412278754,181.96746826171875,61272500
2016-11-01,182.29277374641168,182.34415167961674,179.44191895997065,180.64903259277344,122781800
2016-11-02,180.34085382978796,180.7261165309572,179.12517051792338,179.56179809570312,103330800
2016-11-03,179.77583549116116,179.98986452919675,178.465978823447,178.73992919921875,88939300
2016-11-04,178.85117098823267,179.6901608899193,178.39743061851397,178.54296875,109122100
2016-11-07,178.54299901440498,182.51537683425684,178.54299901440498,182.4811248779297,109794900
2016-11-08,182.08732580286676,183.86804876461554,181.8219319159806,183.30300903320312,106772100
2016-11-09,181.8133801094974,185.8628188492065,181.78769767041217,185.2464141845703,258429000
2016-11-10,186.03400745605103,186.89867990417122,184.2532846271845,185.70867919921875,172113300
2016-11-11,184.98954808289514,185.52033582618566,184.338904621336,185.28062438964844,100552700
2016-11-14,185.80288643230247,186.00835901047284,184.68137636929268,185.4261932373047,94580000
2016-11-15,185.81142771850293,186.87301635742188,185.60596822040515,186.87301635742188,91652600
2016-11-16,186.25659404633944,186.75314289173917,186.13673832940114,186.52198791503906,65617700
2016-11-17,186.676099078109,187.54077154766955,186.5647998162659,187.48085021972656,69797200
2016-11-18,187.54934800622104,187.720568602341,186.88156547375317,187.0613555908203,86265800
2016-11-21,187.63494794012425,188.49962042400998,187.48940978323023,188.47393798828125,72402600
2016-11-22,188.7821371419699,189.02184858031546,188.11436769753672,188.84207153320312,67429000
2016-11-23,188.3283891520488,188.9961585697166,188.13148613486294,188.94479370117188,56620200
2016-11-25,189.28728337550007,189.6810894836144,189.2102229949598,189.6468505859375,37872300
2016-11-28,189.338604842378,189.61255515086893,188.65370947621184,188.75643920898438,76572500
2016-11-29,188.79077945568625,189.57840492298124,188.49113351057136,189.12466430664062,69886700
2016-11-30,189.74101303143192,189.90367717850862,188.61093352329578,188.67086791992188,113291800
2016-12-01,188.97050173292382,188.97050173292382,187.61783673708024,187.9774169921875,79040500
2016-12-02,188.06299200507038,188.55954083115392,187.71198132508658,188.07154846191406,74840300
2016-12-05,188.9019990580523,189.5440860882473,188.70509602651484,189.20164489746094,67837800
2016-12-06,189.3900322254395,189.83521631989439,188.9106092298559,189.80096435546875,59877400
2016-12-07,189.64685211186347,192.34361274349058,189.5269963740866,192.28369140625,110738100
2016-12-08,192.2579960253395,193.22539832109896,191.99258906506745,192.75453186035156,99714400
2016-12-09,192.9771338845785,193.93597973954576,192.94288192501824,193.91885375976562,88005800
2016-12-12,193.8246554596792,194.30409138860358,193.27674174705902,193.6962432861328,102016100
2016-12-13,194.35549606822372,195.48556261678567,194.33837008714514,194.989013671875,110477500
2016-12-14,194.68934251772694,195.39135084417444,192.94285856387455,193.37948608398438,142501800
2016-12-15,193.61921946002988,195.0318057935021,193.38806445632346,194.17568969726562,124972600
2016-12-16,194.6312573112015,194.6915449704416,193.47730315707153,193.79592895507812,156420200
2016-12-19,193.97675592107728,194.63985439307436,193.83035994627357,194.21788024902344,90341100
2016-12-20,194.7517810332149,195.11348063664968,194.51927675423596,194.96707153320312,89838800
2016-12-21,194.8379146533777,195.010144436063,194.424560546875,194.424560546875,67909000
2016-12-22,194.27812548816664,194.39868762581972,193.69252857650352,194.0886688232422,56219100
2016-12-23,194.13174158145424,194.38148591773765,193.94229803224883,194.3728790283203,36697800
2016-12-27,194.63984255262181,195.25126022547312,194.62261563301922,194.85513305664062,42672500
2016-12-28,195.11348411321208,195.13069789250957,193.13280884997076,193.2447509765625,64095000
2016-12-29,193.31364806068328,193.66672764527488,192.76250488924578,193.2017059326172,48696100
2016-12-30,193.5289669064038,193.61508837779465,191.80664260092001,192.49557495117188,108998300
2017-01-03,193.7958967308444,194.4762220905839,192.79695876636885,193.9681396484375,91366500
2017-01-04,194.29536427788966,195.26848153297962,194.2867573884805,195.12208557128906,78744400
2017-01-05,194.855129408606,195.12208752614507,194.17480407008122,194.96707153320312,78379000
2017-01-06,195.0790604986911,196.12967937135483,194.53652414010315,195.66465759277344,71559900
2017-01-09,195.40628861430002,195.54407769928036,194.9843144691566,195.01876831054688,46939700
2017-01-10,195.03598209095162,195.87131035074572,194.63123486650335,195.01876831054688,63771900
2017-01-11,194.9326358857143,195.5699005126953,194.2695374492885,195.5699005126953,74650000
2017-01-12,195.05320671675017,195.26849723189008,193.7270229252161,195.07904052734375,72113200
2017-01-13,195.2512620548958,195.82823903423753,195.2168213556575,195.52684020996094,62717900
2017-01-17,194.8895735022401,195.29432070049256,194.4503856051168,194.83790588378906,61240800
2017-01-18,195.08764384121375,195.31155438264042,194.53650065817047,195.26849365234375,54793300
2017-01-19,195.3460559181255,195.48384504186964,194.11460011793417,194.54518127441406,66608800
2017-01-20,195.2254643669878,195.75077382452264,194.59681965232878,195.25991821289062,129168600
2017-01-23,195.25986555738928,195.32014006102685,193.9939564378257,194.75177001953125,75061600
2017-01-24,194.9670681283333,196.41382709593856,194.8551260056911,196.00047302246094,95555300
2017-01-25,196.94777099923576,197.69699096679688,196.7841480966616,197.69699096679688,84437700
2017-01-26,197.55055465753608,197.81752591147847,197.2147020080547,197.4902801513672,59970700
2017-01-27,197.56781818965763,197.71421417781394,196.99944801896262,197.1802978515625,59711100
2017-01-30,196.49135954736528,196.51719335976878,194.97571894509807,195.9574432373047,79737300
2017-01-31,195.46657427051073,196.00050372017813,194.898217258071,195.94021606445312,75880800
2017-02-01,195.9401682595318,196.8529977813524,195.43208588648642,196.01766967773438,79117700
2017-02-02,196.0177446598415,196.4311119956221,195.3288253807931,196.1469268798828,69657600
2017-02-03,197.05109133806323,197.67973590662965,196.74107249844477,197.49888610839844,80563200
2017-02-06,197.094191134407,197.49033153341225,196.81000602778656,197.14585876464844,57790100
2017-02-07,197.53334759389273,197.77447190734355,196.96497750920597,197.15443420410156,57931200
2017-02-08,197.1544447735918,197.54196507382068,196.61190846909716,197.4127960205078,51566200
2017-02-09,197.41278823132038,198.88536794214565,197.41278823132038,198.58396911621094,65955200
2017-02-10,198.92842684589928,199.59152528133336,198.60118107303498,199.36761474609375,66015900
2017-02-13,199.85852425311793,200.71107955863835,199.83269043843177,200.45272827148438,55182100
2017-02-14,200.2718463350098,201.26219058701622,199.92738676753206,201.25357055664062,71109000
2017-02-15,201.0382595522616,202.49362538606246,200.98659193643488,202.30416870117188,86785800
2017-02-16,202.3300216006002,202.51087141334727,201.38275122705335,202.1319580078125,84722400
2017-02-17,201.46880704747807,202.45053100585938,201.45158013163652,202.45053100585938,77204100
2017-02-21,202.82087604014896,203.82843399397925,202.81225601044366,203.6562042236328,88946100
2017-02-22,203.25152063334158,203.69931554829904,203.08789770121382,203.4754180908203,62115200
2017-02-23,203.99205730062485,204.00927107949298,202.85531716144558,203.61314392089844,74615900
2017-02-24,202.7692649080462,203.91459911303326,202.72620416839197,203.87155151367188,82381600
2017-02-27,203.7854077732879,204.36238482880697,203.53567653504197,204.19015502929688,56515400
2017-02-28,203.81126790769045,204.0523922862032,203.25151770192008,203.6390380859375,96961900
2017-03-01,205.29245650216862,206.9545063824952,205.2752295788725,206.48947143554688,149158200
2017-03-02,206.30002620959627,206.3086462418714,205.1374650579512,205.1891326904297,70246000
2017-03-03,205.10293156730737,205.48184491207374,204.724018222541,205.31822204589844,81974300
2017-03-06,204.52599832218158,205.0599146181717,204.10402416355956,204.70684814453125,55391500
2017-03-07,204.40546264673017,204.75854230642355,203.88876006472563,204.09544372558594,65103700
2017-03-08,204.3881664263323,204.64651762974174,203.57867212111717,203.71646118164062,78168800
2017-03-09,203.8370491788356,204.30208403201433,203.010340991413,203.97483825683594,90683900
2017-03-10,204.93071475412785,204.97377548062298,203.7423070323635,204.68959045410156,81991700
2017-03-13,204.62930009929119,204.83598369955777,204.3020674908966,204.7929229736328,57256800
2017-03-14,204.25043221184765,204.3021129786375,203.39789009404342,204.00930786132812,59880800
2017-03-15,204.57768905340063,206.1966781857777,204.34517158134187,205.7747039794922,96081800
2017-03-16,205.91240921393336,205.9899106262883,205.04264048128076,205.369873046875,78344000
2017-03-17,205.632027875245,205.82230883065284,205.00929260253906,205.00929260253906,89002100
2017-03-20,205.0092647739321,205.29468616829985,204.39518711730236,204.78439331054688,52537000
2017-03-21,205.38982235241298,205.51090901439778,202.02532881856098,202.15505981445312,131809300
2017-03-22,202.18966922638143,202.91618921870486,201.56693403368797,202.63076782226562,97569200
2017-03-23,202.63077792289533,203.54757889187846,202.04264643239952,202.41455078125,100410300
2017-03-24,202.71725794521547,203.28808752371825,201.4890894619878,202.2675018310547,112504900
2017-03-27,200.59826922085048,202.31944229149656,200.32150529847442,202.05996704101562,87454500
2017-03-28,201.75723863446456,203.95410073492422,201.64479629003603,203.53030395507812,93483900
2017-03-29,203.24487662396098,203.9540948131394,203.01999194163344,203.72056579589844,61950400
2017-03-30,203.65999883500942,204.5681553695538,203.48701978020478,204.3692169189453,56737900
2017-03-31,204.03193003110582,204.55952479613492,203.84164908650794,203.8935546875,73733100
2017-04-03,203.94543323424176,204.1443585000938,202.31075664668595,203.53892517089844,85546500
2017-04-04,203.2534725441906,203.7551209962921,202.8729107393236,203.6686248779297,56466200
2017-04-05,204.34330876146382,205.3206597393664,202.85566485778097,203.06324768066406,108800600
2017-04-06,203.2016551405772,204.15304680638627,202.76054325058007,203.6341094970703,69135800
2017-04-07,203.3832198328587,204.11839730552617,202.9421212677317,203.4264678955078,74412300
2017-04-10,203.56481773040326,204.34322992033026,203.01992127898242,203.54751586914062,67615300
2017-04-11,203.1670161256462,203.40918946743707,201.81776087925203,203.30540466308594,88045300
2017-04-12,203.02864167040403,203.21892261084852,202.18967930502347,202.41455078125,81864400
2017-04-13,202.07720426085868,202.81238170244328,201.099853515625,201.099853515625,92880400
2017-04-17,201.61884991623276,202.88162231445312,201.41992462795403,202.88162231445312,68405400
2017-04-18,202.14642256401504,202.81240582699647,201.59288163305118,202.27615356445312,83225800
2017-04-19,202.83827725587892,203.21018145167957,201.67929022355042,201.9041748046875,68699900
2017-04-20,202.51827288199158,203.9886275478921,202.19826103462543,203.54751586914062,92572200
2017-04-21,203.46967687193194,203.5215692581601,202.50098380246422,202.89883422851562,110389800
2017-04-24,205.13900016923373,205.33793863462017,202.87294402881207,205.13035583496094,119209900
2017-04-25,205.770357475763,206.6698563911759,205.68386135809914,206.3238983154297,76698300
2017-04-26,206.28936961102488,207.17158018170386,206.15099424887595,206.19422912597656,84702500
2017-04-27,206.51418983204485,206.66986701489674,205.83090478075857,206.36715698242188,57410300
2017-04-28,206.62665285973316,206.65259906113272,205.78769048792753,205.9174346923828,63532800
2017-05-01,206.43637084960938,206.86018079937156,206.02121843190722,206.43637084960938,66882500
2017-05-02,206.5747731913736,206.6958598711885,206.1077283399328,206.5142364501953,57375700
2017-05-03,206.5141822668873,206.60932271874108,205.588723944541,206.2633514404297,73137700
2017-05-04,206.56607360408137,206.64391219225826,205.6579171496534,206.50552368164062,61462700
2017-05-05,206.87747439671105,207.33587486401794,206.43636259791836,207.31857299804688,62001300
2017-05-08,207.36183518801747,207.50886806514407,206.8601866203432,207.28399658203125,48385700
2017-05-09,207.54346036253196,207.7423856326874,206.74773288699615,207.0937042236328,51363200
2017-05-10,207.0504238301856,207.465576171875,206.84284106061338,207.465576171875,54293800
2017-05-11,207.01589339556276,207.2061743568771,205.9607037728046,207.04183959960938,62358300
2017-05-12,206.79097176249238,207.08503748747037,206.4277117732625,206.69583129882812,53912700
2017-05-15,207.11963353742098,207.95859581385963,207.10233167263556,207.83750915527344,61918900
2017-05-16,208.13157869892072,208.1575248978483,207.258025874294,207.64723205566406,51241800
2017-05-17,207.6471970595044,207.6471970595044,203.90214234181187,203.9626922607422,172174100
2017-05-18,203.88488106209277,205.631999962106,203.62540586744421,204.78439331054688,107047700
2017-05-19,205.26874160827177,206.78233152544618,205.21684920841886,206.11634826660156,115011400
2017-05-22,206.62660489049898,207.32719175801526,206.55742383446582,207.16285705566406,61010600
2017-05-23,207.53476547872376,207.7855963023231,207.15420367564522,207.6212615966797,48341700
2017-05-24,207.85481893629006,208.2094213944331,207.51749194867847,208.1056365966797,46927700
2017-05-25,208.61593409813327,209.37705782517145,208.4083644980005,209.10028076171875,64071700
2017-05-26,208.9100370403217,209.2214046934374,208.83219842640756,209.0570831298828,46629900
2017-05-30,208.7369777077566,209.1261838251806,208.58130053976862,208.8753662109375,35201900
2017-05-31,209.16945969341108,209.20406342253426,208.13157217646426,208.82350158691406,91796000
2017-06-01,209.28193892827278,210.50146324456628,208.9965175012174,210.48416137695312,68962000
2017-06-02,210.5359958403654,211.34036749477772,210.2419301591628,211.18467712402344,88666100
2017-06-05,211.0117508671959,211.29717228709103,210.8301142554598,211.029052734375,44698800
2017-06-06,210.466783963883,211.02032475169133,210.27650308081263,210.35435485839844,50375400
2017-06-07,210.69172942442873,210.96849329954466,210.02574614132465,210.74362182617188,54144300
2017-06-08,210.8387677746789,211.3231144668124,210.31981734884585,210.847412109375,65950700
2017-06-09,211.11550569356558,211.91121990384883,209.26460209199337,210.52737426757812,132256400
2017-06-12,210.28523609050535,210.53605378233445,209.6365546283226,210.48416137695312,86108100
2017-06-13,211.02039298829786,211.565289620332,210.6744348330919,211.51339721679688,60067000
2017-06-14,211.7815241526878,211.79016848775927,210.42361129135838,211.2452850341797,78602300
2017-06-15,209.89600002888105,210.9598470447608,209.61923615628442,210.83876037597656,66464900
2017-06-16,210.99783260155976,211.04997806682266,210.00702897611282,210.8848419189453,84553100
2017-06-19,211.7104703959348,212.70127383885932,211.61486597329232,212.64044189453125,65123800
2017-06-20,212.28412717005747,212.29281365996601,211.18903265983135,211.20640563964844,56906400
2017-06-21,211.5975293302492,211.71050674963394,210.6849439141061,211.15426635742188,55977600
2017-06-22,211.1629284400103,211.65832352725792,210.8848016626108,211.05862426757812,44148100
2017-06-23,211.1194753547663,211.64094318419558,210.73705765609583,211.31068420410156,66986800
2017-06-26,211.97995102812823,212.39714130250758,211.24120144982373,211.4497833251953,56700500
2017-06-27,211.2324448471982,211.52795786080534,209.7288600990162,209.74624633789062,82247700
2017-06-28,210.7631866572424,211.82352210054594,210.52851877734574,211.62362670898438,70042600
2017-06-29,211.77133642732028,211.82348188810502,208.55557148137194,209.76365661621094,106949700
2017-06-30,210.5719621526262,210.94569343453097,209.96357627003223,210.15478515625,86820700
2017-07-03,211.09342148732742,211.52798468158704,210.5111083984375,210.5111083984375,39153800
2017-07-05,210.8761255787128,211.20638456590143,210.06783119610182,210.997802734375,54427600
2017-07-06,210.2329855748634,210.3546627410907,208.88583699475083,209.068359375,65400800
2017-07-07,209.64200107863726,210.571959502796,209.07706091762392,210.42420959472656,57972300
2017-07-10,210.42416316812717,211.0238624203301,210.119963666866,210.65013122558594,36663300
2017-07-11,210.6501802969023,210.80662995913784,209.32911759842563,210.49374389648438,50354600
2017-07-12,211.45844346560077,212.24065187535012,211.45844346560077,212.0755157470703,59610400
2017-07-13,212.08422425743714,212.54486018070784,211.85824290969333,212.43186950683594,39471600
2017-07-14,212.4318497416446,213.77899816590127,212.3362453176828,213.4226531982422,60262700
2017-07-17,213.34441521740746,213.72683287777014,213.22273807654784,213.3965606689453,33531900
2017-07-18,212.98811662584762,213.56174324120425,212.64915785528538,213.5095977783203,42742500
2017-07-19,213.8224585033008,214.6741985738077,213.81375875263902,214.66551208496094,51034300
2017-07-20,214.9175905723724,215.03926774664197,214.213600259683,214.7611541748047,47135200
2017-07-21,214.18752852191926,214.5960190221116,213.9615471530706,214.5699462890625,82340800
2017-07-24,214.49169049735036,214.65682662914074,214.04844082397815,214.5177764892578,46622300
2017-07-25,215.26519841336034,215.36950258874876,214.81326227999904,215.0392303466797,54915600
2017-07-26,215.32602409893403,215.36078331303545,214.78717007857182,215.0478973388672,47575400
2017-07-27,215.50858225374023,215.54334147361757,213.52696191351524,214.84803771972656,70766600
2017-07-28,214.36996597233983,214.72631088727954,213.91802990939547,214.595947265625,50088400
2017-07-31,214.9957873263703,215.09139175817583,214.26572435357318,214.4743194580078,65838700
2017-08-01,215.074008699399,215.10876791760106,214.43085043723022,214.95233154296875,55050400
2017-08-02,215.08269809566875,215.1956887645296,214.1266538094975,215.05662536621094,47211200
2017-08-03,214.9436057790186,214.9696785049686,214.3612927964457,214.63941955566406,40856000
2017-08-04,215.12615252230128,215.36080708246598,214.6481303893106,215.03054809570312,60191800
2017-08-07,215.10005416294103,215.43031311035156,214.99574999792543,215.43031311035156,31995000
2017-08-08,215.11744331571666,216.3342280791,214.52644380404467,214.90016174316406,61719400
2017-08-09,214.2135468227478,214.9436096862463,213.85720187920182,214.89146423339844,62632600
2017-08-10,214.05711915685916,214.18749606416483,211.8060851326242,211.8582305908203,120479500
2017-08-11,212.0842073860186,212.76212485168887,211.84953956734344,212.17111206054688,74869900
2017-08-14,213.44871624550768,214.49166511117897,213.41395703010485,214.27438354492188,73291900
2017-08-15,214.65679667125985,214.67418290949976,213.9441200451935,214.24830627441406,55242700
2017-08-16,214.76982020562247,215.16962417546023,214.19619361221802,214.6220703125,56715500
2017-08-17,214.01364977380297,214.32653575018128,211.27589416503906,211.27589416503906,128490400
2017-08-18,211.110771048936,212.2319513923749,210.50238529682153,210.94564819335938,136748000
2017-08-21,210.88479549613615,211.37150408053873,210.18080534642425,211.1107635498047,65469700
2017-08-22,211.69314287923814,213.47484155193214,211.67575663634727,213.3184051513672,63140100
2017-08-23,212.3535867611172,212.97935862925812,212.20583691194673,212.55348205566406,50203800
2017-08-24,212.93590283105283,213.09233916950367,211.84949516354746,212.05809020996094,50741700
2017-08-25,212.848981754005,213.46606713518722,212.40573220649358,212.55348205566406,64445900
2017-08-28,213.08366257173552,213.1097352960207,212.14500471202982,212.56219482421875,40565600
2017-08-29,211.24982905988216,213.06629978130863,211.13683840100393,212.80557250976562,51135700
2017-08-30,212.78823413348303,214.08323734129397,212.6057117405338,213.8137969970703,62030800
2017-08-31,214.43080576922682,215.34339088326126,213.84849283748224,215.10003662109375,103803900
2017-09-01,215.4738133189262,215.8301583221608,215.25653172112212,215.40428161621094,62007000
2017-09-05,214.90018779183964,215.12616914224762,212.89250793998733,213.85723876953125,91398800
2017-09-06,214.53513481681557,214.91755251446293,214.00496723813447,214.5872802734375,57916900
2017-09-07,214.89149051924016,214.9088767595875,214.15272781535776,214.56121826171875,58034700
2017-09-08,214.27440110391774,214.76980948125174,214.06581927077957,214.30917358398438,63832800
2017-09-11,215.57809645054567,216.67320415146062,215.56072347185696,216.59498596191406,71364800
2017-09-12,216.96007218795614,217.35986298772977,216.77754977114182,217.32510375976562,56896000
2017-09-13,217.03820188154188,217.46407850587528,216.92521122855646,217.42930603027344,59228000
2017-09-14,217.1077919259758,217.55974139758038,216.93396928668705,217.35983276367188,95446300
2017-09-15,217.21571546411664,217.73977127387886,217.11090696769054,217.65243530273438,95432400
2017-09-18,218.01929280014022,218.46474226707042,217.73105608825622,218.11537170410156,46235200
2017-09-19,218.35988131876667,218.42102848279805,218.01051083970842,218.33367919921875,47108100
2017-09-20,218.42103540568147,218.52584388719498,217.41657192320085,218.41229248046875,59574100
2017-09-21,218.25509286573282,218.34242882969582,217.65241740557613,217.8271026611328,48211400
2017-09-22,217.53010193880021,218.03669842901505,217.50389982099844,217.87074279785156,51214000
2017-09-25,217.61749654587692,217.9668804234547,216.6829229945747,217.4253387451172,57064400
2017-09-26,217.85330171224217,218.09786373210036,217.32050302734459,217.55633544921875,54082000
2017-09-27,218.25509657578533,218.78789527725007,217.37291402963743,218.40357971191406,81001400
2017-09-28,218.1240924786589,218.7442405296163,218.03675650526645,218.66563415527344,44778800
2017-09-29,218.65684347170293,219.51282378636614,218.47342863829596,219.4342041015625,85578000
2017-10-02,219.6613502279669,220.3863067626953,219.4866516296174,220.3863067626953,59023000
2017-10-03,220.3863043740284,220.88415805655924,220.30768467457054,220.8579559326172,66810200
2017-10-04,220.70946216621985,221.3645418885094,220.5959107495144,221.11997985839844,55953600
2017-10-05,221.45185340602157,222.44757394086622,221.15488716333428,222.43011474609375,63522800
2017-10-06,221.9847068130884,222.465101340426,221.72268555057047,222.17686462402344,80646000
2017-10-09,222.4039128546295,222.46504669165515,221.5479325152339,221.80996704101562,35803100
2017-10-10,222.37769766658715,222.7707427683473,221.83615612442787,222.39515686035156,43057400
2017-10-11,222.29915083553502,222.74461364746094,222.13320847461802,222.74461364746094,47674300
2017-10-12,222.43010069512647,222.77947115532052,222.17679578300132,222.41262817382812,47065100
2017-10-13,222.84936629148,222.96291769784074,222.41264651640637,222.68341064453125,54800400
2017-10-16,222.91051376147277,223.17253496477068,222.56987286955564,222.98037719726562,38221700
2017-10-17,222.9280192023774,223.1813241882859,222.70965926924444,223.1376495361328,31561000
2017-10-18,223.51324609657877,223.55692075339664,223.16387549730393,223.3560333251953,40888300
2017-10-19,222.57855888103998,223.4519982613395,222.15931171023186,223.41705322265625,61903800
2017-10-20,224.21193583581314,224.59625135770185,223.39963015043398,224.5700225830078,89176400
2017-10-23,224.89325951379504,224.91946163811397,223.6180183829025,223.69662475585938,63915300
2017-10-24,224.12457516951147,224.3254491898928,223.7315167426879,224.08963012695312,66935900
2017-10-25,223.75773786485246,223.87128927136814,221.85364604019503,222.98037719726562,103715300
2017-10-26,223.59178214127675,223.86253292591013,223.14631946711546,223.2686004638672,69798000
2017-10-27,224.01102924490968,225.25132506108443,223.2773432648059,225.09408569335938,85562500
2017-10-30,224.0110684569867,224.99805952789407,223.9586642103246,224.25563049316406,54285700
2017-10-31,224.63118258968325,224.858285407945,224.30801421308635,224.60498046875,60304800
2017-11-01,225.38232419680972,225.72295172317124,224.5350868601323,224.90191650390625,54202700
2017-11-02,224.83212135422747,225.12908766017168,223.76652383042074,224.9893341064453,56449500
2017-11-03,225.14648888383707,225.7841093106653,224.7359712552437,225.74044799804688,59589700
2017-11-06,225.60945120754656,226.220869625396,225.53958776377712,226.08985900878906,49652600
2017-11-07,226.1946383869873,226.5265496765108,225.4260073281454,225.9326171875,57502200
2017-11-08,225.75792233683754,226.41300200160703,225.47841528260687,226.31690979003906,50469600
2017-11-09,225.11161032535176,225.68808369230456,223.91497561583995,225.4959259033203,95085500
2017-11-10,225.1115999260466,225.600723974454,224.7971478062067,225.426025390625,59984700
2017-11-13,224.74475179722094,225.86275347101255,224.7098067481224,225.63565063476562,50228600
2017-11-14,224.83209570763378,225.2164112727262,224.0547216515681,225.11160278320312,61315200
2017-11-15,224.14199967159854,224.66606860783145,223.27730325272893,223.9847869873047,80811500
2017-11-16,224.92821841155157,226.2558640301473,224.8845570815793,225.88900756835938,67777000
2017-11-17,225.53954973835357,225.86271808991955,225.14649129953867,225.22509765625,75756800
2017-11-20,225.4697091570141,225.80159381167795,225.22512048211286,225.60943603515625,48075500
2017-11-21,226.3780568662347,227.26898226933415,225.57450740471495,227.08554077148438,69176800
2017-11-22,227.09426049623252,227.22527108469816,226.718687924212,226.8846435546875,45033400
2017-11-24,227.37377301865303,227.513526534814,227.23401950249206,227.40869140625,27856500
2017-11-27,227.45242453316544,227.749390818247,227.09431107476212,227.2952117919922,52274900
2017-11-28,227.75811423402223,229.62726108124528,227.66202201913927,229.60105895996094,98971700
2017-11-29,229.73214423124162,230.26495641087212,229.01594379827893,229.4613800048828,77512100
2017-11-30,230.37844582153883,232.37860338664402,230.29983945330548,231.47024536132812,127894400
2017-12-01,231.25180914877967,231.732190125674,227.75805177426543,230.98976135253906,164390900
2017-12-04,232.60572212855533,233.03369904773825,230.65794202046783,230.7103729248047,94040600
2017-12-05,229.88052368164065,231.59245748583294,229.74951309935017,229.88052368164062,77994500
2017-12-06,229.97667488231787,230.35227423179,229.46134862986273,229.9242706298828,75898600
2017-12-07,230.64918518066406,230.9636106197974,229.66219423795215,230.64918518066406,77218600
2017-12-08,231.60128843562327,231.9157139526257,230.61429724847798,231.90699768066406,76563900
2017-12-11,232.60568237304688,232.66682953826898,231.8807392812659,232.60568237304688,83077500
2017-12-12,233.39173159750743,233.48782379099958,232.64058651772697,233.0161590576172,85195800
2017-12-13,233.26078490419235,233.6975047181604,232.9026714581071,232.99002075195312,102905400
2017-12-14,233.2870374429561,233.40058888396956,231.98562064576336,232.03802490234375,100666700
2017-12-15,233.03968429670263,234.43554878182445,232.9870121871894,233.9702606201172,144610300
2017-12-18,235.36610742514497,235.80505949912268,235.26076321403167,235.4539031982422,83653600
2017-12-19,235.69968900306878,235.74357348896925,234.47938951357304,234.5496368408203,82382900
2017-12-20,235.5153197895893,235.56799189149214,234.1282431203036,234.42672729492188,76751500
2017-12-21,235.05002902454035,235.6206881078484,234.66374908730396,234.90956115722656,67032300
2017-12-22,234.9272442722243,234.96236795305936,234.31270041944444,234.84823608398438,78720900
2017-12-26,234.4442802725395,234.78667573304617,234.30383919241618,234.56719970703125,45244400
2017-12-27,234.73406860187708,235.0413404816488,234.4092482801095,234.681396484375,57751000
2017-12-28,235.18174454026212,235.20808059186288,234.79546458911238,235.16416931152344,45116100
2017-12-29,235.7436541678577,235.7612026099224,234.08442887700204,234.2775421142578,96007400
2018-01-02,235.13784025255728,235.9894083349834,234.7515602899202,235.95428466796875,86655700
2018-01-03,236.12110292886277,237.59600232641256,236.12110292886277,237.44674682617188,90070400
2018-01-04,238.08772979802274,238.93051068252566,237.50830956757656,238.44764709472656,80636400
2018-01-05,239.2376944978411,240.1594832389474,238.74607026371623,240.03659057617188,83524000
2018-01-08,239.93997419586478,240.63352595605033,239.65027762295614,240.4755096435547,57319200
2018-01-09,240.89691697282984,241.6431409316476,240.61598118737896,241.01983642578125,57254000
2018-01-10,240.26485824485925,240.91452568794818,239.59766915107215,240.65113830566406,69574300
2018-01-11,241.20402981631096,242.40675354003906,241.03722597812308,242.40675354003906,62361500
2018-01-12,242.67029577236767,244.15392925287028,242.37178476166358,243.98715209960938,90816100
2018-01-16,245.24258435422752,245.89222499682614,242.4596157898127,243.15316772460938,106555100
2018-01-17,244.08370257733014,245.85705940856167,243.15312627275705,245.4707794189453,113258800
2018-01-18,245.35663540941204,245.7780122100609,244.5665003251841,245.0581512451172,100728000
2018-01-19,245.63748413428692,246.17301940917966,245.05809117541804,246.1730194091797,140920100
2018-01-22,245.96234394805924,248.17465209960938,245.90964506662903,248.17465209960938,91322400
2018-01-23,248.21852231277288,248.99108197601214,247.8937021797061,248.70138549804688,97084700
2018-01-24,249.34241700585102,249.9394124048055,247.42859169826613,248.60498046875,134816100
2018-01-25,249.4652317930512,249.56178838394288,247.92011200672914,248.71022033691406,84587300
2018-01-26,249.54427764501574,251.63369400129739,249.28967791641975,251.58978271484375,107743100
2018-01-29,251.01899521115985,251.4579470553894,249.76359936662195,249.92161560058594,90118300
2018-01-30,248.09568201322094,249.9743826890042,246.884170176036,247.35824584960938,131796400
2018-01-31,248.20987669807295,248.7102617559007,246.41015692190018,247.481201171875,108364800
2018-02-01,246.75261957331094,248.49964092194926,246.41022396486417,247.20033264160156,90102500
2018-02-02,245.883399577148,246.0151066419787,241.78360191588195,241.8187255859375,173174800
2018-02-05,240.06291099027115,242.1698756837403,231.1609496616137,231.7052459716797,294681800
2018-02-06,228.20241370210414,236.7707670349998,227.11382109691172,236.27035522460938,355026800
2018-02-07,235.71726560370294,239.10596278188044,234.90958199288642,234.98861694335938,167376100
2018-02-08,235.28710323131492,235.42757111233564,226.13933006721916,226.17445373535156,246449500
2018-02-09,228.95738632420708,231.42429478550562,222.039510890829,229.57192993164062,283565300
2018-02-12,231.61742570067418,234.409181085586,229.71238881690365,232.9430694580078,143736000
2018-02-13,231.74037748189377,234.0668183011388,231.16095748307058,233.52252197265625,81223600
2018-02-14,232.03887610785276,237.03415356141238,232.03008849184434,236.67420959472656,120735700
2018-02-15,238.41248106990378,239.70300148361503,235.95433291489908,239.6942138671875,111200300
2018-02-16,239.07080319233245,241.70451496630102,239.02689192119868,239.7643280029297,160420100
2018-02-20,238.81628279523392,240.2560585693291,237.4730904164795,238.26319885253906,86369700
2018-02-21,238.70210022472662,241.17779601748344,236.98141582880206,237.07797241210938,98883700
2018-02-22,237.9998280651637,239.71172513772538,236.71809546663133,237.38528442382812,110511300
2018-02-23,238.60561709001573,241.16908264160156,238.13154126660785,241.16908264160156,92766400
2018-02-26,242.24008646306598,244.06614210421714,241.65190568390827,243.9695587158203,86491400
2018-02-27,244.15389845883672,244.86502543404572,240.8617580559553,240.9232177734375,99099200
2018-02-28,242.02061880237406,242.46835850910344,238.1666333695874,238.482666015625,121907800
2018-03-01,238.2719550648111,239.81707485453967,233.52249066745827,235.0149383544922,176855100
2018-03-02,233.34691584624574,236.78831195402194,232.48658691293335,236.2264404296875,139083200
2018-03-05,235.04131119345968,239.57130027476285,234.93594018007119,238.95675659179688,97307400
2018-03-06,239.93117419254034,240.0102091362149,238.0700218307826,239.56246948242188,79213200
2018-03-07,237.40285992477092,239.82585724110842,237.2097199336888,239.47470092773438,87063500
2018-03-08,240.15066631212258,240.75642231086204,239.15865714072376,240.63352966308594,66901200
2018-03-09,242.03821028889664,244.82115173339847,241.72215083012168,244.82115173339844,113625300
2018-03-12,245.11088075797747,245.7341852826055,244.12760547930253,244.51388549804688,71924800
2018-03-13,245.6726344877052,246.1730461616999,242.32782263142832,242.93357849121094,91968900
2018-03-14,243.89051360543561,244.07486594797848,241.1339089147542,241.6869659423828,105895100
2018-03-15,242.19622027785263,242.8370732112974,240.92324844341726,241.4236602783203,83433000
2018-03-16,241.9498706508836,242.73434762380472,241.63257225654203,241.68545532226562,100343700
2018-03-19,240.93625086908648,241.8617314494688,236.76712305431,238.41537475585938,109208400
2018-03-20,238.81200848856804,239.4554549648832,238.14212048028443,238.82083129882812,59757300
2018-03-21,238.77669527306645,240.86565656743832,238.15089454536155,238.3624267578125,78709600
2018-03-22,236.14134292192287,236.98749897543712,232.13086395702769,232.4041290283203,148785900
2018-03-23,232.84481538646813,233.17093659771976,227.25658694391362,227.45050048828125,183534800
2018-03-26,231.04669419910772,233.955370261597,228.6492300456166,233.67330932617188,141956100
2018-03-27,234.60760614398222,235.13643669911855,228.14678157438954,229.69808959960938,129941400
2018-03-28,229.8303123233447,231.496209377788,227.91761869403678,229.01939392089844,146452300
2018-03-29,230.15636681917488,233.80545822496674,229.02815038962214,231.94564819335938,111601600
2018-04-02,231.41685743848606,231.92809620608446,224.4712755675117,226.9392547607422,186286300
2018-04-03,228.1732833869567,230.32395120875591,226.38400113918595,229.8479766845703,119956900
2018-04-04,226.30464403356794,233.01223907187764,226.17243637884116,232.30711364746094,123715300
2018-04-05,234.0611514312149,235.0219232354331,232.9770216703882,234.1405029296875,82652600
2018-04-06,232.18372032516052,233.67329571244264,227.40641101791257,228.92245483398438,179521200
2018-04-09,230.37679561184027,233.43532481155327,229.11637116929023,230.05067443847656,105442900
2018-04-10,232.93290306078362,234.4930340065151,231.79589038705828,233.70855712890625,103529000
2018-04-11,232.22777905016653,234.1404727021837,232.15727727028641,232.4833984375,91140200
2018-04-12,233.80555112463333,235.33921379794384,233.6292563098291,234.39608764648438,68890500
2018-04-13,235.7005753585113,235.81516428659432,232.70375210342695,233.70855712890625,85079200
2018-04-16,235.3392090680808,236.3969241380238,234.51949468322138,235.63006591796875,63405300
2018-04-17,237.3928893273972,238.75028395961277,236.88167744967973,238.1509246826172,64682000
2018-04-18,238.59170113916744,239.12935469632373,237.86892992239788,238.32728576660156,57303900
2018-04-19,237.6749728150779,237.8777091627883,235.9738381325913,237.00511169433594,77655900
2018-04-20,236.934603681862,237.15495877080377,234.1140477838813,234.99546813964844,99953100
2018-04-23,235.56837191092225,236.1236709422671,233.88485609641046,234.96018981933594,65558000
2018-04-24,235.98262893542974,236.20298397525707,230.2974581483618,231.79588317871094,112885500
2018-04-25,231.73424219844446,232.80957616985228,229.91851831376155,232.36886596679688,103840900
2018-04-26,233.3912386640193,235.55952460486205,232.95052860863134,234.73098754882812,67731900
2018-04-27,235.33924313749466,235.63892284097292,234.01711255807052,234.951416015625,57053600
2018-04-30,235.56832955939774,236.1236284909085,233.073895771628,233.14442443847656,82182300
2018-05-01,232.58032548825824,233.66448193214373,231.02901745124638,233.5587158203125,74203400
2018-05-02,233.3647897889404,234.1756812019906,231.60194962289327,231.98977661132812,86368900
2018-05-03,231.1612782885642,232.1308190231915,228.3318999811481,231.47857666015625,136311500
2018-05-04,230.50905674946347,235.1541595417253,230.18293550042833,234.47544860839844,91222100
2018-05-07,235.2422810006576,236.23826336253111,234.55474733145712,235.2687225341797,55304900
2018-05-08,234.89851416605737,235.63008119271018,233.70859135993757,235.2687225341797,67499200
2018-05-09,235.93857898716234,237.86889159229474,235.41854423903627,237.5427703857422,59666100
2018-05-10,238.28313651745867,240.09006408856357,238.1773703959911,239.763916015625,72063900
2018-05-11,239.88733180849408,240.75992922415082,239.3760930143519,240.49551391601562,59871500
2018-05-14,240.927451634401,241.57969413016048,240.06364994905277,240.6101531982422,54790600
2018-05-15,239.38493604542785,239.40255476785495,238.0099225293542,238.9530487060547,87036100
2018-05-16,238.9883296053002,240.41622628638353,238.9618611716067,239.95787048339844,53942600
2018-05-17,239.69348210035056,240.83052202568538,238.97953367948904,239.75518798828125,56536400
2018-05-18,239.41132004082448,239.77270550482476,238.8031380280931,239.15570068359375,64368000
2018-05-21,240.6365285554006,241.49150719389405,240.2487015297659,240.95382690429688,58025900
2018-05-22,241.4738581359053,241.72947751252565,239.95781439332927,240.283935546875,52966400
2018-05-23,239.0147370148245,240.9714910129223,238.85606092939213,240.9450225830078,64694200
2018-05-24,240.54840148842243,240.8216396115561,238.67097206902508,240.45143127441406,76043800
2018-05-25,239.87841796875,240.50421855972942,239.37600217514097,239.87841796875,56374800
2018-05-29,238.2567297105146,239.01476518952487,236.00911860533242,237.11968994140625,115908600
2018-05-30,238.424151931224,240.72464562438188,238.35365015429863,240.283935546875,69678400
2018-05-31,239.8785687017863,240.17824842519676,238.2126980482963,238.8120574951172,93519900
2018-06-01,240.10766305948604,241.45623479489305,240.03713438510212,241.15655517578125,71258400
2018-06-04,241.97627752345397,242.55801806189862,241.73830376178478,242.30239868164062,45385200
2018-06-05,242.43461158185002,242.85770295501914,241.6677803232636,242.47869873046875,51135000
2018-06-06,243.08681667787323,244.61165598326392,242.46981195046968,244.50588989257812,62732200
2018-06-07,244.99079207863485,245.2816489527639,243.57169135650165,244.47955322265625,72969400
2018-06-08,244.0211403793715,245.25512304006372,243.85366842197706,245.20223999023438,72139700
2018-06-11,245.42259998705822,246.2423141748829,245.30801107716346,245.5283660888672,58892500
2018-06-12,245.9427380122248,246.20715337794084,245.20234808940336,245.84579467773438,72329000
2018-06-13,246.08373004921717,246.33934946200577,244.85854294896512,245.061279296875,79070600
2018-06-14,245.92503447086239,246.2070684640839,245.08767460352945,245.67823791503906,77097600
2018-06-15,244.8955883333687,245.7012856482646,243.78886570624715,245.36483764648438,120041600
2018-06-18,243.912837792134,244.98416489512724,243.43475300624846,244.86019897460938,52917600
2018-06-19,242.59360943082888,244.1430211698944,242.17748062583885,243.9216766357422,97531500
2018-06-20,244.60346279999033,245.00189385844547,244.0014120171002,244.33786010742188,53785500
2018-06-21,244.328973491891,244.34669834937597,242.3103121693889,242.80612182617188,71061400
2018-06-22,244.06335437668065,244.17845786417627,243.02745000881802,243.24879455566406,54898500
2018-06-25,242.0978250397967,242.2571866362737,238.2552867692335,239.9375,137854200
2018-06-26,240.50414217516678,241.31867497111477,239.7515653170251,240.46871948242188,68547400
2018-06-27,241.05304649180533,242.47849224175374,238.326066854242,238.47659301757812,105110700
2018-06-28,238.4235078556914,240.60153070616383,237.71518906963607,239.84011840820312,76650500
2018-06-29,240.92906280620025,242.2925525243365,240.07024504485113,240.1853485107422,97592500
2018-07-02,238.61835684887322,240.8583632667071,238.3792873726782,240.698974609375,63554800
2018-07-03,241.59318015241695,241.6905858187362,239.42401945955305,239.84898376464844,42187100
2018-07-05,240.9733724606823,241.86758597984274,239.90204549181354,241.80560302734375,56925900
2018-07-06,241.83213897590315,244.2226431574184,241.4514059339386,243.85079956054688,66493700
2018-07-09,244.85130397928495,246.09969034891844,244.8070458819004,246.04656982421875,50550400
2018-07-10,246.49808871564431,247.0293209120054,246.20589884882935,246.93191528320312,51966800
2018-07-11,245.38257597316954,246.17057558311728,244.8247833539211,245.1258087158203,77054700
2018-07-12,246.38307017591055,247.40124980844712,245.78101942166649,247.34812927246094,60124700
2018-07-13,247.170987792406,247.84385669811354,246.71943636678722,247.54283142089844,48216000
2018-07-16,247.58717813938293,247.72881487718087,246.8788593523983,247.32154846191406,48201000
2018-07-17,246.5512651082664,248.71159004868673,246.49814457855098,248.322021484375,52315500
2018-07-18,248.4017017760098,248.95063192835636,247.95901268287895,248.84439086914062,44593500
2018-07-19,248.18030302892774,248.5610090811737,247.4277263310422,247.9058380126953,61412100
2018-07-20,247.70225464991242,248.33089263963382,247.46321225779238,247.62257385253906,82337700
2018-07-23,247.41888278692855,248.28653589889728,247.0735724116495,248.08291625976562,47047600
2018-07-24,249.49073321709503,250.1724647113452,248.46369125173717,249.3313446044922,68026900
2018-07-25,249.08341911238333,251.7749762113117,249.03916101342188,251.4562530517578,78882900
2018-07-26,250.73908296962176,251.54475324487566,250.6416773306691,250.86302185058594,57919500
2018-07-27,251.19056669837929,251.28797232154227,248.24227005963422,249.16307067871094,76768700
2018-07-30,249.24279041796194,249.40215198668153,247.33920594196468,247.86160278320312,63742500
2018-07-31,248.6230176642827,249.69431758068527,248.24231157277697,249.08340454101562,68570500
2018-08-01,249.28701169662585,249.79168360929737,248.0209277216841,248.667236328125,53853300
2018-08-02,247.36588324231434,250.190215469967,247.1622364840002,250.0220184326172,63426400
2018-08-03,250.14583975971948,251.14632120085852,249.96875335577585,251.09320068359375,53935400
2018-08-06,251.128690386701,252.3239293637216,250.73912180973468,252.01406860351562,39400900
2018-08-07,252.67816220986393,253.22709251137786,252.54533383015126,252.8463592529297,43196600
2018-08-08,252.67804956580417,253.1384364154706,252.2796186434976,252.74000549316406,42114600
2018-08-09,252.80204180590246,253.19161038385442,252.2619740616866,252.394775390625,35717000
2018-08-10,250.9604873626219,251.50055515066057,249.99540124829505,250.70372009277344,77076000
2018-08-13,250.97816157511463,251.58907469989234,249.47300781443937,249.76519775390625,65732900
2018-08-14,250.49120289007564,251.5979255987983,250.10163433503746,251.35885620117188,43842000
2018-08-15,250.0131048919749,250.1547686488498,248.04756417218385,249.48187255859375,102925400
2018-08-16,250.91616596894616,252.36819912554938,250.88074327694193,251.50051879882812,69967900
2018-08-17,251.29682433852633,252.82853799635836,250.889558026464,252.38584899902344,65618500
2018-08-20,252.83742114482646,253.19156696780135,252.38586968426674,252.92596435546875,39807500
2018-08-21,253.43946899743776,254.37796757696117,252.96135728082962,253.51914978027344,67272000
2018-08-22,253.11185465317376,253.89099157841562,252.84622505433717,253.36862182617188,44993300
2018-08-23,253.19149653283264,254.05031409992057,252.7133849440448,253.03213500976562,49204900
2018-08-24,253.6077231096326,254.69674797691286,253.55460258143327,254.55508422851562,57487400
2018-08-27,255.75041184290276,256.67121301707783,255.5910502030282,256.5649719238281,57072400
2018-08-28,257.02523321330386,257.13150127415275,256.22839838429445,256.6888122558594,46943500
2018-08-29,256.90130179728936,258.3001872470909,256.66225944752415,258.07000732421875,61485500
2018-08-30,257.5918317908462,257.96367535391823,256.4319889781424,257.0251770019531,61229500
2018-08-31,256.61805079345055,257.47686885054827,256.1311035219384,257.0341796875,66140800
2018-09-04,256.617960406128,256.94554594826343,255.59091866725385,256.5914001464844,57594400
2018-09-05,256.23728113360505,256.4409278252253,254.89151613831157,255.9008331298828,72452400
2018-09-06,256.007039241489,256.30806451437036,254.10348197555564,255.13052368164062,65909900
2018-09-07,254.0859116153808,255.60876359604626,253.8468421466892,254.6348419189453,73524800
2018-09-10,255.6440968788717,255.90972655484634,254.8826845841951,255.0774688720703,50210900
2018-09-11,254.43104389633044,256.36116124194683,254.08576056402885,255.91847229003906,50530500
2018-09-12,255.9274092570225,256.5825804504032,255.19255727144122,255.98052978515625,59810800
2018-09-13,257.04295190384914,257.68042515569164,256.75962445423187,257.4944763183594,51034200
2018-09-14,257.69814941620206,257.8840712530081,256.75965078524433,257.5387878417969,55079900
2018-09-17,257.4857542882548,257.52114997034784,255.90091937743722,256.1753845214844,68244000
2018-09-18,256.38773979012984,258.15849572409456,256.36117953190404,257.5653076171875,61930400
2018-09-19,257.6184687058169,258.2559420232231,257.4945028015122,257.8398132324219,49080600
2018-09-20,259.0970602153132,260.2480409377501,257.85750925934076,259.9292907714844,100360600
2018-09-21,260.6701329824998,260.78575750232153,259.5317200165653,259.6918029785156,105479700
2018-09-24,259.11374214506895,259.25604717756437,258.25103654562844,258.8291320800781,53409600
2018-09-25,259.28270927831363,259.38943125963567,258.3488647998379,258.5889892578125,44370000
2018-09-26,258.7312519258059,259.91412321436593,257.3971730938539,257.815185546875,79739700
2018-09-27,258.2865870236804,259.6206660004718,258.0108795398294,258.5356140136719,59249500
2018-09-28,257.9130552985251,259.060370917637,257.877499398238,258.56231689453125,70091400
2018-10-01,259.7986068206603,260.52791006634834,258.79362314823425,259.4606628417969,62078900
2018-10-02,259.30938720703125,260.0208851700745,258.93586027610115,259.30938720703125,47258200
2018-10-03,260.358885266842,260.7768978308185,259.0959721701713,259.45172119140625,64694600
2018-10-04,258.9713814326385,259.02474241561276,255.84075281656695,257.4238586425781,111545900
2018-10-05,257.6462715083235,258.1621035239601,254.5601005355288,255.98312377929688,105951700
2018-10-08,255.29827908481946,256.3388728047612,253.91974143292867,255.98312377929688,87742200
2018-10-09,255.60071321754165,256.9080848761821,255.049270973965,255.60958862304688,74339000
2018-10-10,255.10262196536394,255.17378805809057,247.1426320674937,247.5161590576172,214731000
2018-10-11,246.43105499541062,248.04974399043707,240.4543801338489,242.06419372558594,274840500
2018-10-12,246.15528582363575,246.4398957795036,242.24199392710045,245.42601013183594,183186500
2018-10-15,245.07031967564035,246.3955233707276,243.9585870929312,244.0475311279297,102263700
2018-10-16,246.00416376411522,249.75737362844944,245.53279028754295,249.38381958007812,118255800
2018-10-17,249.41939640534218,250.0508528260985,246.8579605429045,249.4282989501953,110626000
2018-10-18,248.49446746711695,249.0903680882972,244.55449361278917,245.82630920410156,134557500
2018-10-19,246.47555038751653,248.405502838311,244.9991663473376,245.69288635253906,139901600
2018-10-22,246.3599883393804,246.68015435747893,244.0564812361249,244.59011840820312,82415800
2018-10-23,240.97918171628453,244.46556013102136,238.89799429639206,243.3449249267578,146352700
2018-10-24,243.09590366941856,243.47836034056346,235.42052401836114,235.97193908691406,177806700
2018-10-25,237.8040571423669,241.7440310079275,236.78126856701027,240.20538330078125,138061500
2018-10-26,236.5055661327389,241.0236356256426,233.2770902132027,235.98080444335938,201574600
2018-10-29,239.06695479413133,240.35657539863922,231.10696608457545,234.6733856201172,160749100
2018-10-30,234.50443305323765,238.46218471265607,234.01525443786565,238.15089416503906,157116000
2018-10-31,240.71231225043348,243.00694329919477,240.2409387624176,240.6945343017578,128296300
2018-11-01,241.55729632981314,243.45169327053114,240.47224408471195,243.2560272216797,99495000
2018-11-02,244.35889371175622,244.78580892045005,239.7696570004854,241.8152618408203,122634100
2018-11-05,242.3043642949538,243.7007070611563,241.3349366508133,243.1492919921875,65622500
2018-11-06,243.08693682855414,244.84790336679174,243.02467330761215,244.6878204345703,60085900
2018-11-07,246.85798369028106,250.0064178282418,246.43106862587547,249.92637634277344,102752100
2018-11-08,249.12595045751826,250.11318323351344,248.33441086918774,249.4728240966797,65584900
2018-11-09,248.16546054761142,248.35222407263922,245.6307041402837,247.03594970703125,98812600
2018-11-12,246.528911435274,246.76903588800957,241.9040933048996,242.41995239257812,99673600
2018-11-13,242.88245150278644,244.87466772001525,241.2459843040756,241.9663848876953,98176600
2018-11-14,243.83411060887397,244.23431809199508,238.75572328236524,240.31214904785156,125335900
2018-11-15,239.04920193961252,243.28268858618313,237.47499826716003,242.8201904296875,135101400
2018-11-16,241.72620354692577,244.35877823500198,241.21034452079422,243.4516143798828,126668000
2018-11-19,242.846798094472,243.14031062759022,238.4176738847104,239.333740234375,103061700
2018-11-20,236.00749321474495,237.4660995132809,234.04195744397686,234.9046630859375,136021300
2018-11-21,236.4521591402249,237.5994747294918,235.6962027211134,235.705078125,75563700
2018-11-23,234.06859584230529,235.5272018784924,233.97077641256175,234.130859375,42807900
2018-11-26,236.38100636061282,238.1330978393555,235.98967435527595,237.91075134277344,79981400
2018-11-27,236.87907905299704,238.71121215820312,236.27430304857938,238.71121215820312,75502400
2018-11-28,239.77841098987489,244.20753479003906,238.64887368188127,244.20753479003906,127629600
2018-11-29,243.43390534608557,245.07037280558174,242.29549202026584,243.67405700683594,82346400
2018-11-30,243.52274345751525,245.71952764718066,243.20257757168687,245.15921020507812,98204200
2018-12-03,249.2770797576099,249.3838017232441,246.813490577875,248.4054718017578,103176300
2018-12-04,247.57845597292376,248.00537116108956,240.04535304842332,240.3566436767578,177986000
2018-12-06,236.50556502661695,240.1075678957514,233.41049160957218,239.991943359375,204185400
2018-12-07,239.65396675054097,241.2192949448085,233.5794717353162,234.41549682617188,161018900
2018-12-10,234.23755696114154,235.8295653002673,230.01297399347905,234.86013793945312,151445900
2018-12-11,238.05307539835013,238.2398388706836,233.44606213473483,234.91354370117188,121504400
2018-12-12,237.8841411103909,239.24490098571113,236.01642455907125,236.09646606445312,97976700
2018-12-13,237.03917653874748,237.90188215211614,234.90465530067445,236.01638793945312,96662700
2018-12-14,233.87290260229102,234.82455200468118,231.1069255530988,231.65834045410156,116961100
2018-12-17,230.70673052985472,231.81846306627645,225.4860388815235,227.11361694335938,165492300
2018-12-18,228.75013191672292,229.41717153878733,225.26372621629173,226.8646240234375,134515100
2018-12-19,226.9446197617869,230.70671867180351,221.76840039515483,223.4671173095703,214992800
2018-12-20,222.22197924177337,223.78729366508378,217.58827236195947,219.82952880859375,252053400
2018-12-21,220.72861735508985,223.38552036390047,214.68124937399995,215.32534790039062,255345600
2018-12-24,213.84034063943142,215.45058694361018,209.57320499611265,209.6358184814453,147311600
2018-12-26,211.093979247737,220.22763061523438,209.1169520452067,220.22763061523438,218485400
2018-12-27,216.998192653221,222.115175702482,213.7687595647507,221.9183807373047,186267300
2018-12-28,223.26922375327266,224.89735185930846,220.46918466599615,221.63214111328125,153100200
2018-12-31,223.25134548294824,223.81493515727374,221.38167686997687,223.57339477539062,144299400
2019-01-02,220.0487217817502,224.72738367473102,220.02188548142522,223.8059539794922,126925200
2019-01-03,222.06151737501295,222.36568485027112,217.9822360854176,218.46531677246094,144140700
2019-01-04,221.4890188084166,226.42710333610125,221.11329691449131,225.7830047607422,142628800
2019-01-07,226.05137509532184,228.96770037116784,225.15679528246304,227.56321716308594,103139100
2019-01-08,229.74599353972656,230.18432891084558,227.2232719214142,229.7012481689453,102512600
2019-01-09,230.4079382964577,231.61562631457824,229.18236851303053,230.77471923828125,95006600
2019-01-10,229.2450116148356,231.83928738611394,228.56512228014213,231.58880615234375,96823900
2019-01-11,230.51529840272522,231.70510473251588,229.93382703798264,231.6782684326172,73858100
2019-01-14,229.78178126778678,231.06997851487222,229.37923669083017,230.26486206054688,70908200
2019-01-15,230.64055347725395,233.2169474781809,230.6315989437874,232.90383911132812,85208300
2019-01-16,233.33322893857783,234.3530629785704,233.1274930641431,233.46743774414062,77636700
2019-01-17,232.59968415725848,236.09749417495806,232.5549387905483,235.23867797851562,96118400
2019-01-18,237.04575985726618,238.83491941669797,235.2744820652817,238.36972045898438,127900300
2019-01-22,236.9026423777357,237.1173328055578,233.53901340633362,235.1492462158203,115531200
2019-01-23,236.17800390992494,236.87577500924823,233.18115634601335,235.64125061035156,86030300
2019-01-24,235.46231041761553,236.34796286693012,234.45143100905162,235.76646423339844,59204100
2019-01-25,237.60927725188202,238.58439305172763,235.8648633915669,237.76136779785156,96883400
2019-01-28,235.62337082617444,236.01696079540557,234.1920377820725,235.95436096191406,85613700
2019-01-29,236.09749501004995,236.66105730917477,234.80929801123665,235.64125061035156,66136300
2019-01-30,237.15310270700996,240.2125502350187,236.3927044417232,239.37164306640625,92473700
2019-01-31,239.3090095010756,241.95695760539888,239.09429182206264,241.473876953125,104012100
2019-02-01,241.67067307238622,242.60999803104392,240.80292976983338,241.5901641845703,85782500
2019-02-04,241.63490857696522,243.35251360542537,240.9639738049802,243.28988647460938,60744800
2019-02-05,243.7194035724212,244.61398366854652,243.21844090262442,244.30982971191406,79552800
2019-02-06,244.032462050691,244.52447008255368,243.25418189464057,243.9877166748047,58347800
2019-02-07,242.37747243464892,242.9231530517658,240.0068412365628,241.6618194580078,95482000
2019-02-08,240.4183223771915,242.0553914066869,239.59529694515285,241.95700073242188,75788900
2019-02-11,242.61001223279428,242.8694206752519,241.56334202911273,242.0911407470703,68021400
2019-02-12,243.70136709504527,245.57996226402665,243.62978544456178,245.20425415039062,72270200
2019-02-13,246.03629437805574,246.8414107807634,245.61584075769358,246.00050354003906,65277200
2019-02-14,244.91806536618728,246.58199805028215,244.1039944428411,245.45481872558594,83234400
2019-02-15,247.22607377138476,248.1653989923437,247.02033787853892,248.12960815429688,97088700
2019-02-19,247.3333294804635,249.21192443437968,247.32437495007804,248.55889892578125,59120800
2019-02-20,248.5231375678615,249.51613504445794,248.02217521404015,249.0598907470703,76610800
2019-02-21,248.42476708591184,248.78259346762562,247.2170791597752,248.17428588867188,64214700
2019-02-22,248.7914780993475,249.90970241348373,248.15633433302966,249.71292114257812,78114600
2019-02-25,251.13536329032226,251.6542074923286,249.97239332656173,250.0529022216797,69030700
2019-02-26,249.70408159702777,250.75072474880014,249.49831840033238,249.87405395507812,56844100
2019-02-27,249.15835809796695,250.1155650438643,248.22801475468106,249.76669311523438,56921600
2019-02-28,249.55191857492036,249.9902811449562,248.9794018248287,249.3014373779297,69268300
2019-03-01,250.87591399104352,251.26953121285604,249.42669935637187,250.8580322265625,78880500
2019-03-04,251.91362747398094,252.15515414421546,247.65541972937822,249.94554138183594,106494600
2019-03-05,250.07085083470344,250.26765948736204,249.0599712687937,249.60565185546875,59114600
2019-03-06,249.72192215208347,249.73087668536957,247.77174492415404,248.09378051757812,75039800
2019-03-07,247.64651660427654,247.78965264981824,245.17749489480767,246.01840209960938,94885100
2019-03-08,244.16658535488742,245.6963089968519,243.70141373931386,245.52633666992188,85795800
2019-03-11,246.24195946849932,249.24773345455228,246.21512317578097,249.0867156982422,65098900
2019-03-12,249.6414754841614,250.54500995828857,249.45362134116922,250.02613830566406,79667500
2019-03-13,250.91175053091055,252.61144667998187,250.7507054196275,251.6810760498047,80639200
2019-03-14,251.7079805063252,252.12843421550417,251.08179086101399,251.52012634277344,67518400
2019-03-15,252.07078381646642,253.57129671409749,251.88207489205763,252.76263427734375,81309000
2019-03-18,252.97823281762004,253.97560403108,252.75360287286256,253.6790771484375,62199800
2019-03-19,254.7394063409619,255.50312638155242,252.85250891337472,253.74203491210938,90268100
2019-03-20,253.52641347579527,254.7304270184905,251.87313992072177,252.97830200195312,84609200
2019-03-21,252.1607336052429,256.2399957566535,252.1157911407943,255.83567810058594,79550400
2019-03-22,254.47883818093473,254.99996772134344,250.8488096648639,250.91171264648438,122659300
2019-03-25,250.57029249849992,251.75634559535843,249.4651303397219,250.72305297851562,85575200
2019-03-26,252.47512221855817,253.54436319608845,251.19024521888866,252.59193420410156,68125900
2019-03-27,252.58305708493032,253.1671172828575,249.72576878707068,251.27122497558594,72224700
2019-03-28,251.90008722201625,252.67280125929813,250.74998272003916,252.22354125976562,56238500
2019-03-29,253.73307081828966,254.13738835770084,252.6099208410579,253.81393432617188,82186800
2019-04-01,255.80863958619787,257.1204710295328,255.539067150015,256.8239440917969,77617900
2019-04-02,257.01270157304134,257.1834225886773,256.1590964948618,256.9497985839844,40070400
2019-04-03,258.1627273142301,258.55807823794834,256.7520445828105,257.35406494140625,68243200
2019-04-04,257.67764571070825,258.2886329223049,256.98579496410593,258.03704833984375,48997500
2019-04-05,258.7019475798009,259.33988924285876,258.41441453536396,259.2859802246094,58621700
2019-04-08,258.8636614791043,259.59146060914446,258.2077318961907,259.483642578125,53566300
2019-04-09,258.522174565323,258.8456286022435,257.6056940400608,258.1537780761719,66142300
2019-04-10,258.5671452624204,259.1242508136989,258.1538336527132,259.0343933105469,52601500
2019-04-11,259.5194496889376,259.52844366112635,258.39629999121735,258.9623718261719,55093100
2019-04-12,260.57083310063365,260.9931386511058,259.0074168766403,260.714599609375,69727800
2019-04-15,260.7865664799949,260.8854179881842,259.74427946812784,260.5439758300781,49596700
2019-04-16,261.4244381773299,261.47834719052565,260.12157304356356,260.714599609375,52153200
2019-04-17,261.82872721774316,261.855681721401,259.6632906883781,260.0766296386719,58268300
2019-04-18,260.66070312049783,260.858378651933,259.36683190031505,260.58880615234375,68708500
2019-04-22,259.8250653691345,260.9661760070736,259.7352078763909,260.81341552734375,40160100
2019-04-23,261.1818141622424,263.3921933348262,260.94821758401093,263.1585693359375,52246600
2019-04-24,263.0777235358863,263.410171605521,262.43078792825753,262.5745544433594,50392900
2019-04-25,262.47577532352403,263.0688020790497,261.2268462240683,262.4128723144531,57770900
2019-04-26,262.45776734051964,263.70669621419734,261.68502567610466,263.63482666015625,50916400
2019-04-29,263.7245806707295,264.56919155772204,263.6347231979461,264.04803466796875,57197700
2019-04-30,263.7067077125926,264.4704554333061,262.29605171531756,264.18292236328125,81111700
2019-05-01,264.8118094680611,265.0184789347916,262.18811906270474,262.1971130371094,71671900
2019-05-02,262.0803330426567,262.99684108288136,260.1395263594633,261.6310729980469,65030200
2019-05-03,263.1046927620058,264.4704336008856,261.7389245024655,264.19189453125,56543700
2019-05-06,259.89683121409763,263.54481911458333,259.58234382530145,263.10455322265625,107198100
2019-05-07,260.7055306058509,261.29855700099677,256.80595772320976,258.7108154296875,144729900
2019-05-08,258.35150146484375,260.0586842910349,257.75847486656824,258.35150146484375,91568300
2019-05-09,256.2848860812778,258.17175626704255,254.55072152918922,257.56976318359375,103471100
2019-05-10,256.6353077314568,259.6184010578606,253.652214405053,258.8636474609375,112429300
2019-05-13,253.76011533329586,254.7215112151304,251.52278113899095,252.3583984375,127290500
2019-05-14,253.3737537472588,256.1681663940438,253.24797515252428,254.6406707763672,77003200
2019-05-15,253.01433551780383,256.7701439026409,252.8076659712132,256.1322021484375,73956400
2019-05-16,256.8330106305001,259.86101931664007,256.7611410796038,258.5042724609375,76749600
2019-05-17,256.2039079176878,259.3127782502007,256.1859199753527,256.8328552246094,100353000
2019-05-20,255.23368125153678,256.9408643844069,254.38906995262954,255.13485717773438,62877600
2019-05-21,256.8240743983572,257.8124523245358,256.57248978266324,257.4350891113281,46847100
2019-05-22,256.4824990841084,257.596654910179,256.1680116562386,256.64422607421875,49482500
2019-05-23,254.42494923843603,254.46986427419012,252.09778552084444,253.5084686279297,98733800
2019-05-24,254.94608296590505,255.35942195245426,253.46353029337246,254.08351135253906,55268100
2019-05-28,254.36206462869922,255.31449378901283,251.70245267653993,251.7204132080078,70029400
2019-05-29,250.60628560292824,251.01060326203879,248.62953008951493,250.03121948242188,104972900
2019-05-30,250.78596562189657,251.62161026679743,249.6179003033244,250.71409606933594,62523800
2019-05-31,248.171261594784,248.99788472790675,247.30866255936388,247.3356170654297,86862800
2019-06-03,247.371622323553,248.48577872420248,245.3769061548867,246.70672607421875,96428000
2019-06-04,248.99790209790564,252.19663167059005,248.5486420183639,252.06185913085938,77231900
2019-06-05,253.67919765838639,254.2722242847403,251.87319069063545,254.24526977539062,71169700
2019-06-06,254.54178226538465,256.5724191686605,253.89484665726926,255.89852905273438,69430400
2019-06-07,256.9138642871934,259.53755523499956,256.74314326213107,258.4593200683594,74272200
2019-06-10,260.0047577816279,261.3076228990596,259.5554977301904,259.6453552246094,60799100
2019-06-11,261.4603007892035,261.8286972441243,258.93546202655364,259.5823974609375,58641300
2019-06-12,259.3488365521413,259.9059145875843,258.6120435410981,259.12420654296875,47096300
2019-06-13,260.03175438157257,260.5529114811726,259.33090968470435,260.1934814453125,48945200
2019-06-14,259.9059143066406,260.50790737500523,259.14216679214854,259.9059143066406,52324700
2019-06-17,260.13956380841864,260.76853892968074,259.8340702245848,260.0047912597656,39205700
2019-06-18,261.8197473625696,263.7785143172778,261.46031743785153,262.72723388671875,85434800
2019-06-19,262.86214984310493,263.85052783413494,261.89175981051903,263.3204040527344,78674400
2019-06-20,265.9979361214567,266.2405267117123,263.38323896605675,265.836181640625,116570000
2019-06-21,265.5671482228351,266.8221515056671,265.23308319547755,265.44976806640625,83309500
2019-06-24,265.6573661634113,265.9733556577188,264.97116086464666,265.1246643066406,47582700
2019-06-25,265.1788214889388,265.2059070885623,262.4159801112717,262.5243225097656,82028700
2019-06-26,263.41824118962137,263.92385754593755,262.1542002988309,262.2625427246094,51584900
2019-06-27,263.0210145283139,263.6981823651526,262.6418159699409,263.19256591796875,40355200
2019-06-28,264.16752703039054,265.0433313760385,263.65290070464994,264.5467529296875,59350900
2019-07-01,267.8694855427903,268.0861979498704,265.7476878432094,266.94854736328125,78705600
2019-07-02,266.90333077615117,267.6978784773819,266.0636495912675,267.6437072753906,61504500
2019-07-03,268.3208916824014,269.80164477374774,268.1764259500246,269.7835693359375,40898900
2019-07-05,268.55562454830994,269.6391036536074,267.26449836154364,269.4765625,51677300
2019-07-08,268.1674009349462,269.2960135747465,267.454110031467,267.995849609375,45841800
2019-07-09,266.840222998623,268.6279282653834,266.7860517816925,268.3299865722656,41101300
2019-07-10,269.39537569112645,270.56011189882554,268.8626737180611,269.612060546875,58448500
2019-07-11,270.2530257538709,270.4877584035389,269.2417934211066,270.2439880371094,50826100
2019-07-12,270.73164779402924,271.5261956250817,270.42466841458145,271.4539489746094,40326000
2019-07-15,271.8872920895059,271.8872920895059,271.0385732165695,271.544189453125,33900000
2019-07-16,271.45396719521267,271.66164188673037,270.3614776311971,270.66845703125,36650100
2019-07-17,270.64132560824015,270.8038392241641,268.8265075683594,268.8265075683594,36036300
2019-07-18,268.3299433311183,270.18989495674094,267.8875359461371,269.8106689453125,51392600
2019-07-19,270.90314927048956,270.93023487092404,268.14030781010166,268.3118591308594,58678600
2019-07-22,268.7091319171699,269.5127173993327,268.19450545816716,268.9709777832031,43638100
2019-07-23,270.090607031503,270.8941650390625,269.259935864137,270.8941650390625,44564500
2019-07-24,270.13573328679485,272.167236328125,270.04543875193104,272.167236328125,47213200
2019-07-25,271.7157538258222,271.76992502848304,270.0634494826073,270.8670349121094,55394100
2019-07-26,271.55327198811625,272.88052171662747,271.4268541311043,272.681884765625,45084100
2019-07-29,272.5645593450953,272.68193950616376,271.6345833318975,272.1853332519531,38126500
2019-07-30,270.7858119974368,271.9234625037329,270.4065859773304,271.51715087890625,45849000
2019-07-31,271.7609487131754,271.9505755193534,266.5332335970876,268.5466613769531,104245200
2019-08-01,268.7000847236065,271.65252527131696,265.41355171160745,266.2080993652344,142646600
2019-08-02,265.31426961081803,265.55804002591907,262.6507327117384,264.2037048339844,116749700
2019-08-05,260.1136629564653,260.2220053837113,254.36225615994783,256.2583312988281,178745400
2019-08-06,258.14535837183905,260.0685190404571,256.6736428346704,259.851806640625,120711700
2019-08-07,256.7819852077057,260.7727722927134,254.6511774136103,260.00531005859375,140572300
2019-08-08,261.4951276540409,265.106689453125,260.9443777056149,265.106689453125,87713900
2019-08-09,264.1676091836573,264.76352003700896,261.5221474446139,263.30084228515625,93730000
2019-08-12,261.8019984508938,263.29176156394834,259.14749942587946,260.0955505371094,65527600
2019-08-13,259.79760350315723,265.58513268360247,259.4545008367751,264.1405029296875,94299800
2019-08-14,260.0955384148288,260.7004593066789,256.2040845769867,256.3304748535156,135622100
2019-08-15,257.2154261800236,257.9016317136364,254.96723786093705,257.00775146484375,99556600
2019-08-16,258.660050411632,261.23326599547846,257.0619167770849,260.7998962402344,83018300
2019-08-19,263.8156262362617,264.6191846019183,263.13845823590594,263.9420166015625,53571800
2019-08-20,263.43631331987183,263.96901533165703,261.79307378762985,261.9194641113281,51596400
2019-08-21,264.07728701486997,264.420362082352,263.3910817718715,264.0502014160156,49524700
2019-08-22,264.75450123640525,265.38650783914835,262.1993065597355,263.9689636230469,51666400
2019-08-23,262.66887506036954,264.33019001252563,255.94233087198558,257.1883239746094,149161500
2019-08-26,259.37328982123614,260.03240966796875,257.84740299073746,260.03240966796875,72423800
2019-08-27,261.42287531434596,261.7930636581838,258.2537214211673,259.01214599609375,66668900
2019-08-28,258.3530803749549,260.99854271685837,257.54949466784865,260.8360290527344,59696700
2019-08-29,263.39109976527214,264.6912637071327,262.3888774311626,264.1675720214844,57899400
2019-08-30,265.6483068564536,265.66635473768406,263.1202257833285,264.0502014160156,62901200
2019-09-03,262.3528412178477,263.2647416845759,261.17906729483354,262.5063171386719,69101400
2019-09-04,264.6732441815311,265.50388772814705,263.9238298917129,265.48583984375,46887300
2019-09-05,267.9688277765969,269.81070420416734,265.44975604997495,268.8988037109375,83258100
2019-09-06,269.2148152948554,269.74751727016104,268.5376475637681,269.1064453125,49584300
2019-09-09,270.09057074583126,270.1808377169626,268.3028383422982,269.2418518066406,51260300
2019-09-10,268.48337640040836,269.24182830225595,267.22837353862485,269.1786193847656,57947100
2019-09-11,269.4856603743414,271.1740607730114,268.83557827685104,271.0928039550781,68821100
2019-09-12,271.9956759928493,273.08816543274827,271.23725152228974,272.03179931640625,72908700
2019-09-13,272.4741621192971,272.82630246980784,271.48097753915954,271.8511657714844,62104800
2019-09-16,270.72269561213284,271.8964698439727,270.37058263040365,271.0116271972656,58191200
2019-09-17,270.8129115165538,271.7880208906066,270.64136015983695,271.69775390625,41475500
2019-09-18,271.30948262871954,271.9686024312111,269.27797956454594,271.8602600097656,73375800
2019-09-19,272.2484746882701,273.2416593963996,271.5080981282079,271.8421630859375,76560500
2019-09-20,272.4444725268905,272.7256865360811,269.7686626835575,270.55780029296875,89565000
2019-09-23,269.89563042755236,271.21087820036234,269.64165479267564,270.4942932128906,43476800
2019-09-24,271.5827953011382,271.9728243964235,267.41031441968806,268.3717956542969,94869400
2019-09-25,268.45338400504926,270.40355684518136,266.9748722488337,269.9591064453125,71854000
2019-09-26,269.9681805505696,270.17678656371356,267.9907970655747,269.396728515625,56179700
2019-09-27,270.14955226807103,270.25842267385457,266.3943398657859,267.9454040527344,84746600
2019-09-30,268.4625040639401,269.8956464426555,268.41716214409126,269.1881408691406,51662400
2019-10-01,270.06797514180766,270.7210593029976,265.7685205613803,265.9862060546875,88242400
2019-10-02,264.4079467960568,264.4170262525811,259.99964920337914,261.28765869140625,122539500
2019-10-03,261.06081329580894,263.45546385374735,258.34871403256653,263.4282531738281,85278800
2019-10-04,264.081418140647,267.2470481606347,264.02696908285304,266.9930725097656,65091200
2019-10-07,266.19486160761295,267.81850652842235,265.5599086250279,265.8410949707031,59610500
2019-10-08,263.9906876592985,264.7254038708757,261.67766859806807,261.7139587402344,95708100
2019-10-09,263.7275882237998,265.13351958206624,263.10171486269707,264.1992492675781,62359400
2019-10-10,264.1176650870851,266.8660551651619,263.9544009671046,265.9862060546875,55296300
2019-10-11,268.7346644381994,270.97510381384257,268.61676988687105,268.7437438964844,98720400
2019-10-14,268.42617702704035,269.09742004492904,268.0996488139588,268.4443359375,40394800
2019-10-15,269.4874550292948,271.8458158960156,269.36953283376874,271.1020202636719,46754500
2019-10-16,270.63941529110076,271.3560002499491,270.23125500917473,270.6666259765625,48928200
2019-10-17,271.8276926759577,272.33564398394304,270.7754999147679,271.4648742675781,45736600
2019-10-18,270.9297872692361,271.5737921984772,269.42406416044315,270.2767028808594,64304000
2019-10-21,271.5918227015919,272.3083799212792,271.1564240881151,272.10882568359375,39048600
2019-10-22,272.6440642871781,272.93433011116593,271.1292896905478,271.2200012207031,48594700
2019-10-23,270.9659810160959,272.0635156111766,270.7573472991516,272.00909423828125,34352200
2019-10-24,272.9434334419132,273.0885663666014,271.62818534280314,272.45361328125,35453100
2019-10-25,271.88215940170795,274.11354696390293,271.8277380154373,273.5693054199219,45205400
2019-10-28,274.7847083190437,275.61013608971376,274.75749763127527,275.1112365722656,42147000
2019-10-29,274.8391577345471,275.95485140942054,274.7121560578241,275.0296325683594,44284900
2019-10-30,275.22919747728037,276.24510020516715,273.92302891820503,275.87322998046875,49643900
2019-10-31,275.8641227568858,275.8641227568858,273.68718460462867,275.1384582519531,69053800
2019-11-01,276.58064197385863,277.73259776958525,276.41735019832123,277.687255859375,71141500
2019-11-04,279.2382855082534,279.3743389032854,278.4309892289629,278.8028869628906,60606900
2019-11-05,279.0025497152499,279.30189498204095,278.2043325788355,278.4945983886719,42933200
2019-11-06,278.4946351418078,278.83024291816537,277.6147858205009,278.5581359863281,46487100
2019-11-07,279.89145582645773,280.87106825413883,279.06602806695554,279.5376892089844,54272300
2019-11-08,279.19295893958304,280.28144163006976,278.49453294996727,280.2270202636719,49032100
2019-11-11,278.848365987301,279.86426864392786,278.71228485760133,279.6919250488281,35797300
2019-11-12,280.05475967061557,281.17950515104246,279.5105181641509,280.2815246582031,46484600
2019-11-13,279.29278899604503,280.77130091310977,279.0660240438884,280.3721923828125,53917700
2019-11-14,280.09092700077474,280.86193315674427,279.4559742414444,280.7802734375,51219900
2019-11-15,282.1137714747029,282.85756726611123,281.4244247462533,282.8122253417969,62023600
2019-11-18,282.5763015670428,283.25659632840035,282.1227717261377,283.020751953125,49228000
2019-11-19,283.61935100514654,283.6284304579314,282.29505191770323,282.9390563964844,67804700
2019-11-20,282.34957224467774,282.86660297199927,280.3358983899287,281.886962890625,79406200
2019-11-21,281.99578034720054,282.1046230732926,280.63519090852355,281.4333801269531,54664700
2019-11-22,282.1772483826184,282.31330182529547,281.052503014795,282.059326171875,44850200
2019-11-25,282.9844712930347,284.2452697753906,282.9844712930347,284.2452697753906,48647200
2019-11-26,284.28162866852205,285.0707663027961,283.96415218727157,284.88934326171875,37569000
2019-11-27,285.3700754304547,286.15924072265625,285.15238993261636,286.15924072265625,44444600
2019-11-29,285.5968026686247,285.84172650261706,284.87116598414514,285.0979309082031,36592700
2019-12-02,285.3519574335292,285.41545826710006,282.24982822038623,282.6761474609375,75767800
2019-12-03,279.9639253764044,280.86193315674427,278.58520482169314,280.7802734375,73941700
2019-12-04,281.8234099210745,283.1114189653201,281.47872286715346,282.51275634765625,49080000
2019-12-05,283.21125441681573,283.2293856451966,281.7145837968173,283.020751953125,40709000
2019-12-06,284.9256316357635,286.0050350565463,284.9165521793852,285.6059265136719,48927000
2019-12-09,285.21586750080536,285.88708285190785,284.63533597889335,284.7079162597656,34838500
2019-12-10,284.6534053349827,285.3155410223452,283.73726642574576,284.3903503417969,52649800
2019-12-11,284.84407873714247,285.45182117673863,284.30891660620586,285.1978454589844,53429100
2019-12-12,285.206841471859,288.43597254390977,284.971024718016,287.6559143066406,96389600
2019-12-13,287.4199676298921,289.0526914993744,286.64896144274167,287.8281555175781,81503900
2019-12-16,289.5516578841208,290.3952169345024,287.7647488016478,289.8056335449219,82749700
2019-12-17,290.1865254751517,290.4858429696505,289.78741702831144,289.8690490722656,61097700
2019-12-18,290.25913538779594,290.4859003373177,289.8328161754444,289.8872375488281,48133000
2019-12-19,290.07766829054526,291.14801972745664,289.8236926929126,291.075439453125,85310500
2019-12-20,292.10552598899403,293.4819293110863,291.1302212825293,292.3516540527344,147142100
2019-12-23,293.13550600154747,293.1901949374519,292.65240185614937,292.7982482910156,52990000
2019-12-24,293.02612879098643,293.0716936318886,292.50655608135855,292.807373046875,20270000
2019-12-26,293.1901602146185,294.37515192605576,293.1810639379538,294.36602783203125,30911200
2019-12-27,295.0953240109606,295.1500129574212,293.7645132848047,294.2931823730469,42528800
2019-12-30,294.3752190438764,294.5119413986182,292.1875500985432,292.670654296875,49729100
2019-12-31,292.1693441370268,293.62778090007464,291.82296227634913,293.38165283203125,57077300
2020-01-02,294.9130269972677,296.14358388648566,293.9923834001532,296.1253356933594,59151200
2020-01-03,292.74356586892327,295.0041439336054,292.688876931802,293.8829650878906,77709700
2020-01-06,292.1328420420894,295.0861837981025,292.01434006994486,295.004150390625,55653900
2020-01-07,294.4390032296372,294.91301114756425,293.7280191701127,294.1746826171875,40496400
2020-01-08,294.3660590478099,296.95477064555246,294.11995883928836,295.7424621582031,68296000
2020-01-09,297.3011671355,297.8207398631898,296.7177813744384,297.747802734375,48473300
2020-01-10,298.3311461832845,298.48608887965315,296.42607426931494,296.89093017578125,53029300
2020-01-13,297.5107715003253,298.9418355342063,297.0823563543286,298.9327392578125,47086800
2020-01-14,298.49517959741576,299.54342106499274,297.92091807745555,298.4769592285156,62832800
2020-01-15,298.38593822376356,299.90816033518473,298.30390480015734,299.151611328125,72056600
2020-01-16,300.52795985830204,301.6400146484375,300.30008000636747,301.6400146484375,54050300
2020-01-17,302.35097758583424,302.7884890679203,301.5761805798231,302.578857421875,95846000
2020-01-21,301.6217259743135,302.78846954692693,301.5488166711206,301.986328125,77742400
2020-01-22,302.84325022550865,303.4904491427102,301.8679454358583,302.02288818359375,48914900
2020-01-23,301.3756489009387,302.77939649699647,300.2635941747511,302.36920166015625,51963000
2020-01-24,303.02552540689584,303.1075588185603,298.3949910655985,299.68023681640625,87578400
2020-01-27,294.44811064824233,296.35318285602233,294.1108529210448,294.87652587890625,84062500
2020-01-28,296.29842651664376,298.84157285281924,294.96761628432836,297.9665222167969,63834000
2020-01-29,299.32461928570945,299.5524990399842,297.5198016176066,297.7203369140625,53888900
2020-01-30,295.6603342582397,298.89624388865093,294.9129097062482,298.68658447265625,75491800
2020-01-31,298.0668193889295,298.22178991387807,292.3516032332454,293.26312255859375,113845600
2020-02-03,294.7398209430448,297.3011883827756,294.62131896327486,295.4416809082031,69083000
2020-02-04,299.0421847479902,300.8105346597248,298.7231473854342,299.944580078125,62573200
2020-02-05,302.8705625667215,303.6180152040548,301.4121536768775,303.4083557128906,65951100
2020-02-06,304.3654167083422,304.6206410029242,303.35361580732535,304.4292297363281,50359700
2020-02-07,303.37183913632214,304.4383010658972,302.2597845544811,302.80670166015625,64139400
2020-02-10,301.92253597033135,305.13107376686384,301.88606741089336,305.0672607421875,42070000
2020-02-11,306.41637021168424,307.20026355708615,305.0673114617923,305.59600830078125,54864500
2020-02-12,307.02705945948134,307.77451202465284,306.66245727222037,307.56488037109375,43992700
2020-02-13,306.1428600443528,308.20290257264736,305.8694153801374,307.2366943359375,54501900
2020-02-14,307.64700099474027,307.84753642719005,306.45291249795264,307.7290344238281,64582200
2020-02-18,306.73540821888315,307.7927740817303,305.5504162851949,306.9359436035156,57226200
2020-02-19,307.90211788539574,309.07795777585227,307.61954912250815,308.4034423828125,48814700
2020-02-20,307.85655491074664,308.67694462905206,304.1557883522253,307.136474609375,74163400
2020-02-21,305.7873641141862,306.0972773213097,303.153060127596,303.97344970703125,113788200
2020-02-24,294.5483543223174,304.0463696689848,292.8164454315438,293.8920593261719,161088400
2020-02-25,295.2776038121276,295.8883062471929,284.11149089171784,284.9865417480469,218913200
2020-02-26,286.3811587759355,289.9634233462724,283.2090890630601,283.93829345703125,194773800
2020-02-27,278.43268874388383,283.9929622601153,271.1861267089844,271.1861267089844,284353500
2020-02-28,263.15560884540804,271.5324726677233,260.2752047841163,270.04669189453125,384975800
2020-03-02,271.82421045255126,281.80535966924487,268.40601247661044,281.7415466308594,238703600
2020-03-03,282.1153015410036,286.0712930613618,271.2408799542185,273.67462158203125,300139100
2020-03-04,279.03425638312916,285.3966704893052,276.4911099959197,285.1778869628906,176613400
2020-03-05,277.9951665598652,281.1763600202487,273.4649145191371,275.6981201171875,186366800
2020-03-06,267.2119174164198,272.3437762979566,264.55029623787203,271.14056396484375,228667200
2020-03-09,250.94124687205388,259.04466663052983,249.2549584564978,249.9659423828125,309417300
2020-03-10,259.4548189035631,262.99148976667317,249.3004824278456,262.9003601074219,276444100
2020-03-11,255.8635462842316,256.99382161350735,246.91241771549264,250.08448791503906,255316300
2020-03-12,233.3489770719644,243.06577765843556,225.76512864095778,226.15708923339844,392220700
2020-03-13,239.8116563713259,247.45931815181189,226.53082479595767,245.4904327392578,329566100
2020-03-16,219.84026891466843,234.16935673558086,216.35827161630672,218.62796020507812,297240000
2020-03-17,223.35869921057358,233.50392810842425,216.09390266325667,230.43209838867188,262070500
2020-03-18,215.34648084640503,226.3940926828577,207.84467929166857,218.76467895507812,327597100
2020-03-19,218.08101328487268,225.49167035009614,211.67303310856974,219.22952270507812,289322000
2020-03-20,222.37071486608463,224.1494627814303,209.50690060052804,209.78196716308594,347158800
2020-03-23,209.22266488933178,210.5888059303928,200.11804724519777,204.418212890625,326025200
2020-03-24,214.93479730989094,223.81019428807684,214.36633674386968,222.93914794921875,235494500
2020-03-25,224.5162200852684,235.04200407098807,219.82180274754663,226.27662658691406,299430300
2020-03-26,228.77970462542717,240.95584543670577,228.34877027705872,239.48886108398438,257632800
2020-03-27,232.21804924789328,239.13131375893414,230.18257586335054,232.35557556152344,224341200
2020-03-30,234.44613418845265,240.61673059149334,232.4565069378578,239.9015655517578,171369500
2020-03-31,238.90205096760556,241.4417963725967,234.9227984498402,236.32562255859375,194881100
2020-04-01,227.36774076850008,236.24314028710725,223.62687128450554,225.68984985351562,189554600
2020-04-02,224.8096570813122,231.67707467324524,224.25952385795503,230.89773559570312,177660400
2020-04-03,229.9166755402143,232.2638985790031,224.83716977069236,227.560302734375,135561200
2020-04-06,236.40821189273478,244.80683164702756,227.54198862018026,242.84469604492188,188061200
2020-04-07,251.41749200591784,252.16933982804701,242.87219727816253,243.0922393798828,201427200
2020-04-08,245.68694732221695,253.05866406664575,243.20221247709344,251.25241088867188,153774500
2020-04-09,254.50740840247016,257.82653581519105,252.5728060191188,255.07589721679688,189999200
2020-04-13,254.10395500418002,254.44319588474661,248.8502262862596,252.74696350097656,114839100
2020-04-14,257.6247736197147,261.21892505517496,252.60944238232008,260.2012023925781,134143400
2020-04-15,254.49821499657006,260.3387321420968,252.5635849639978,254.67242431640625,121775000
2020-04-16,255.9468184845768,256.7536766430272,252.83861260251467,255.90098571777344,131798300
2020-04-17,261.65902364519036,263.4194162623719,258.9267132107058,262.8143005371094,146684800
2020-04-20,259.11931962908403,262.95189746439894,257.9640704078135,258.1841125488281,100109300
2020-04-21,253.72801334575112,254.92912296463592,249.40949178866583,250.3447265625,126385700
2020-04-22,255.21332633013031,257.64305057028287,253.893018067381,255.90098571777344,92951600
2020-04-23,257.1754170609283,260.3386612375464,255.58005633581496,255.8826141357422,104709700
2020-04-24,257.3955098331214,260.1186421969253,255.35085912854342,259.4493103027344,85063200
2020-04-27,261.4206455682229,264.3088100325091,260.9622058760842,263.1902160644531,77896600
2020-04-28,266.8302527082662,267.17867138306195,261.67739457497856,261.97998046875,105270000
2020-04-29,267.29778446877594,270.369335297768,266.27088427087654,268.838134765625,118745600
2020-04-30,267.4628265283742,268.9390166066362,264.6021678699744,266.3350830078125,122901700
2020-05-01,261.5949198596324,266.5002313799912,258.11993829550914,259.2843933105469,125180000
2020-05-04,257.40466678621465,260.30200851871746,255.92850465269154,259.99945068359375,80873200
2020-05-05,262.81434034545913,265.20738229155137,260.1278622774751,262.4017333984375,79569900
2020-05-06,264.0979977435184,264.48307149149906,260.1920818426239,260.6230163574219,73632600
2020-05-07,263.8320410550969,265.6933050734505,263.2635803176103,263.7678527832031,75250400
2020-05-08,266.89434866344646,268.59975843411314,265.7665772347648,268.13214111328125,76452400
2020-05-11,266.20667159721637,269.5624524238782,265.7849150505331,268.1871337890625,79514200
2020-05-12,269.37000418111256,269.7825831185984,262.7042730991444,262.8418273925781,95870800
2020-05-13,262.2824804769914,263.31855852406073,255.77263209509584,258.1932067871094,144721100
2020-05-14,255.76347804149395,261.41142959963264,250.29885756390482,261.2830810546875,121977900
2020-05-15,258.89925085277906,262.53008571070245,257.954866120157,262.4842529296875,111146300
2020-05-18,268.6915050760796,272.0839701507051,268.3706196611589,270.47943115234375,119703800
2020-05-19,269.88344074536735,271.58882289589167,267.6829359139752,267.7012634277344,95189300
2020-05-20,271.2313006225374,273.11089240666524,271.0020807473539,272.2490234375,85861700
2020-05-21,272.1206276660374,272.92748596370774,269.278296110494,270.369384765625,78293900
2020-05-22,270.0852232989164,271.05711341057327,268.8474302756722,270.8829040527344,63958200
2020-05-26,276.83341854716673,277.0718161691973,270.90120710948116,274.2203063964844,88951400
2020-05-27,277.00761167218025,278.33709805129075,272.1939946167621,278.3004150390625,104817400
2020-05-28,279.3272767982314,281.3352447299404,277.1175942986496,277.78692626953125,90405200
2020-05-29,277.3193091660714,279.61150744849493,274.5778489741923,279.02471923828125,119090800
2020-06-01,278.38289544316814,280.7576095309241,277.86944526100126,280.1524658203125,55758300
2020-06-02,281.0693740975131,282.5180592457431,279.73991573138625,282.4721984863281,74267200
2020-06-03,284.4526664557033,287.1849772402928,284.17761381806736,286.2314147949219,92567600
2020-06-04,285.2503028822557,286.98321817364206,283.3890390401753,285.4795227050781,75794400
2020-06-05,290.8616019107014,294.56577377345707,290.7974136505666,292.79620361328125,150524700
2020-06-08,293.60307791418927,296.52792499363557,293.0621225082108,296.33538818359375,73641200
2020-06-09,293.67647298750563,296.4087837876376,292.8146040767573,294.1257629394531,77479200
2020-06-10,294.7033572907335,295.59273133209695,291.76933233464445,292.4844970703125,95000800
2020-06-11,285.5712235543959,286.20387252008595,275.0729721884442,275.6230773925781,209243600
2020-06-12,282.6188812960742,283.38905659074294,273.7801789307393,278.9238586425781,194678900
2020-06-15,273.24841147874247,282.65560386034076,272.07480686820895,281.52783203125,135782700
2020-06-16,289.25717919909346,289.403883289215,282.0963519368916,286.9466247558594,137627500
2020-06-17,287.96429064170104,288.25769873534205,285.0210879201945,285.7546081542969,83398900
2020-06-18,284.2417880969982,286.3414217497539,283.7833484028866,285.8646545410156,80828700
2020-06-19,289.323611161699,289.5169952642536,282.2878135586834,284.23095703125,135549600
2020-06-22,283.6323430698322,286.4503381503588,282.49041850503755,286.0543518066406,74649400
2020-06-23,288.69733429029844,289.6274664668477,286.96601139314646,287.3712158203125,68471200
2020-06-24,285.336089865643,285.953114826548,278.20822201391996,280.04083251953125,132813500
2020-06-25,279.4697872300513,283.3100111754416,277.45298321689944,283.0429382324219,89468000
2020-06-26,281.94701982624827,282.1588401533544,275.74006876304765,276.3202209472656,127961000
2020-06-29,277.5727536803356,280.5196622715444,275.28887633629,280.38153076171875,79773300
2020-06-30,279.9486930198918,285.6675903215087,279.792153347328,283.97308349609375,113394800
2020-07-01,285.08736775765794,287.2238950877985,284.62691073499315,285.96221923828125,72396500
2020-07-02,289.38806675534465,290.7326217108491,286.8739889973159,287.53704833984375,69344200
2020-07-06,291.3495847273951,292.5559799310515,290.6036465664798,291.9757995605469,61713800
2020-07-07,290.43791531370204,292.408657022588,288.5868688394488,288.9644470214844,82910000
2020-07-08,289.728779659392,291.2851267804882,287.9698584105039,291.17462158203125,54638600
2020-07-09,291.7825007695843,292.0219474951097,286.1096649721641,289.5170593261719,83354200
2020-07-10,289.45251680342045,292.74018697945144,288.02511114921197,292.4731140136719,57550400
2020-07-13,294.8121635116117,297.18810894502695,289.2866802576531,289.9405212402344,102997500
2020-07-14,288.5224361241147,294.4715626788139,287.3252587874631,293.697998046875,93657000
2020-07-15,296.9118887955538,297.49206911744704,294.0202053194717,296.39617919921875,87196500
2020-07-16,294.49919068416483,295.871343992354,293.85453943512255,295.42010498046875,54622500
2020-07-17,296.4237778227198,297.0592106774664,294.4530085389404,296.27642822265625,62774900
2020-07-20,296.0094731698983,299.4168672808463,295.26353484413016,298.6709289550781,56308800
2020-07-21,300.632423503006,301.0744442907489,298.3209200855165,299.3063049316406,57292200
2020-07-22,298.9471708971752,301.32314533336705,298.83666568694713,301.010009765625,57792900
2020-07-23,300.65084417889534,301.3507479273714,296.05549155599056,297.4184265136719,75738000
2020-07-24,295.56736989715625,296.52510025578465,294.001804800679,295.5028991699219,73766600
2020-07-27,296.193647698937,297.8328739008944,295.40164684860423,297.65789794921875,48293000
2020-07-28,296.93038292448483,298.04470943209714,295.4753507358692,295.7700500488281,57495000
2020-07-29,296.64488066256155,299.9693955729184,296.60803622504216,299.4076232910156,48454200
2020-07-30,296.44230479428404,298.7538086591065,294.3610576063959,298.3393859863281,61861700
2020-07-31,300.12590663768805,300.7981840639859,295.9173223565921,300.6968688964844,84986800
2020-08-03,302.3545227663099,303.5516998495723,301.8111868221174,302.787353515625,53077900
2020-08-04,301.93091720834786,303.9569396972656,301.93091720834786,303.9569396972656,41917900
2020-08-05,305.2554171505095,306.10267054186585,304.98834417548517,305.84478759765625,42697700
2020-08-06,305.26457778295924,308.008883470918,304.94225226748324,307.88916015625,43679400
2020-08-07,306.92221206378724,308.3956800618827,306.0197062402385,308.1101989746094,57308300
2020-08-10,308.5614527808773,309.21529387333,306.62752769620295,309.0311279296875,44282100
2020-08-11,310.2099129722672,310.8453459347755,305.7526922046899,306.4801940917969,69601100
2020-08-12,308.91143712616207,311.526829875344,308.8838108265044,310.7532653808594,53774400
2020-08-13,309.98886506986986,311.49917760274417,309.2705532345938,310.19146728515625,41816100
2020-08-14,309.80472777793506,310.734860048338,309.0771977415584,310.2007141113281,47260400
2020-08-17,311.2136919707807,311.5820519648369,310.2098990427494,311.1860656738281,35481000
2020-08-18,311.58210731482745,312.2820111007127,309.98891563003593,311.8583984375,38733900
2020-08-19,312.2359484919656,312.7516581960092,309.99813372934017,310.5599060058594,68054200
2020-08-20,308.8377131218765,312.0056596078708,308.7087997728297,311.52679443359375,42207800
2020-08-21,311.19527337116966,312.8529073408649,310.8545115814278,312.63189697265625,55106600
2020-08-24,315.06311760311377,315.87352648257695,312.6042927708127,315.79986572265625,48588700
2020-08-25,316.36163229349035,316.9878471615432,315.2012714878101,316.90496826171875,38463400
2020-08-26,317.4943261404444,320.34913711570266,316.9509902417963,320.08209228515625,50790200
2020-08-27,320.94779884525434,322.2278548973866,319.1243787139967,320.7820129394531,58034100
2020-08-28,321.80429827876867,322.98306746973554,320.6163109514111,322.8541259765625,48588900
2020-08-31,322.64217600676585,323.5170273100685,321.4541892599412,321.6844177246094,66099200
2020-09-01,322.51332671022755,324.8156120146118,321.6200388879637,324.7143249511719,54908700
2020-09-02,326.62058140555735,330.3778981673585,325.47862893248646,329.41094970703125,69540000
2020-09-03,327.7257482737778,328.19542353260755,315.49600820932886,318.0745849609375,148011100
2020-09-04,318.75596006198134,320.32149696391184,308.38645966468334,315.4775085449219,139156300
2020-09-08,310.0809875272591,315.54202965407626,306.55389879011744,306.8577880859375,114465300
2020-09-09,310.8545829924272,315.37627517454166,309.98892137932586,312.9174499511719,91462300
2020-09-10,314.7869130200324,315.44075426286713,306.5263111431715,307.48406982421875,90569500
2020-09-11,309.261320427787,310.3203658186332,304.82250857307713,307.6405029296875,84680200
2020-09-14,310.79930858274395,313.46076397555305,307.78792941912315,311.6925964355469,65605700
2020-09-15,314.14218543935834,314.9710024350509,311.70176891157143,313.267333984375,52920900
2020-09-16,314.50146223868563,315.9288682104032,311.7479092776505,312.0242004394531,82096000
2020-09-17,307.1800415307334,310.99263860758003,306.65511385712773,309.27972412109375,91523300
2020-09-18,310.0832931282361,310.19424068358853,303.2412544546544,305.71917724609375,105877900
2020-09-21,301.14238742219266,302.4645593357365,297.4717223903731,302.3166198730469,99450800
2020-09-22,303.79599750028683,305.95030428150574,301.29030979270976,305.3955383300781,63612100
2020-09-23,305.95025977750316,306.22765682115056,297.8137877286705,298.3130798339844,93112200
2020-09-24,297.0002185553226,302.1594777085532,295.68727323191223,299.1083068847656,76681300
2020-09-25,298.25759348900306,304.72979648153216,297.38849504638966,303.94390869140625,71069400
2020-09-28,308.09538490645014,309.70418077413325,307.10605558287943,308.99224853515625,64584600
2020-09-29,308.78875328225575,309.5284222115875,306.61593700457234,307.30938720703125,51304000
2020-09-30,307.97519790754353,312.78313211808506,307.781039690102,309.6394958496094,104081100
2020-10-01,312.22836509125534,313.1991843917802,309.7504423645945,311.62738037109375,88698700
2020-10-02,306.69000965854815,311.59963625667905,306.2184543549931,308.66864013671875,89431100
2020-10-05,310.7212096486976,314.32714558258357,310.67499091510314,314.1422424316406,45713100
2020-10-06,314.28100446334764,316.3706109226611,309.1679640929143,309.6764831542969,90128900
2020-10-07,312.6259658002967,315.87132309591203,312.5982289095894,315.0669250488281,56999600
2020-10-08,316.99928967685366,317.9238901844621,316.083915987055,317.8591613769531,45242500
2020-10-09,319.50498071538817,321.1600236881462,318.8855141153723,320.6977233886719,59528600
2020-10-12,323.2311019429976,327.32707559553944,322.7410647815939,325.8569641113281,80388500
2020-10-13,325.718262626604,325.8939389787219,322.7687847777624,323.7303771972656,73255500
2020-10-14,324.30366960004284,325.39469156684834,320.96587488382295,321.6962890625,57727900
2020-10-15,317.7944015372411,321.77942707857534,317.2581457104829,321.29864501953125,60357700
2020-10-16,322.648589773227,324.30363260576735,320.92884634883575,321.1045227050781,89501900
2020-10-19,322.36195837394564,322.99067994136914,315.3257621196153,316.2226257324219,68425600
2020-10-20,317.56327447111846,320.72542054305353,316.8051235185024,317.48931884765625,60051900
2020-10-21,317.44313504454004,319.60672543903087,316.583263194965,316.8883972167969,63575000
2020-10-22,317.1010016263074,319.20908978421284,314.96517658013624,318.6265869140625,55399300
2020-10-23,319.84711952294293,319.9025933086826,317.25824879984316,319.70843505859375,49143900
2020-10-26,316.3336287158571,317.11954492115404,310.31446938243005,313.80023193359375,91473000
2020-10-27,314.14230712329396,314.475149793473,312.5057460118679,312.7184143066406,65994100
2020-10-28,307.059827691063,312.7461150486337,301.5399616493468,302.0299987792969,127094300
2020-10-29,302.26114022168764,308.2617881868608,300.57836060996675,305.09967041015625,90597700
2020-10-30,303.52783260839107,304.8315226203362,298.2761088587803,301.9190368652344,120287300
2020-11-02,305.3030700683594,307.300182145621,302.56623250835605,305.3030700683594,86068300
2020-11-03,308.53004104479305,312.7462184058877,305.38640399016305,310.693603515625,93294200
2020-11-04,315.15928696801785,321.70547377095147,313.9850545875487,317.6372375488281,126959700
2020-11-05,322.90752215223176,325.63510535784354,322.5561693903892,323.8321228027344,82039700
2020-11-06,323.5455408933041,325.00642591217644,321.43745226493905,323.7582092285156,74973000
2020-11-09,336.5268178489835,336.90590740925865,327.3640242503452,327.8263244628906,172304200
2020-11-10,326.83703383089585,328.39961099114294,324.0817422973662,327.3455810546875,85552000
2020-11-11,329.5275920192219,330.60013191836515,328.2886308124271,329.7772521972656,58649000
2020-11-12,328.7694850499286,329.82354332955566,324.7752317067129,326.57818603515625,67546200
2020-11-13,328.4827306460504,331.8390341702382,327.9649567476339,331.099365234375,62892200
2020-11-16,333.762310414162,335.42658008620566,332.4771021299016,335.232421875,74541100
2020-11-17,332.8284586496354,334.63144099542336,331.3213552496351,333.429443359375,66111000
2020-11-18,333.69765395560677,334.2431650021247,329.37975611691144,329.416748046875,70591300
2020-11-19,328.7879664083773,331.173423449706,327.44728430310664,330.8035888671875,59940900
2020-11-20,330.54466445649757,330.74807768636424,328.46431342145667,328.53826904296875,70417300
2020-11-23,330.34129961206247,331.7651924296882,328.1130087910506,330.5077209472656,63230600
2020-11-24,333.0504084548386,336.3789766002486,332.1997916166957,335.8334655761719,62415900
2020-11-25,335.7502372606201,335.7779741513508,334.2246518372895,335.315673828125,45330900
2020-11-27,336.40661695536556,336.720977715475,335.2416113846449,336.24945068359375,28514100
2020-11-30,335.47285766997896,335.7409997721045,332.08884395768695,334.76092529296875,83872700
2020-12-01,338.0062793851227,339.9571732876584,337.41452140242126,338.4223327636719,74231400
2020-12-02,337.3127522431998,339.2913825881508,336.7395044630417,339.13421630859375,45927000
2020-12-03,339.03255404637883,340.42871003443537,337.94153206913154,339.04180908203125,62882000
2020-12-04,339.6242931462519,341.9635314941406,339.53182744457604,341.9635314941406,50749900
2020-12-07,341.1961354377298,341.75090149337296,339.99416583098116,341.2608642578125,48944300
2020-12-08,339.9941470862278,342.82342277579136,339.94792834104476,342.2594299316406,42458900
2020-12-09,342.91589783781166,343.0730641489794,338.3576233487797,339.18975830078125,74098300
2020-12-10,337.8212640589187,340.1235101648178,336.9521373730438,339.0787353515625,57735400
2020-12-11,337.38665648334694,339.08791771318033,335.8703266070758,338.68109130859375,57698600
2020-12-14,340.8447456280566,341.91725738932104,336.9891490851876,337.1648254394531,69216200
2020-12-15,339.69817587761173,341.7230529785156,338.3297853661233,341.7230529785156,63865300
2020-12-16,341.9358140656428,343.17477553221346,341.05743217458746,342.2594299316406,58420500
2020-12-17,343.8959709330282,344.37675311713696,343.07306280359876,344.17333984375,64119500
2020-12-18,344.461170106029,344.62830083764095,340.79341847573585,342.799072265625,136542300
2020-12-21,338.8898932592316,351.4159127548199,336.15997816972384,341.5733642578125,96386700
2020-12-22,341.8984285375289,342.0098490392824,339.87421385740157,340.99774169921875,47949000
2020-12-23,341.96333381663726,343.2075762857532,340.9790818882792,341.3040771484375,46201400
2020-12-24,341.7776869993081,342.6598131310871,341.19272941054123,342.6319580078125,26457900
2020-12-28,345.1761449139129,345.9654111690172,344.5540377310399,345.575439453125,39000400
2020-12-29,347.0981859364546,347.2746111341923,344.33112134700883,344.9161071777344,53680500
2020-12-30,345.7332289197448,346.4389297116673,345.0182619794542,345.4082336425781,49455300
2020-12-31,345.2132645868987,347.8874694685123,344.7025779385661,347.1632080078125,78520700
2021-01-04,348.49100217915696,348.62101162593734,338.75060828235917,342.4369201660156,110210800
2021-01-05,341.7962685644844,345.8818471316903,341.7498244688002,344.7954406738281,66426200
2021-01-06,343.29115366008426,350.0416701451585,342.743317442046,346.85675048828125,107997700
2021-01-07,349.22459781978796,352.75304553896814,349.0481726001441,352.0102233886719,68766800
2021-01-08,353.3937336428552,354.22941562712896,350.1531317059406,354.015869140625,71677200
2021-01-11,350.84945349576,353.38435395902115,350.72873855239686,351.6294250488281,51034700
2021-01-12,351.8150620513687,352.7157199993607,349.4658251233442,351.70361328125,52547700
2021-01-13,351.6295686022009,353.64448885267797,350.8495967307079,352.6509704589844,45303600
2021-01-14,353.39372265354797,353.89514316325904,351.0816626236897,351.4159240722656,49989100
2021-01-15,349.80037420659016,350.5989067952873,346.9961873206825,348.853271484375,107160000
2021-01-19,351.304439515749,352.13085517430096,349.828061713451,351.59228515625,51233300
2021-01-20,353.876603510318,357.2936593696755,353.4866317659634,356.4579772949219,61836100
2021-01-21,357.0149723281148,357.4421218924977,355.8635897422049,356.7828369140625,47840100
2021-01-22,354.93512517961597,356.6807884063507,354.554419617458,355.5201110839844,52860500
2021-01-25,356.25365943655754,357.27503278883,351.4159360582794,356.9222106933594,70402000
2021-01-26,357.86928439217473,358.2778450349725,356.1329158287073,356.36505126953125,42665300
2021-01-27,353.0500980152295,353.14295784515673,345.4267792034528,347.6552734375,123351100
2021-01-28,349.46599738570745,354.6379822958076,349.02960991918064,350.645263671875,94198100
2021-01-29,348.78814770996314,349.75383907984985,341.9540655846165,343.6254577636719,126765100
2021-02-01,347.0146573120808,350.37597423640665,343.91333096928156,349.3453063964844,75817600
2021-02-02,352.5209626448965,355.83586436704974,349.42893027054663,354.2851867675781,64450700
2021-02-03,355.11155700905664,356.28152883956943,353.29162286803046,354.563720703125,52427100
2021-02-04,355.59433635934124,358.63995212915546,354.67508910571235,358.5935363769531,47142600
2021-02-05,360.4599180558391,360.71061412663744,358.54712432112404,360.0049133300781,48669800
2021-02-08,361.4534777465929,362.6513046740329,360.59923510850524,362.6048889160156,38365200
2021-02-09,361.76918395765694,362.95774475328056,361.3606516052226,362.36346435546875,35551100
2021-02-10,364.0997382243803,364.2483082851128,359.809880441782,362.20550537109375,59154400
2021-02-11,363.2826838806573,363.7005390243798,360.3670773709089,362.7905578613281,42913300
2021-02-12,361.99209312046787,364.8241347977366,361.9177938941386,364.5827331542969,50593300
2021-02-16,365.8083200461877,366.0033342269587,363.55197027023985,364.2669372558594,50972400
2021-02-17,362.52129645099154,364.6012209832248,361.5091609681263,364.35052490234375,52290600
2021-02-18,361.7505784893111,363.54265727343494,360.0327705772848,362.7998352050781,59712800
2021-02-19,364.0532903030635,364.34113591503007,361.71334747438164,362.1590576171875,83241000
2021-02-22,359.401420796986,361.77848576262124,359.1042805920692,359.3735656738281,67414200
2021-02-23,357.1728509983925,361.15630279532843,353.0315629822929,359.8099060058594,107284100
2021-02-24,358.7235712258007,364.2019909749651,357.7393191021612,363.77484130859375,72433900
2021-02-25,362.5119712403062,363.8769286831077,353.5701100677541,355.00933837890625,146670500
2021-02-26,356.8850463128118,358.0271345906392,351.20237503364604,353.1801452636719,152701600
2021-03-01,358.03642977075657,362.9855734404292,353.37516012939244,361.7413024902344,105348800
2021-03-02,361.9642260505401,362.1963615356677,358.41718903694675,358.9186096191406,79595300
2021-03-03,358.22212100889243,359.1877840030245,354.06224386816876,354.1643981933594,119940200
2021-03-04,353.9787373865895,356.5600826850542,345.3061596092031,349.78173828125,183433000
2021-03-05,353.27297148908974,357.26571784913307,346.01179684391315,356.2164611816406,152039600
2021-03-08,357.1729699525269,359.9771565977927,354.16450293331104,354.44305419921875,123149200
2021-03-09,358.2778580660894,362.04773549523804,357.7764375613555,359.5035400390625,113633600
2021-03-10,361.84345682354007,363.431255369481,360.4320834867978,361.7413024902344,109899400
2021-03-11,364.201964598063,367.3775617218999,363.7469598417814,365.4090576171875,86245000
2021-03-12,364.05339494438545,366.0404596864284,363.2455681020347,365.90118408203125,64653600
2021-03-15,366.151838816547,368.3432119800072,364.0162042253978,368.0832214355469,73427200
2021-03-16,368.6960999272851,369.40177242737843,366.84828247321997,367.6189880371094,73722500
2021-03-17,366.33762904443535,369.6710910137919,365.19551232371896,368.87255859375,97959300
2021-03-18,366.2911180973628,368.37104231310417,362.8276475623629,363.5054931640625,115349100
2021-03-19,363.205513182998,364.77989041785,360.6622818583176,362.8328857421875,113624500
2021-03-22,363.34534370663016,367.1089472702704,363.2894509967949,365.7301940917969,73778600
2021-03-23,365.09668084256,366.5406230570263,362.0690362260645,362.8515625,90686600
2021-03-24,364.248968775631,365.87923909623805,360.9604817803928,361.0070495605469,97588600
2021-03-25,359.5723525170637,363.8296644620866,357.6346443016574,363.037841796875,116128600
2021-03-26,364.1836731891651,369.2887573922417,363.5874749543767,368.88818359375,114409100
2021-03-29,367.4162848468423,369.60551031662703,365.935071468474,368.7018737792969,108107600
2021-03-30,367.43484446290313,368.39437346341936,366.13060599803737,367.7236328125,76262200
2021-03-31,368.2920058783888,370.77001997622074,368.26405952663214,369.2142639160156,112734200
2021-04-01,371.1425953951237,373.257306623369,370.9376460344491,373.2013854980469,99682900
2021-04-05,375.8564594894642,379.0983784802134,375.7819453604423,378.55804443359375,91684800
2021-04-06,377.9991469225459,379.3778716395841,377.66376224160524,378.3345031738281,62021000
2021-04-07,378.16678511784755,379.1169894924743,377.7103185696919,378.7723083496094,55836300
2021-04-08,380.02068189018087,380.6262052108521,379.089098803099,380.5703125,57863100
2021-04-09,380.4491821914655,383.5047731912766,380.328071856803,383.3370666503906,61104600
2021-04-12,382.74090909191403,383.74700629608895,382.1353857837753,383.47686767578125,56704900
2021-04-13,383.37434940887186,385.2375154018544,382.9923969687516,384.61334228515625,56551000
2021-04-14,384.58539585907903,385.63808919365846,382.7595011466084,383.2998352050781,61659900
2021-04-15,385.4331734470441,387.68761700399335,385.3866056650256,387.4174499511719,60229800
2021-04-16,388.70295534718036,389.31780345743056,387.28695960911085,388.7122802734375,82037300
2021-04-19,387.78082221556,388.2279639453747,385.479810632014,386.8026428222656,78498500
2021-04-20,385.59143445247344,386.6906953170872,382.49857277913424,383.9704895019531,81851800
2021-04-21,383.35574340510965,387.808709170284,383.2159832062883,387.603759765625,66793000
2021-04-22,387.43604432459205,388.2651383615414,383.0017004125384,384.0636901855469,97582800
2021-04-23,384.6227137075241,389.6346353832558,384.5481995678462,388.2279357910156,73209200
2021-04-26,388.88006841759574,389.60670212994864,388.2931664903758,389.0384216308594,52182400
2021-04-27,389.33645070740164,389.53210359386003,387.8179659687333,388.9544982910156,51303100
2021-04-28,389.2247259133634,390.34263698563,388.3769818956655,388.8427734375,51238900
2021-04-29,391.56296041556226,391.9355879172904,387.9484139465216,391.32073974609375,78544300
2021-04-30,389.05704160482367,389.9047856090629,387.85529148566474,388.7496032714844,85527000
2021-05-03,390.7337803483799,391.1157327210051,389.09421389645087,389.58795166015625,68128300
2021-05-04,387.60376353614816,388.09750141176715,383.5048038327527,387.1845397949219,101591200
2021-05-05,388.82417966319684,389.05707545067736,386.7467390041926,387.3056945800781,60162200
2021-05-06,387.38015025282107,390.52890537303807,385.3772524687335,390.39849853515625,74321400
2021-05-07,391.16239525650957,393.8919265936675,390.4823294392389,393.23980712890625,67733800
2021-05-10,393.5938725122595,393.8174433660176,389.224745357218,389.3458557128906,81852400
2021-05-11,384.8369282355566,386.8584473474661,382.0049080638009,385.8709716796875,116888000
2021-05-12,383.09488503627756,384.3618242624742,376.3595297518344,377.6730651855469,134811000
2021-05-13,379.21949593633536,384.1382530041698,379.1728997288725,382.2098693847656,106394000
2021-05-14,384.93945733886034,388.9266319996469,384.9115109821357,388.0788879394531,82201600
2021-05-17,386.97028771615726,387.90187074432333,385.0791468765085,387.09136962890625,65129200
2021-05-18,387.3521831986254,387.59440386559174,383.597905008926,383.75628662109375,59810200
2021-05-19,379.0797721892408,382.9271861523255,377.5985301803542,382.75018310546875,106467100
2021-05-20,383.62596947234266,388.12553247279334,383.5048875312362,386.8678894042969,78022200
2021-05-21,388.3490042918943,389.5880256140857,386.0945893314259,386.5510559082031,76578700
2021-05-24,388.7868558465473,391.5629834929008,388.54463516280316,390.4916687011719,51376700
2021-05-25,391.572218425638,391.9262244678643,389.0476367876896,389.6252136230469,57451400
2021-05-26,390.21217056143115,390.90153289083105,389.1781270673312,390.39849853515625,43088600
2021-05-27,391.4232216191229,391.9355808710809,390.3239321287522,390.6034240722656,56707700
2021-05-28,392.1684587891069,392.42930086674016,391.069197778342,391.3020935058594,58520200
2021-06-01,393.65901283958925,393.7987445957446,390.5195828561252,390.9574279785156,54216600
2021-06-02,391.60959794586466,392.4107742254593,390.60350066902646,391.57232666015625,49097100
2021-06-03,389.26197808041053,391.2555509981351,387.7993858877597,390.1190185546875,58138800
2021-06-04,391.9635773504691,393.985125124761,390.1842502722685,393.68701171875,55938800
2021-06-07,393.6776507018846,393.85465374362394,392.3734402072181,393.3050231933594,51555000
2021-06-08,394.1620257580678,394.2551897336642,391.5629299457471,393.3888244628906,47134300
2021-06-09,394.22732293544,394.30186550282065,392.5784311103021,392.802001953125,48436300
2021-06-10,394.0223453765083,395.5781015257895,392.7088099094243,394.62786865234375,51020100
2021-06-11,395.17753829078254,395.3917841957337,393.8919491424424,395.2799987792969,45570800
2021-06-14,395.3918091672138,396.2674995574854,394.1528161505777,396.1650390625,42358500
2021-06-15,396.3140141846101,396.35125703166875,394.5626337646086,395.4383239746094,51508500
2021-06-16,395.5781066988787,395.8016775286566,391.19035858653814,393.2304992675781,80386100
2021-06-17,392.82060361942723,394.0782178856841,390.63137795315737,393.1000671386719,90949700
2021-06-18,389.82509911514796,390.51671667728624,387.5913466663332,387.7969665527344,118676300
2021-06-21,389.55403474074245,393.53557034735695,388.7409106571749,393.3486328125,72822000
2021-06-22,393.33938339648705,396.28346475320944,392.61969941589416,395.4516296386719,57700300
2021-06-23,395.52640432656335,396.33017311106846,394.8908622379778,394.9749755859375,49445400
2021-06-24,397.115319978314,397.7321512462469,396.86295139148933,397.31158447265625,45110300
2021-06-25,398.05925946140326,399.17147241602134,397.73213297075046,398.72283935546875,58129500
2021-06-28,399.2462335097463,399.69483801915226,398.04990728021846,399.526611328125,53159600
2021-06-29,399.9098343658785,400.5453764693619,399.2088612604478,399.7416076660156,35970500
2021-06-30,399.28353069746186,400.7509075851133,399.2554929203643,400.0779724121094,64827900
2021-07-01,400.83506919032,402.4519905914438,400.76963819499144,402.2930908203125,53441000
2021-07-02,403.4519996550773,405.7231451451387,402.3771516575957,405.36798095703125,57697700
2021-07-06,405.42417215788606,405.6391475232365,401.90062409385945,404.6297302246094,68710400
2021-07-07,405.31199914635374,406.34009873848606,403.3025486160357,406.0596923828125,63549500
2021-07-08,400.7509751205796,403.50814726468866,399.57333123869796,402.7510986328125,97595200
2021-07-09,404.2558779418757,407.3495037546776,402.55484295981864,407.0504150390625,76238600
2021-07-12,406.9662877159468,408.76079142536776,406.53636552867664,408.5084228515625,52889600
2021-07-13,407.7233796319717,409.2187947946364,406.8541797298747,407.1158752441406,52911300
2021-07-14,408.80744158086895,409.2934677745335,406.48022038406873,407.7232666015625,64130400
2021-07-15,406.3868861227559,407.05982155600043,404.43351083577465,406.330810546875,55126400
2021-07-16,407.5083537824567,407.555073909898,402.75108678868395,403.14361572265625,75874700
2021-07-19,398.3302836206056,403.20905730096297,394.38614069493224,397.1900329589844,147987000
2021-07-20,397.85360950811923,404.1530401378472,397.0591676686946,402.8819274902344,99608200
2021-07-21,404.0783031286955,406.2840467930264,402.8352566332123,406.1438293457031,64724400
2021-07-22,406.32141887481384,407.2373674036416,405.34006786173984,406.9943542480469,47878500
2021-07-23,408.9196688873081,411.51794144372303,408.23740663856285,411.1814880371094,63766600
2021-07-26,410.59258548528925,412.2001513321197,410.54586536220575,412.1907958984375,43719200
2021-07-27,411.15341783224966,411.1814556139232,407.48965273178777,410.312255859375,67397100
2021-07-28,410.9384237416545,411.51789021824817,408.72335352250394,410.14398193359375,52472400
2021-07-29,411.0693007705477,412.91985138960683,411.05994533585215,411.84503173828125,47435300
2021-07-30,409.2841865056366,411.29363706752343,409.15332449973266,409.844970703125,68951200
2021-08-02,411.55528082300833,412.1067095157106,408.62988215553224,408.98504638671875,58783300
2021-08-03,409.7795060797524,412.43385397257424,407.5924735593852,412.3123474121094,58053900
2021-08-04,411.0319645301903,412.2843664783354,410.0506135217893,410.2842712402344,46732200
2021-08-05,411.4431375086628,412.96659014888616,411.12536648595767,412.8824768066406,38969700
2021-08-06,413.2002061526581,413.9852924570962,412.91979985078956,413.564697265625,46930000
2021-08-09,413.53674814277605,413.8545192015544,412.46192839518204,413.22833251953125,41222600
2021-08-10,413.6768480634151,414.45260745639985,412.99458596031207,413.7422790527344,43339300
2021-08-11,414.80783999492405,414.8639155599606,413.6862716488568,414.77044677734375,44034300
2021-08-12,414.6208676326382,416.1536756754447,413.7236301446858,416.0134582519531,38909400
2021-08-13,416.46212471839107,416.7892511950456,415.9761269822574,416.77056884765625,39470300
2021-08-16,415.4713605109986,417.88269503110484,413.91987021373245,417.7518615722656,73740000
2021-08-17,415.2003367624512,415.87327201338974,412.0319534928369,415.013427734375,92673900
2021-08-18,414.004033503329,415.5648794226537,410.2281457688839,410.47113037109375,89351900
2021-08-19,407.7513380397817,412.3030136509168,407.61114913490746,411.1066589355469,92812200
2021-08-20,411.45258931954015,414.7050867388792,410.96656297583365,414.3779602050781,72008700
2021-08-23,416.0602493564847,418.92957275106846,414.4526832434195,418.0229797363281,54973000
2021-08-24,418.6865234375,419.21926979163254,418.1724879522138,418.6865234375,38744700
2021-08-25,418.8734154308783,420.0790683883611,418.4995403666085,419.5650329589844,40529700
2021-08-26,419.28461590754796,419.5182735553926,416.9947880722672,417.0882568359375,57829600
2021-08-27,417.8921060042868,421.19135148689224,417.83603043980827,420.8175048828125,77235100
2021-08-30,421.4904164695936,423.4531466839395,421.2474033554113,422.6680603027344,48357400
2021-08-31,422.57455539172196,422.91100873089704,421.4436603048322,422.04180908203125,59300200
2021-09-01,422.9764722664043,423.4905077483613,422.03248612109024,422.2661437988281,48721400
2021-09-02,423.6868752297582,424.3691375142071,422.36904227288545,423.56536865234375,42501000
2021-09-03,422.4344228744772,423.9765579301553,422.0325099688313,423.4624938964844,47170500
2021-09-07,423.1166832249812,423.2101520054819,421.27545948751975,421.9483947753906,51671500
2021-09-08,421.4156743425341,422.14468518971387,419.5183465302411,421.4343566894531,56181900
2021-09-09,421.23808970978325,422.9858446456514,419.38751055980504,419.6305236816406,57970400
2021-09-10,421.5558988174952,421.9764655786585,416.2004538773262,416.32196044921875,89948200
2021-09-13,419.31275573342043,419.57445120398825,415.07885103030503,417.38739013671875,83738600
2021-09-14,418.8266922544094,419.03231214319595,414.2470076652523,415.1349182128906,78197100
2021-09-15,415.55554197274927,419.0978006931455,414.45268447355176,418.6024475097656,78792200
2021-09-16,418.0790011528334,419.0509965202967,414.99470280608074,417.9388122558594,77786700
2021-09-17,417.168134146106,417.59004823430996,413.51137369740354,413.86767578125,118425000
2021-09-20,407.7543985068498,409.3296017705494,402.10987722418974,406.966796875,166445500
2021-09-21,409.3015046670298,410.59543194937584,406.0573296672389,406.5823974609375,92526100
2021-09-22,408.8513325900805,412.58309005146594,406.69480673198865,410.5484313964844,102350100
2021-09-23,412.4143728690153,417.14001100580157,412.17996661282217,415.5366516113281,76396000
2021-09-24,413.90516505538227,416.9337039803391,413.6895010133059,416.2210998535156,62094800
2021-09-27,415.1897757538297,416.3524217423701,414.3365334637065,415.0303955078125,61371100
2021-09-28,412.2642780676356,412.59245249230736,405.9353102459773,406.6666564941406,130436300
2021-09-29,408.045029638689,409.77964162679973,406.7886155612909,407.3511962890625,82329200
2021-09-30,408.8232729732289,409.5264917761639,402.0348766187246,402.3724365234375,140506000
2021-10-01,404.0976283486504,408.8326231008619,400.58153463739126,407.1542663574219,129240100
2021-10-04,405.9916570765266,406.89176913571015,399.76581284989487,401.90362548828125,128570000
2021-10-05,403.4037658375677,408.3262970264828,402.6068074886927,406.08538818359375,90682500
2021-10-06,402.4942986652522,407.9794109817039,400.8722256266175,407.77313232421875,113032200
2021-10-07,411.04546603542565,414.1302318975777,410.867314983928,411.2986145019531,72437500
2021-10-08,412.0674077940218,412.4518374427157,409.9202387275282,410.5484313964844,74557400
2021-10-11,409.89207584183185,412.7987185498745,407.51050075167626,407.5761413574219,65233300
2021-10-12,408.4950853785661,408.89825725037673,405.7853354665387,406.57293701171875,71181200
2021-10-13,407.5948986632403,408.8513125536215,404.6226438533049,408.03558349609375,72974000
2021-10-14,411.69235787459854,415.0490712799511,411.2235453911505,414.8990478515625,70236800
2021-10-15,417.0087329506892,418.42455590539737,416.38989699593026,418.0588684082031,66260200
2021-10-18,416.2774158643815,419.6341011247243,415.6210668502245,419.29656982421875,62213200
2021-10-19,420.91859501540216,422.59692303340495,420.30911592133424,422.53131103515625,46996800
2021-10-20,422.99085044016186,424.4910564453274,422.8783399972331,424.1910095214844,49571600
2021-10-21,423.59087874148474,425.5223841474882,423.1595792098458,425.29736328125,41305400
2021-10-22,424.8659833060559,426.3099336904653,422.91570745443045,424.8565979003906,58845100
2021-10-25,425.94423644921017,427.4631842019091,424.1721402757418,427.135009765625,45214500
2021-10-26,428.68220582792407,429.8917216010357,427.1444869339798,427.51953125,56075100
2021-10-27,427.9789668380812,428.6446726137015,425.5504927707311,425.6255187988281,72438000
2021-10-28,427.050677407055,429.80729721502064,427.0413206145411,429.7322998046875,51437900
2021-10-29,427.435131798945,430.89497056169455,427.14447031928165,430.60430908203125,70162400
2021-11-01,431.5887642564896,431.96383713747196,429.61977470154915,431.3450012207031,48433600
2021-11-02,431.5138469111382,433.39848261578646,431.382565655628,433.08905029296875,48908400
2021-11-03,432.52643344894864,436.1362956921223,432.0857485213813,435.7331237792969,52509800
2021-11-04,436.33313266603705,437.87085131761023,435.9862160130472,437.7864685058594,52847100
2021-11-05,440.0086692059953,441.2932109079652,437.7958878886841,439.3054504394531,66390600
2021-11-08,440.40250108208477,440.8994412181432,438.9960634954237,439.6805114746094,50405200
2021-11-09,440.0461369788913,440.28054321030675,436.8207049454919,438.2271423339844,51149100
2021-11-10,436.53939698466087,438.2271390064617,433.2202253751318,434.70166015625,69429700
2021-11-11,436.1925591246675,436.26758515556486,434.8236345082835,434.8423767089844,34848500
2021-11-12,436.1081354103615,438.6772187538003,435.1611250038921,438.1240234375,53466700
2021-11-15,439.40862530276064,439.56800554034606,437.14894545673525,438.2740783691406,46980500
2021-11-16,438.01155150607127,441.14321584749956,437.93655408966225,440.0086975097656,48857500
2021-11-17,439.7461325975495,439.9242836397509,438.3209528739824,438.9397888183594,47858300
2021-11-18,439.97114731825366,440.69313688366196,437.25204053194824,440.43060302734375,50625600
2021-11-19,440.31806790988196,441.5651251990252,439.27731788187225,439.64300537109375,57315600
2021-11-22,441.5182563851529,444.0029569483632,438.19905582510415,438.40533447265625,72762000
2021-11-23,438.0771663973215,439.8399060268832,435.4799553727706,438.9866638183594,73206500
2021-11-24,436.98945366666055,440.28052618496287,436.17372459112534,440.15863037109375,61858800
2021-11-26,433.50152742675596,434.96422009835896,429.21657442443677,430.34173583984375,112669600
2021-11-29,435.1236958178473,437.458373207534,432.92965647319335,435.6206359863281,86268800
2021-11-30,433.18271599479897,435.0860934508205,426.9006175423312,427.1444091796875,148559600
2021-12-01,432.84521097923056,435.6862135337651,422.2031616971008,422.4000549316406,131939200
2021-12-02,422.6157769864965,430.4355669860337,422.22196184931875,428.8697204589844,127637800
2021-12-03,430.52931409962997,431.5888063882985,420.9186571741517,425.1379699707031,137331600
2021-12-06,427.6789180869,432.0482542479885,425.2692148441158,430.1730041503906,98977500
2021-12-07,435.44247092403845,439.6336562155435,430.0417412560462,439.0710754394531,95484700
2021-12-08,439.46481188962696,440.68371284123066,437.71142925167635,440.233642578125,72238800
2021-12-09,438.9490964511675,440.3367916207848,437.0644898372222,437.2613830566406,61272600
2021-12-10,439.9617692478392,441.52758690349503,437.41142821807136,441.3775634765625,77159800
2021-12-13,440.8619411504924,441.2088578538092,437.1864382259011,437.4677429199219,87724700
2021-12-14,434.20470680540546,436.6894070406909,431.54185555192583,434.4578552246094,97264100
2021-12-15,434.51422720060384,441.49013147147207,432.0013702393154,441.2463684082031,116899300
2021-12-16,443.09342361388826,443.37469964954175,435.8080595359977,437.35516357421875,116568600
2021-12-17,434.28120719660683,437.2827414785998,430.9974086651927,432.7004699707031,135511600
2021-12-20,427.62890570329984,428.4945351603184,424.4862394814665,428.099365234375,107134800
2021-12-21,431.5148339230484,435.8430669166713,429.350731783521,435.7019348144531,69806300
2021-12-22,435.44797367017134,440.1713773813337,435.2503599777173,440.0584716796875,58890200
2021-12-23,441.0558332086626,444.2925972471357,440.9523458894644,442.7965393066406,56439700
2021-12-27,444.1702284294298,449.1100532638039,444.12319396445406,449.0630187988281,56808600
2021-12-28,449.49583182545905,450.5214301033936,447.9339028188725,448.696044921875,47274600
2021-12-29,448.7995905115579,450.2862300149204,447.8022185897107,449.2700500488281,54503000
2021-12-30,449.6934621372565,450.70025247373695,447.56700448030426,448.0280456542969,55329000
2021-12-31,447.5387725895835,448.68666632067624,446.6260799179109,446.89892578125,65237400
2022-01-03,448.15972040589463,449.6181621243115,445.8544860219246,449.4864196777344,72668200
2022-01-04,450.9072545217483,451.6223622300133,447.4822951975026,449.3359069824219,71178700
2022-01-05,448.9689091940095,449.7404696581306,440.61354395954817,440.7076416015625,104538900
2022-01-06,440.2466056724417,443.0034914570786,437.93192425280233,440.29364013671875,86858900
2022-01-07,440.3031029677847,441.47925183914367,437.1980527186537,438.552978515625,85111600
2022-01-10,435.36331312046167,438.2236867337772,429.6237004184561,438.0072937011719,119362000
2022-01-11,437.7438209696161,442.0908627934465,434.751676287286,441.99676513671875,74303100
2022-01-12,443.7280116585806,445.2429062617321,441.2345819172256,443.1916809082031,67605400
2022-01-13,444.2926187440994,444.94185525916146,436.0595761258511,437.0851745605469,91173100
2022-01-14,433.9425333832712,437.6121125646515,432.7287395605385,437.26397705078125,95890900
2022-01-18,432.578128611285,432.7851319574491,428.4098639787604,429.5201416015625,109709100
2022-01-19,431.0632797435182,432.45582165960354,424.7873365975809,425.0602111816406,109357600
2022-01-20,426.9420552480534,431.6372325182061,418.2385532953383,420.3556213378906,122379700
2022-01-21,419.23594498974285,421.58824292541317,412.07556385655806,412.1037902832031,202271200
2022-01-24,406.5053054589265,414.36198622480896,395.90115681307793,413.8538818359375,251783900
2022-01-25,407.4744480032651,413.7409730372485,401.9136123373261,408.8011474609375,167997300
2022-01-26,414.6818552495206,417.80571346524874,403.5225401054795,407.7755126953125,186391100
2022-01-27,412.36723366568094,415.50048178403745,404.07773829561154,405.761962890625,149878300
2022-01-28,407.11692430319016,415.88629839154174,402.54407064233396,415.8392639160156,164457400
2022-01-31,415.17113717300543,423.677053931945,413.82562974282484,423.32891845703125,152251400
2022-02-01,424.05336552481776,426.82908804425705,420.53433767425685,426.18927001953125,123155400
2022-02-02,428.5886396673794,431.05384305532795,426.2833764423959,430.329345703125,117361000
2022-02-03,424.3074813838875,426.20812763649417,419.37704575360794,420.2144775390625,118024400
2022-02-04,419.9792943228935,426.0293979401201,417.60815954090174,422.1904602050781,118454400
2022-02-07,422.95254768054906,424.3450895509773,419.50878037886775,420.8354797363281,84472900
2022-02-08,420.33677354523064,425.2201456654425,418.91597660458353,424.29803466796875,81012000
2022-02-09,428.32511782459056,430.82796563209376,428.1275328887413,430.508056640625,92589900
2022-02-10,424.67438876665915,430.6680383540824,420.778998939607,422.77374267578125,140103700
2022-02-11,422.85849404433793,424.92849902096657,413.0070690365457,414.437255859375,153214600
2022-02-14,413.9291560964369,415.50989334254666,409.61973040303707,413.0823059082031,123006300
2022-02-15,417.51401451434305,419.91334657222757,416.99649181538837,419.7439880371094,88482700
2022-02-16,417.70221089727113,421.588211390658,415.82979106919817,420.2144775390625,84863600
2022-02-17,417.0341013310905,420.1861855804149,410.6358639083822,411.238037109375,102259100
2022-02-18,411.49211293034836,412.74355133918664,406.30766852315804,408.5752868652344,132642900
2022-02-22,406.37355193227506,409.7702560003978,400.6997823601273,404.19061279296875,124391800
2022-02-23,407.098048185768,407.66260537056274,396.4562558034865,397.02081298828125,132578000
2022-02-24,386.7364966376221,403.4284183428238,386.378971556724,402.9955749511719,213942900
2022-02-25,404.22820402320997,411.97197784953823,402.5815957478885,411.8872985839844,121804500
2022-02-28,406.5052626502716,412.3107459178309,405.25385292778066,410.83349609375,145615000
2022-03-01,409.3374336179091,411.34159579885494,401.8759236906789,404.5763854980469,137785900
2022-03-02,406.82512147422693,413.74088149381066,406.07239780068846,412.0190124511719,117726500
2022-03-03,414.4465875237106,415.04876074406366,408.1706452434173,409.9678039550781,105501700
2022-03-04,406.2418252656333,407.7661096277124,402.60047290853925,406.63702392578125,113978200
2022-03-07,406.05365494553234,406.75934432063025,394.58384800510765,394.64971923828125,137896600
2022-03-08,394.82848568696517,401.97005852746355,390.59434954887394,391.6575927734375,164772700
2022-03-09,400.02235763522094,404.134169484024,397.8394184443937,402.1582336425781,116990800
2022-03-10,397.55714383339716,401.23614110856755,395.60004466085365,400.34228515625,93972700
2022-03-11,402.8263415419944,403.4379333067606,394.7438486939216,395.251953125,95636300
2022-03-14,396.0234704863825,399.46720926881693,391.22477713105775,392.36328125,95729200
2022-03-15,394.9695806826798,401.62188528128036,393.69936293232934,400.9914855957031,106219100
2022-03-16,404.49176069614015,409.9396620822366,399.7024567937387,409.8832092285156,144954800
2022-03-17,407.9731146505722,415.0111999511719,407.5967527483876,415.0111999511719,102676900
2022-03-18,413.4028311487186,419.8775739934096,412.66663547827596,419.5566711425781,106345500
2022-03-21,419.3867810928451,421.38772166865976,415.93231566706595,419.4339904785156,88349800
2022-03-22,420.8214989932451,425.2764356419781,420.8214989932451,424.342041015625,74650400
2022-03-23,421.8125003060186,423.303758234989,418.79219389310117,418.87713623046875,79426100
2022-03-24,420.8969665486931,425.200884406194,419.7832397355188,425.1914367675781,64736900
2022-03-25,425.8238364518409,427.5416361124458,423.2471369609336,427.2679138183594,77101300
2022-03-28,426.67326991890525,430.30706787109375,424.7855856636152,430.30706787109375,68529800
2022-03-29,434.18623279666707,436.12112638537604,431.50572468711965,435.63031005859375,86581500
2022-03-30,434.4883159212036,435.30003519309184,430.83565120715195,432.9404296875,79666900
2022-03-31,432.1759304126346,432.997068540125,425.8238618663555,426.27691650390625,121699900
2022-04-01,427.8530993439852,427.99466991123313,423.91729355560483,427.4850158691406,89048800
2022-04-04,427.6831192515497,431.2508407691633,426.86198134092166,431.1470031738281,59601000
2022-04-05,429.6557500304338,432.1191637881486,424.55900906665335,425.7010498046875,74214500
2022-04-06,421.7936427720497,423.71906006741074,418.5656898647818,421.44439697265625,106898000
2022-04-07,420.5666126114327,425.3802132507673,418.62230012164184,423.5680236816406,78097200
2022-04-08,422.8130780715568,425.32370229414613,420.8970791653418,422.435546875,79272700
2022-04-11,419.16969873165914,420.0097320215141,414.7147916975716,415.21502685546875,89770500
2022-04-12,418.19752691427806,420.7175978859881,412.1286293865626,413.6765441894531,84363600
2022-04-13,413.4311873130841,419.16973507105604,413.25185499529334,418.4146728515625,74070400
2022-04-14,418.64113099890267,419.7548865120772,413.1007827575576,413.2046203613281,97869500
2022-04-18,412.27968190004844,415.0545800894282,411.14705981320014,413.3745422363281,66002500
2022-04-19,413.27067735850744,420.7647857423862,413.10079269782085,420.0474853515625,77821000
2022-04-20,421.8219654514646,422.4354571159878,418.5751460041488,419.7360534667969,65224400
2022-04-21,423.3509170968134,424.73836604910855,412.5533618444505,413.4594421386719,85417300
2022-04-22,412.3740611145033,413.47834025677906,401.5481909244776,402.114501953125,132471800
2022-04-25,399.87757815067505,404.6156549215308,395.31880487171003,404.4457702636719,119647700
2022-04-26,401.9163240296101,402.11455163658286,392.70444345361744,392.7327575683594,103996300
2022-04-27,393.8087220181219,399.1697677643689,391.7039722839688,393.8370361328125,122030000
2022-04-28,398.57509707971343,405.51234242525084,394.14847523083597,403.78509521484375,105449100
2022-04-29,399.8021034252902,401.9540624319965,388.11733269096055,388.86297607421875,145491100
2022-05-02,388.92904179526005,392.56283983474725,382.2749373532382,391.2037048339844,158312500
2022-05-03,391.7039196895496,395.40376459664327,390.1465571793375,392.9969787597656,100028200
2022-05-04,393.65766562044956,405.53121582781534,390.47692222902697,404.96490478515625,144247900
2022-05-05,400.7082064100307,401.1329469341785,386.44676416954945,390.57135009765625,172929100
2022-05-06,388.01350785652954,391.50570647733946,382.9450801949944,388.2400207519531,151770800
2022-05-09,382.3504814055953,383.5869123846669,374.23343271582064,375.8096618652344,155586100
2022-05-10,381.77465875186067,383.27536414376215,372.6477223262594,376.67791748046875,132497200
2022-05-11,375.71530920049423,381.3500488525497,369.94841780135306,370.6940612792969,142361000
2022-05-12,367.5038249274551,373.5727232304534,363.5208097766853,370.3070373535156,125090800
2022-05-13,374.4315896864937,380.5382491972758,373.39335762056186,379.1602478027344,104174400
2022-05-16,377.51795633625795,381.28387692656054,375.2716076319463,377.62176513671875,78622400
2022-05-17,383.70013247510735,385.62557844782094,379.9719446127917,385.3896179199219,83029700
2022-05-18,380.84034133335325,381.12348248197793,368.6175728842904,369.85400390625,117674500
2022-05-19,366.79598209392395,372.00600991179766,365.3707710345012,367.58880615234375,98510700
2022-05-20,371.1659411793916,374.7336635050742,359.1697150107811,367.7492370605469,131432200
2022-05-23,370.7694822124612,375.39433157969796,368.457086332618,374.62982177734375,76414900
2022-05-24,370.51472368444104,372.9592717368289,365.22920114781124,371.7700500488281,91448800
2022-05-25,370.2787563943249,377.0178039870792,369.8823587734453,375.0545959472656,91472900
2022-05-26,376.2816083941698,384.1815635422074,376.07396194375553,382.5487060546875,82168300
2022-05-27,385.0026651402334,392.0531673410909,384.80446634850006,391.9399108886719,84768700
2022-05-31,390.3259001664865,393.07248421298215,387.00358624823434,389.74072265625,95937000
2022-06-01,391.8549424707136,392.86483164009155,384.0776638781302,386.5882873535156,86585800
2022-06-02,386.4278638148007,393.9974674509903,384.1815149003103,393.9502868652344,79609600
2022-06-03,389.24045670832646,390.78837150030967,386.512768154437,387.48492431640625,71874300
2022-06-06,391.48687393580764,393.21409252066996,387.49441098526677,388.664794921875,57508900
2022-06-07,385.1820648685809,392.8460600638363,384.71956253522416,392.39300537109375,59272400
2022-06-08,390.6845434619145,392.46841881070924,387.333915614858,388.1267395019531,64350000
2022-06-09,386.3523433395128,388.6175587452947,378.89599609375,378.89599609375,86289800
2022-06-10,372.70440234363315,373.55385453962793,367.86248738155257,367.90966796875,132893900
2022-06-13,358.5184668650851,360.3683895194282,352.3362831480851,353.9408264160156,170004900
2022-06-14,355.68689685396777,356.71568127410126,349.7784361620524,352.8742370605469,104011800
2022-06-15,356.1682429235863,362.3409783554577,351.22251951050276,357.9049377441406,125666800
2022-06-16,349.70299946215493,350.1088447146559,343.63407193506487,346.05975341796875,134473300
2022-06-17,346.47403747740344,350.1424810150499,343.3079900767023,346.8057861328125,111113900
2022-06-21,352.52169557516805,356.9200257502837,352.44584583713896,355.53607177734375,76811900
2022-06-22,351.3178056312109,358.99595685720385,350.90071887328156,354.8914794921875,90059400
2022-06-23,357.0243321478926,359.1002487608876,353.46963484148904,358.370361328125,79292100
2022-06-24,361.53644062032527,369.7738622299875,361.5080041964566,369.7643737792969,98050300
2022-06-27,370.6838633295004,370.97771602411575,367.2618882407592,368.35198974609375,66009600
2022-06-28,369.9065216331798,372.68391795995,360.7116937770823,360.825439453125,86548900
2022-06-29,361.3753088463661,362.3611241546952,358.71165775298255,360.5316467285156,65676000
2022-06-30,356.6451313576215,360.8349471944622,353.1567954408799,357.6025390625,112508300
2022-07-01,356.94854012954494,361.8208599109863,354.3322732319177,361.3847961425781,74839700
2022-07-05,356.3039839830467,362.08629868127366,353.47917347717,362.06732177734375,81438000
2022-07-06,362.2094276989218,365.7736135029027,359.8301699411462,363.2900695800781,70426200
2022-07-07,365.0626062245405,369.527297172002,363.3089500699822,368.7310485839844,64525900
2022-07-08,367.10068528955685,370.29519752923926,365.5745491503481,368.42779541015625,72397800
2022-07-11,365.7545879256405,366.7214549866304,363.52697227080625,364.2189636230469,58366900
2022-07-12,363.6691716276499,366.04845792183517,359.25186497173377,360.99603271484375,62219200
2022-07-13,355.56449960571507,362.02931552702955,355.1474128412304,359.1002197265625,84224600
2022-07-14,354.1521699959699,359.3088540915369,351.7160390075151,358.2282409667969,89704800
2022-07-15,362.6265563284071,365.1859502897795,360.72125799807424,365.07220458984375,79060400
2022-07-18,368.1529456840062,368.82596036630525,360.83500666975766,362.0578308105469,63203600
2022-07-19,365.97264856832055,372.4090283274704,365.31861090466685,371.84027099609375,78506000
2022-07-20,372.02984989964705,375.62247177061846,370.66484393622255,374.2100524902344,71843800
2022-07-21,373.63182056702766,378.0680753048155,371.2335862430008,378.02069091796875,64903900
2022-07-22,378.143943990978,379.3383025244326,372.29526973672574,374.5133972167969,72197300
2022-07-25,375.13906335562353,375.8215664094441,372.73134023128426,374.96844482421875,53631500
2022-07-26,373.328540675696,373.5370840827539,369.64114957187473,370.5321960449219,52946400
2022-07-27,373.82150155751657,381.8977938102205,373.5276488413761,380.15362548828125,82342100
2022-07-28,380.95930457713075,385.61356292258694,377.4140666940386,384.9216003417969,73966600
2022-07-29,386.3529667558723,391.51913892921795,385.58515437514285,390.5332946777344,87003700
2022-08-01,387.84120629648845,391.8793520889404,387.1302667656035,389.3768310546875,69997500
2022-08-02,387.8127450392465,391.4906766053588,385.63254218875403,386.8079528808594,63435400
2022-08-03,388.93125481134643,394.0310649800449,388.6468906090099,392.8651428222656,67820600
2022-08-04,392.78929793981433,393.4718009620609,390.9598207163616,392.5997314453125,45656600
2022-08-05,388.3245873478551,392.5807353471059,388.26771450946586,391.9361572265625,56814900
2022-08-08,393.6234467801919,395.8700106498597,390.3815503961838,391.48114013671875,53886100
2022-08-09,390.7512597952123,391.25365582181684,388.85542136603334,389.92657470703125,44931800
2022-08-10,396.96963344138766,398.258818700046,395.01692204612334,398.1166076660156,68665700
2022-08-11,400.96036549541424,402.8183081055924,397.3772317875,398.1166076660156,59489700
2022-08-12,400.0503354779772,404.96054995020353,399.10241628589347,404.8562927246094,61694500
2022-08-15,402.64767172710765,407.04603117644456,402.59079888321116,406.524658203125,54048300
2022-08-16,405.4535207281274,409.2451978170758,404.64778356108576,407.3209228515625,59289000
2022-08-17,403.7283584655346,407.13138566830423,402.4297135053033,404.4298095703125,63563400
2022-08-18,404.62877901944364,406.2876376325339,403.3396227828059,405.60516357421875,49023200
2022-08-19,402.84675039895933,403.11216664311075,399.28256461046794,400.1546630859375,68016900
2022-08-22,395.3297635768896,395.5004110497399,390.921944270961,391.8224792480469,77695600
2022-08-23,391.3958862975145,393.7846615275958,390.32473282411485,390.8745422363281,49105200
2022-08-24,390.64695191540625,393.4907094010359,389.96447788992435,392.125732421875,49177800
2022-08-25,393.61404772211625,397.70906652826534,392.5239461830148,397.66168212890625,50942300
2022-08-26,397.5478603350803,398.088152311537,384.14426851779484,384.2011413574219,103087000
2022-08-29,381.2531072601776,384.7035180462259,380.3051880764658,381.66070556640625,65370800
2022-08-30,382.8172261577202,383.0542059895712,375.3760536519589,377.470947265625,85652400
2022-08-31,379.1012790591029,380.3430507669573,374.465969698621,374.5986633300781,76029700
2022-09-01,372.42798580847113,376.1153764284115,369.7264103214383,375.7741394042969,78740100
2022-09-02,379.43310730382876,380.6464427581479,370.00129941700374,371.81182861328125,99632100
2022-09-06,372.6555302445026,373.5939611226999,368.1908383071308,370.4089660644531,76637400
2022-09-07,370.0961115930664,377.8311362647998,369.8781086762223,377.0633239746094,70964200
2022-09-08,374.79784580059123,379.9829368756566,373.59396971166063,379.5279541015625,80821700
2022-09-09,381.7649972904449,386.28659071940456,381.4995810521483,385.4239807128906,76706900
2022-09-12,387.49043025851944,390.2868036201907,387.1870891554379,389.5663757324219,69256300
2022-09-13,380.90236081015905,382.10623671263886,371.5085069603833,372.6270446777344,122947100
2022-09-14,373.92568555402255,375.56559617352946,370.7501504689949,374.0489196777344,85023700
2022-09-15,372.4943332407687,375.3380909362644,368.53203779447915,369.80224609375,87633800
2022-09-16,365.6295510878898,367.6378630769438,363.69734233012485,366.9811096191406,103084800
2022-09-19,363.84014194343365,369.8270263671875,363.763980617156,369.8270263671875,73278500
2022-09-20,366.5051690967704,367.51408871168167,362.83118428153335,365.5819091796875,77274900
2022-09-21,367.50452437829694,370.55033777024784,359.1952150060502,359.2047424316406,106746600
2022-09-22,358.4337956869669,360.07091552367,355.44511739669144,356.1875305175781,89472600
2022-09-23,352.7228790149844,352.76095967141856,345.7841825636604,350.2196350097656,122346900
2022-09-26,348.753848761664,352.37072699861113,345.53671576875286,346.7550354003906,92581200
2022-09-27,350.2862710344236,352.5515910179344,343.4808127042095,345.869873046875,108294100
2022-09-28,346.8217084645166,354.3600529595543,345.127482081543,352.67535400390625,110802200
2022-09-29,349.13459770031216,349.42013004160674,342.3672197883283,345.3083190917969,112952300
2022-09-30,344.36600021604005,348.2779675279083,339.8353891876637,339.9686279296875,153711200
2022-10-03,343.6807182327434,350.7907644280534,341.90083208876825,348.9442443847656,89756500
2022-10-04,354.45522944852485,359.78538917158465,348.9061712798272,359.7568359375,103602800
2022-10-05,355.39758915348943,361.17507392455065,353.07516233117366,358.9192810058594,88065700
2022-10-06,357.52004633285617,360.4706728707626,354.7217133827097,355.2166748046875,82333500
2022-10-07,351.19051769873397,355.30235769557754,343.547458861724,345.3083190917969,107789500
2022-10-10,346.4218681376383,346.65982139917173,340.43498499131846,342.6717224121094,76042800
2022-10-11,340.9775545535183,345.5367479558779,338.56946829764377,340.50164794921875,92482800
2022-10-12,340.91094386553914,342.4814298234217,339.13102879643657,339.3785095214844,76991800
2022-10-13,332.3826260098785,349.80082219820514,331.3356258487721,348.33502197265625,147254500
2022-10-14,350.7907569397952,352.41837848921915,339.7592450066515,340.39697265625,123737000
2022-10-17,346.4695719640728,350.2482719633379,340.0638579364615,349.1441650390625,93168200
2022-10-18,357.0536821558411,357.35826934412756,349.81036876588746,353.2464294433594,97162900
2022-10-19,351.2095126771094,353.9317132956456,347.9352732315164,350.7431335449219,79746900
2022-10-20,350.29577817467606,354.71220495349155,347.0405645534775,347.8020324707031,88283100
2022-10-21,347.5260110650035,356.7395553428867,346.0221590756883,356.254150390625,131038400
2022-10-24,357.7770190393889,361.74606316639574,355.13095089201244,360.6134033203125,85436900
2022-10-25,360.5373287022716,366.6860338162217,360.4231157662592,366.3719482421875,78846300
2022-10-26,363.23094435236135,368.9037428227225,362.97396524839513,363.6116638183594,104087300
2022-10-27,364.6110821532887,366.44807462100994,361.05128110498777,361.66998291015625,81971800
2022-10-28,361.56517883567363,370.7501679471963,361.38433205232855,370.2742614746094,100302000
2022-10-31,367.81862838081696,369.68417378007797,366.6954959805395,367.5997009277344,96631300
2022-11-01,371.340363735998,371.57831700264165,364.8204384205559,365.99114990234375,85407600
2022-11-02,365.4010542504777,369.9031408055681,356.70149735976,356.8061828613281,126990400
2022-11-03,353.5700280593983,356.16848838692556,351.0191758170607,353.1322021484375,87100100
2022-11-04,358.8335775577456,360.61346359996287,352.170885136249,358.21490478515625,103505200
2022-11-07,359.50936758378657,362.23156853069116,357.43442171013305,361.6414489746094,68286900
2022-11-08,362.74552365571884,366.5623039769019,359.5188919325988,363.5926513671875,84641100
2022-11-09,361.622403460563,362.77411841444257,355.6069367100275,356.1018981933594,78495500
2022-11-10,369.3511491919417,376.0043440864789,367.0573046398083,375.67120361328125,141455800
2022-11-11,376.52770010322564,380.1065262679985,374.643099911707,379.3070068359375,93839900
2022-11-14,377.54615295535484,380.89652430181656,375.8043188764604,376.0803527832031,71903500
2022-11-15,381.8198207261606,382.9239274120566,375.4807419701021,379.2879943847656,93194500
2022-11-16,377.6604299906343,378.61224316456577,375.76633106956126,376.39453125,68508500
2022-11-17,371.6449453937852,375.91860608551974,371.34038726892305,375.2427978515625,74496300
2022-11-18,378.57415608736795,378.64078997970154,374.10065167393867,376.9465637207031,92922500
2022-11-21,375.62359686049797,376.746729530004,373.73899615884227,375.57598876953125,51243200
2022-11-22,377.5176474312929,380.79188693120494,376.1089535381112,380.63006591796875,60429000
2022-11-23,380.29692789864373,383.51406095455076,380.06850204043604,383.0286560058594,68261600
2022-11-25,382.46708656258517,383.49506108811516,382.1910816475926,382.9429931640625,30545400
2022-11-28,379.8591567063179,381.49627670237254,376.07092941217024,376.8323974609375,67881600
2022-11-29,376.96561491269216,378.15538144006086,374.34812855248094,376.1851501464844,52310000
2022-11-30,376.4326114888511,388.03521728515625,374.519486615748,388.03521728515625,144566700
2022-12-01,389.07263892248426,390.2433795179694,385.24636063389784,387.7496337890625,76398200
2022-12-02,382.86688436312187,388.2065428165103,382.76219884695456,387.3023376464844,85342700
2022-12-05,384.4849116571129,385.41766990087285,378.98343312541476,380.3349914550781,77289800
2022-12-06,380.17319983401165,380.7157112233438,372.76809510416285,374.8525390625,77972200
2022-12-07,374.0054437050733,376.5753507067164,373.0821838315825,374.21484375,65927900
2022-12-08,376.0995434385917,378.21254120378944,374.3196280633302,377.1465148925781,60737900
2022-12-09,375.90911499149865,378.459967446831,374.20536119651905,374.3291015625,81447700
2022-12-12,375.11908962319546,379.72589111328125,374.45283780553007,379.72589111328125,75405800
2022-12-13,390.45280046353844,390.70977956297014,379.8400894083029,382.600341796875,123782500
2022-12-14,382.25764309363365,385.96020997530553,377.2130453095627,380.1541442871094,108111300
2022-12-15,375.2999627142446,376.20419694431035,369.19886518287717,370.8550109863281,117705900
2022-12-16,368.3029997780551,369.6416517370113,364.3444126151115,366.4766845703125,119858000
2022-12-19,366.6677725102284,367.00244264852483,361.7051766658202,363.3689270019531,79878100
2022-12-20,362.61367325179793,365.48222528681765,361.2941346468216,363.86627197265625,74427200
2022-12-21,366.4574464966575,370.4351746621718,365.9219858955704,369.306884765625,78167400
2022-12-22,366.26616428341146,369.28770835683895,358.3489642055889,364.03826904296875,100120900
2022-12-23,363.01521636298173,366.2758070046261,361.4662030943732,366.13238525390625,59857300
2022-12-27,366.0176778685383,366.36189009849295,363.01524613197586,364.6885681152344,51638200
2022-12-28,364.6215509122238,366.59131636080116,359.9267141935356,360.15618896484375,70911500
2022-12-29,362.9961017998292,367.5092910145083,362.47018314198056,366.63916015625,66970900
2022-12-30,363.9618527124626,365.8168226274327,361.8486652893112,365.67340087890625,84022200
2023-01-03,367.52844425814527,369.4981809896888,361.2749926451564,364.1340026855469,74850700
2023-01-04,366.3905568832152,368.9722652057651,363.34989894273167,366.9451599121094,85934100
2023-01-05,364.9945470716449,365.10928447945327,362.1642506841692,362.757080078125,76970500
2023-01-06,365.84544889092865,372.1945229681979,362.7856784133102,371.0757751464844,104189600
2023-01-09,373.2655709052982,376.4496802008699,370.68389142338765,370.86553955078125,73978100
2023-01-10,370.28225918611713,373.53327899556643,369.34518834804146,373.4663391113281,65358100
2023-01-11,375.0440257972263,378.26636090740493,374.2312636370513,378.1898498535156,68881100
2023-01-12,379.289500125456,381.02973273660194,375.22571833967487,379.5667724609375,90157700
2023-01-13,376.3730941204777,381.61299228704434,376.10536380133436,381.0392761230469,63903900
2023-01-17,381.0201591163604,382.69348088927234,379.66236518124305,380.34124755859375,62677300
2023-01-18,381.52697849057256,382.58832869980466,374.1356658339176,374.3364562988281,99632300
2023-01-19,372.2997525257694,373.94439001524745,370.29178966269103,371.611328125,86958900
2023-01-20,373.0073764154368,378.6871115907864,371.36273880270227,378.53411865234375,91806400
2023-01-23,379.3372757234957,385.0074392135379,378.3810918291715,383.0759582519531,84178800
2023-01-24,381.4026252152029,383.57315208650715,380.21696655885887,382.664794921875,59524900
2023-01-25,378.6010544265812,383.14292828207675,376.3157607326886,382.8082580566406,84800300
2023-01-26,385.4663374256009,387.1779144092396,382.502162136623,387.0153503417969,72287400
2023-01-27,385.97315181927854,390.2759788703347,385.7627902184548,387.9046325683594,68346200
2023-01-30,385.1508473703547,387.37877210654403,382.7412745466371,383.0376892089844,74202000
2023-01-31,383.5540875652921,388.717475261581,383.2098461559824,388.669677734375,86811800
2023-02-01,387.45528923844535,395.54462644508357,384.7206171548962,392.80035400390625,101459200
2023-02-02,396.68245506156615,399.9813013244029,394.78922953717114,398.5183410644531,101654500
2023-02-03,393.5557615392747,398.70003602985804,393.0776695484089,394.282470703125,94736800
2023-02-06,391.834637420615,393.2689133762878,390.2186841761235,391.87286376953125,60295300
2023-02-07,390.9549267928235,398.24104381969875,389.7118993305467,396.9980163574219,90990700
2023-02-08,395.0282373142556,396.36688886374986,391.96843733219856,392.6568908691406,76227500
2023-02-09,396.25214123369045,396.4051341468822,388.02895452722424,389.25286865234375,78694900
2023-02-10,388.07678232835883,390.54375312300726,387.26404936045475,390.1612854003906,70769700
2023-02-13,390.8114317189332,394.8752127422372,390.35245300429375,394.7413330078125,64913500
2023-02-14,393.22104214899304,396.864100329501,390.6106788806823,394.5597229003906,88389300
2023-02-15,392.3701118499811,395.9175463340548,391.52866525765285,395.841064453125,61555700
2023-02-16,390.8784407346895,394.8179138959173,390.25692701019995,390.3907775878906,76431500
2023-02-17,388.26803395095567,389.6545122847336,386.34609496505783,389.41546630859375,89257800
2023-02-21,385.39950609313314,386.4513142893378,381.34529542458307,381.60345458984375,82655900
2023-02-22,382.0145561334285,383.55402728513724,379.62409654042705,381.0775146484375,83742300
2023-02-23,383.965204449082,384.577176151522,378.88787027584414,383.1046447753906,96242400
2023-02-24,378.0942177024235,379.8440212478962,376.3922116756281,379.01214599609375,108194400
2023-02-27,382.3492886397092,383.7070827492521,379.36599925020045,380.3030700683594,80444700
2023-02-28,379.82492994288907,381.78509520813367,378.7922350201957,378.8974304199219,96438600
2023-03-01,378.0847173960627,379.30863174384257,376.1436650512144,377.4440612792969,99706800
2023-03-02,375.47425838003477,381.22093252105213,375.13958820432623,380.3794860839844,85127800
2023-03-03,382.19620564898895,386.7285365509488,381.54600769019737,386.47991943359375,90120000
2023-03-06,387.3023461383792,389.59721125223996,386.30793571482315,386.7477722167969,72795900
2023-03-07,386.6998590400402,386.93890498621045,380.20736297154104,380.8193054199219,108310600
2023-03-08,380.93414163742426,382.1962822868647,379.21299300204765,381.44091796875,74746600
2023-03-09,382.22492782127654,383.8887075845493,373.4184826190144,374.4033508300781,111945300
2023-03-10,373.8584094364072,375.93334175900225,367.4806778728338,369.0010070800781,189253000
2023-03-13,365.0805650006383,373.2846390345943,363.9713881978472,368.4750061035156,157790000
2023-03-14,373.38980130348455,376.21055539266825,370.0909552792131,374.56591796875,149752400
2023-03-15,368.98181836154816,372.4240570496017,366.89731528704147,372.2232666015625,172996900
2023-03-16,369.87107021323396,379.0982391870772,369.36429390384325,378.7539978027344,143254200
2023-03-17,377.4255889740926,378.55818505074,372.9431553160695,374.3253173828125,140553400
2023-03-20,375.10277090610924,378.33743311980123,374.4021114765073,377.9246826171875,93055800
2023-03-21,381.28412015653794,383.36697102971766,379.69079357481445,382.8870544433594,91524200
2023-03-22,382.71428861761933,386.3232414014182,376.3217962204962,376.36016845703125,111746600
2023-03-23,379.2205184817109,383.25182988301947,374.6709182110407,377.3776550292969,119351300
2023-03-24,376.1010222149094,379.9403548581303,373.75902695920195,379.8539733886719,107682400
2023-03-27,382.1287722364247,382.89665633801565,379.67160169490063,380.5642395019531,74010400
2023-03-28,379.87314668350865,380.564227707631,377.8767066648121,379.7099914550781,62871700
2023-03-29,383.8660888939379,385.4690232440617,382.6662973806607,385.22906494140625,77497900
2023-03-30,387.8589998974814,388.10856590647154,385.62260139743574,387.48468017578125,69840000
2023-03-31,388.4061147934353,393.24368242982905,388.30051790737826,392.9461364746094,112062600
2023-04-03,392.42776506097084,394.8465339049245,392.03422997869995,394.44342041015625,67391100
2023-04-04,395.0865256835199,395.3744932102715,390.8824517022873,392.2550354003906,66601500
2023-04-05,391.5255732993779,392.28384974684195,389.57711302940226,391.22802734375,65200200
2023-04-06,390.4313714897771,393.0325407601975,389.3851567329968,392.7541809082031,63743300
2023-04-10,390.27775752337686,393.23406013832266,389.66347951634174,393.1572570800781,63681000
2023-04-11,393.7811965721071,394.66422675434245,392.4950235384784,393.26287841796875,59297900
2023-04-12,395.3265742474561,395.6145418399637,391.0745193533878,391.6600036621094,86420400
2023-04-13,392.7445509263928,397.21737725795947,391.60234704835096,396.86224365234375,85814800
2023-04-14,396.2287697684171,398.4171884519207,393.5892282764297,395.892822265625,78161500
2023-04-17,395.80643975007484,397.3325711300684,394.5778543396015,397.3133850097656,66436400
2023-04-18,398.8874765900454,399.0218673008723,396.1999552913603,397.572509765625,63560000
2023-04-19,395.6624782963843,398.4075874340768,395.60489064257166,397.50537109375,55227300
2023-04-20,394.6929889766768,397.0829934844094,393.7907434550367,395.3360900878906,75840400
2023-04-21,395.63361128968654,396.10392013942635,393.6947589557848,395.6432189941406,73457400
2023-04-24,395.4417228843057,396.4783592805185,394.10756979195463,396.0560302734375,64332100
2023-04-25,394.08826140218645,394.6449810037149,389.71142480850085,389.7690124511719,97766700
2023-04-26,390.3833244029181,391.4583328014488,387.56141271088387,388.11810302734375,80447000
2023-04-27,390.65211692803183,396.11357024267807,390.40255091976803,395.8448181152344,92968400
2023-04-28,394.9617875942257,399.23305741321724,394.90419994068407,399.22344970703125,89433100
2023-05-01,398.781880454679,400.845515871164,398.5899021077479,398.8202819824219,62122300
2023-05-02,398.11002828382885,398.1580375216088,391.4392047424731,394.337890625,103998500
2023-05-03,394.83697342513307,397.24616414474065,391.39117573178515,391.6311340332031,91531800
2023-05-04,390.5849268562114,390.91126663739385,387.52305652796423,388.85723876953125,94901900
2023-05-05,392.4854491265273,397.10224508450085,392.2263046733684,396.0560302734375,87891800
2023-05-08,396.3822711785269,396.64141556702043,394.7601509178742,396.1614990234375,50046800
2023-05-09,394.6162031980649,395.53763480997924,394.1938742734827,394.4242248535156,49220100
2023-05-10,397.25577792419296,397.88927136463667,392.44700411687967,396.26715087890625,96142900
2023-05-11,395.40325635953116,395.86395749973974,393.502776280826,395.5760192871094,70157100
2023-05-12,396.8142197460938,397.0253842033069,392.6389398327061,395.0577087402344,70481500
2023-05-15,395.6624389099318,396.8238288685914,393.75238023444746,396.42071533203125,54289400
2023-05-16,395.3168627044219,396.23832360826236,393.7619377053924,393.77154541015625,57705500
2023-05-17,395.7872805401457,399.1562756190207,394.1459737431661,398.5516052246094,87287000
2023-05-18,398.234744921799,402.81316752783374,398.01400205687503,402.3908386230469,97177200
2023-05-19,403.29314851307697,403.8210450825171,400.5864117249465,401.8053894042969,103793300
2023-05-22,401.8245977682805,403.50430592203884,400.58640469895295,401.96856689453125,60745400
2023-05-23,400.32722839371974,401.9013689419868,397.0638012887145,397.45733642578125,86383500
2023-05-24,395.85444497777297,396.238372422446,393.4164603018304,394.5778503417969,89213700
2023-05-25,398.0812545290906,399.44423070710803,395.84485582251955,397.994873046875,90961600
2023-05-26,398.6475494260872,403.86904489294824,398.5707756508926,403.149169921875,93830000
2023-05-30,405.07840112218025,405.6062976614237,401.9205417166639,403.3027038574219,72216000
2023-05-31,401.4790054006544,402.38125089733444,399.5017514717894,401.0662841796875,110811800
2023-06-01,401.29661257093727,405.9326227931181,400.0488412722422,404.8768005371094,88865000
2023-06-02,407.4491692853337,411.51885243910056,406.92127277329087,410.7318115234375,91426200
2023-06-05,411.07732872105703,412.3635015907827,409.2440439412278,409.9447326660156,65460200
2023-06-06,409.53201283462573,411.36526832885664,408.87930404707026,410.8373718261719,64022200
2023-06-07,411.2309077542299,412.36350381538136,408.99448016231673,409.41680908203125,85373300
2023-06-08,409.48405866767195,412.34437231335727,408.71620378018724,411.89324951171875,61952800
2023-06-09,412.6898813507892,414.63834160760314,411.64366666036057,412.6322937011719,85742800
2023-06-12,413.61134578902306,416.4524439304632,412.89147087099775,416.3756408691406,76104300
2023-06-13,417.8345546921649,419.76379931662035,417.1722675057486,419.1207275390625,95899700
2023-06-14,419.45671780561304,421.4243641568749,416.1740753599218,419.619873046875,100612100
2023-06-15,418.8040313332803,426.06997610483035,418.7080714411939,424.82220458984375,110303100
2023-06-16,426.80484934957235,427.3732510116979,422.9030966686289,423.3751525878906,114165800
2023-06-20,421.4387253030806,422.32503554227975,419.1072877770987,421.1785888671875,76160400
2023-06-21,420.1958550515707,420.99546279754975,418.4328194926715,419.0205078125,76982300
2023-06-22,418.06681362984074,420.6390713007603,417.72961825633774,420.5331115722656,70637200
2023-06-23,417.08416191308544,419.1362056994903,416.64100677536294,417.3539123535156,92074500
2023-06-26,416.7854848977608,418.70263864501453,415.4078319979814,415.648681640625,72823600
2023-06-27,416.5253768197751,420.82212620155866,416.0725783167209,420.20556640625,72813700
2023-06-28,419.1265614695,421.4290983033547,418.5100016357142,420.41754150390625,75636000
2023-06-29,420.00325329466176,422.2383451446893,419.5986423394109,422.0745544433594,67882300
2023-06-30,425.2827088718478,428.0380149404403,424.9647708481831,427.05535888671875,104964000
2023-07-03,426.70853977944085,427.82605633249915,426.4291459408796,427.54669189453125,32793400
2023-07-05,425.7355105986345,427.6430505530816,425.725867203726,426.9108581542969,58418400
2023-07-06,423.3366038147622,423.9917077726785,421.06296794825374,423.56781005859375,80658300
2023-07-07,422.57550143257924,426.43873894163033,422.25756345371417,422.4984130859375,86134200
2023-07-10,422.1419696202549,423.7412147414674,421.5735680037754,423.56781005859375,62443500
2023-07-11,424.32893908451956,426.7566930521444,423.3558970583311,426.2653503417969,64463800
2023-07-12,430.0515505672172,431.10165159958825,428.6257099376319,429.695068359375,91924500
2023-07-13,431.50622355890425,433.89546265173254,431.07271183277675,433.10546875,72425200
2023-07-14,433.991813962652,434.83958003816,432.07463074719146,432.8357238769531,69815800
2023-07-17,432.6912804700556,435.3887851797582,432.64309289273456,434.33868408203125,52680200
2023-07-18,434.0110663595222,438.2114701147798,433.5775252322227,437.5660095214844,80668200
2023-07-19,438.35604491544507,439.72405458332963,437.48896257877516,438.5390930175781,65891700
2023-07-20,437.5467608684042,438.44271452207744,434.91667207150675,435.62957763671875,70591600
2023-07-21,437.3444259913096,437.5467608684042,435.61996364299455,435.62957763671875,71275600
2023-07-24,436.7760157789645,438.38490436691495,435.74517222742827,437.5756530761719,54023400
2023-07-25,437.3059083742901,440.02267010001805,437.2577208036124,438.770263671875,55191200
2023-07-26,437.8358256350003,440.26357987054627,436.78572453865155,438.8377685546875,71052900
2023-07-27,442.2191833737535,442.62382369326946,435.0225951669556,435.9281921386719,92194400
2023-07-28,439.1941631701477,441.0246146496096,435.92822776892785,440.19610595703125,80011800
2023-07-31,440.6682055455154,441.3907545748612,439.35796801732533,441.0343017578125,62040400
2023-08-01,439.569820909262,440.5139620189602,438.81837125887813,439.77215576171875,55291500
2023-08-02,436.6604008783812,436.9205079074881,432.90315234388123,433.65460205078125,93933400
2023-08-03,431.6410971149184,434.29044314301314,430.995607146359,432.41180419921875,64276100
2023-08-04,434.2230384704291,436.3232404604835,429.9359027397443,430.4561462402344,100128900
2023-08-07,432.28661207007076,434.36755674020003,431.5929638466943,434.2134094238281,58357500
2023-08-08,431.67964426037906,434.2037733620173,428.9724964679823,432.32513427734375,71361300
2023-08-09,432.5948520910791,432.7586427817327,428.67381291504086,429.4349060058594,78789600
2023-08-10,431.7856591547792,435.167197948671,428.4234071509756,429.589111328125,93005500
2023-08-11,427.7200594884635,430.3501481391964,427.1227570858758,429.33856201171875,68690900
2023-08-14,428.4234238736149,431.7085876464844,428.1151292261153,431.7085876464844,47867400
2023-08-15,429.9357968337466,430.2922789410993,426.11110397903246,426.6795349121094,75707500
2023-08-16,426.26534575201464,427.9223925566891,423.44259484772283,423.548583984375,80107200
2023-08-17,425.01291328665195,425.273020314269,419.8009235363625,420.3211669921875,95711300
2023-08-18,417.5080258452247,421.5543115245304,417.1612164787308,420.5234680175781,98852000
2023-08-21,421.5350602162778,424.00135836533855,419.3867000805202,423.2595520019531,68719000
2023-08-22,425.0321333206804,425.0321333206804,421.5542789285874,422.113037109375,64994200
2023-08-23,423.17286834168584,427.4311034249485,423.0283644204359,426.81451416015625,68441000
2023-08-24,428.41372832126285,428.9243284062607,420.8703007742917,420.89923095703125,88517300
2023-08-25,422.62366273446645,425.14776219480035,419.07836317797603,423.866455078125,102325100
2023-08-28,426.05336574379237,427.1709115909124,423.8664616174519,426.5543518066406,61595400
2023-08-29,426.4483889303442,432.999517120143,426.26534084235647,432.7201232910156,83081900
2023-08-30,433.057282576268,435.13822692888783,432.35399106524045,434.50238037109375,69053900
2023-08-31,435.11898360214246,436.2557869248091,433.6835290574293,433.8665771484375,66084600
2023-09-01,436.58338220970904,437.06508153807744,433.2211009052936,434.67584228515625,58944100
2023-09-05,434.23263347174435,434.5505420529184,432.72973410501413,432.7971496582031,55166200
2023-09-06,431.9879277285903,432.093916863234,427.56593166865076,429.8877258300781,70758500
2023-09-07,426.8915071469469,429.24220190465525,426.5446977895423,428.5678405761719,70355400
2023-09-08,428.61604594030854,430.74514868706615,428.25959315019446,429.2133483886719,61659700
2023-09-11,431.8337979292306,432.3443980335229,430.1285929169173,432.0361328125,60180100
2023-09-12,430.59102153155527,432.11317840274216,429.0881220484013,429.6661376953125,67565400
2023-09-13,429.8877204342684,431.3231749266096,428.78943192828973,430.1671142578125,60199300
2023-09-14,432.6334271290332,434.5698383708397,431.332833106535,433.8761901855469,83430800
2023-09-15,432.2935859212208,432.62229333118586,428.21370176743056,428.64874267578125,111848900
2023-09-18,428.3392962837647,430.1955590603149,427.86557530879384,428.9000549316406,55752200
2023-09-19,427.981617392204,428.57137880593234,425.3326034960519,428.0106201171875,66514600
2023-09-20,429.2675002876334,429.6832158729015,423.8727570723084,424.0758056640625,82562600
2023-09-21,421.233389771168,421.49441429318694,416.91180676973505,417.0664978027344,104095800
2023-09-22,418.0913502784636,419.68655933537104,415.7130085528767,416.1287536621094,100829700
2023-09-25,414.92017485715184,417.9172211836111,414.485104517223,417.8785705566406,70874500
2023-09-26,414.84288124552415,415.54865360911657,410.90801075336816,411.7394714355469,96168400
2023-09-27,412.90925504168933,413.4700137261174,408.2686420542666,411.9037780761719,104705800
2023-09-28,411.3527373620953,415.964347748709,410.76297593705533,414.2917785644531,92258300
2023-09-29,417.33713532740484,417.5111516485618,411.76837701603733,413.2862548828125,115111300
2023-10-02,412.4549170103042,414.3691856249788,410.36663202274156,413.12200927734375,83798600
2023-10-03,410.94667474306095,413.1799731499237,406.2287013020404,407.5918884277344,103760600
2023-10-04,408.0559969911016,411.3044205907774,406.59612415084763,410.55999755859375,87453000
2023-10-05,410.269877205424,411.2463514179395,407.1858225474584,410.4052429199219,70142700
2023-10-06,407.9592344326086,416.8150963910029,406.63472757769614,415.27789306640625,113273300
2023-10-09,413.3829504373266,418.5069910271343,412.8318987010215,417.93658447265625,80374400
2023-10-10,418.56502711101643,422.70291641435927,418.16863686530417,420.1119079589844,78607300
2023-10-11,421.17537943505704,422.08414129890025,418.79703802262225,421.8327941894531,62451700
2023-10-12,422.4419396645169,422.8189751332802,416.9118599230101,419.26116943359375,81154200
2023-10-13,420.75959814761615,421.95844616014017,415.606584539678,417.17279052734375,95143100
2023-10-16,419.4158131019472,422.6255856986061,419.1741138914331,421.5621032714844,75433200
2023-10-17,418.4393454760135,423.5923892481788,418.09131276942526,421.5427551269531,75324700
2023-10-18,419.77355201420596,420.73067151213604,414.84288188055683,415.9256896972656,93559800
2023-10-19,416.64111990263626,418.4490253157197,411.59443909771255,412.27117919921875,121323000
2023-10-20,411.8361348739324,412.3775387523352,407.09880668145956,407.2051696777344,123919900
2023-10-23,405.67760643648245,410.35692908932583,403.92770652261123,406.4993896484375,92035100
2023-10-24,408.61664598235126,410.71460793995783,406.77006062450005,409.5641174316406,78564200
2023-10-25,407.88192884542195,407.91093157015536,403.17360349885,403.6860046386719,94223200
2023-10-26,402.6225823087564,403.47333880031834,397.93361142540357,398.85205078125,115156800
2023-10-27,400.43759484678344,400.8339851009318,395.62293584989493,397.04412841796875,107367700
2023-10-30,399.82851071417565,402.84491222424634,398.53300645045545,401.7911071777344,86562700
2023-10-31,402.3614742415841,404.6334525608876,400.4568834170143,404.3144226074219,79665200
2023-11-01,405.28123407598383,409.43844855236455,404.74947812853236,408.6263427734375,98068100
2023-11-02,412.41622487157895,416.61214954670544,412.3968995543654,416.45745849609375,94938900
2023-11-03,418.75840416588386,421.80380835994043,418.63271585397734,420.2569274902344,100167800
2023-11-06,421.01102787683624,421.66844265759465,419.28045324415575,421.2237243652344,67831700
2023-11-07,421.2237277176419,423.0606358569916,420.0829145000172,422.42254638671875,64256100
2023-11-08,423.02196085453033,423.5440394282341,420.43095231056213,422.73193359375,61746000
2023-11-09,423.8727442351021,423.91142437106953,419.00975716373983,419.4351501464844,83174400
2023-11-10,421.5040416459852,426.2896676737884,419.42540510915256,425.98028564453125,89462200
2023-11-13,424.64616313137293,426.6764127794683,423.86306009469695,425.57427978515625,52236100
2023-11-14,431.50076562505876,435.1165763059157,431.2783917339626,433.83074951171875,97176900
2023-11-15,435.16489156652574,436.39274237985995,433.8983901244557,434.7491760253906,77327600
2023-11-16,434.30444014118734,435.59994425440004,433.24095780816333,435.2809143066406,66665800
2023-11-17,435.2906012114316,436.43144390959674,434.37216191303287,435.8223571777344,83133200
2023-11-20,435.57093106914016,440.01820194313484,435.5612536604329,439.1770935058594,69936200
2023-11-21,438.13296253247677,439.05143128536895,436.95346926763995,438.219970703125,49244600
2023-11-22,439.8732451207241,441.22675482120695,438.8194400859089,439.9118957519531,59394900
2023-11-24,439.9602422808771,440.3759578384197,439.6315348978691,440.1825866699219,29737400
2023-11-27,439.55417048077294,440.36627627306393,439.00308920962266,439.38983154296875,50506000
2023-11-28,439.0030764411284,441.1203637861366,438.44234728096177,439.8248596191406,62115000
2023-11-29,441.97114450802434,443.10230972873876,439.1191116939092,439.5154724121094,63146000
2023-11-30,440.35662667945024,441.59412543023933,438.28766732031204,441.2460632324219,79752700
2023-12-01,440.6369649429203,444.38814123082403,440.0472330596215,443.8564147949219,89183400
2023-12-04,440.4726232624604,443.8757373404589,439.2544498661346,441.52642822265625,72430900
2023-12-05,440.14388801429857,442.3965114095888,439.7668231281598,441.43939208984375,69793500
2023-12-06,443.57603770145914,443.60504042530386,439.2254520989698,439.6605224609375,69124700
2023-12-07,441.73911050428126,443.6630266124851,441.13970123464765,443.0152893066406,66995400
2023-12-08,442.27087844484373,445.451648340426,442.02917923250493,444.919921875,83194400
2023-12-11,444.4268307846884,446.8244975103325,444.2141343049595,446.65045166015625,65002200
2023-12-12,446.30247061264276,448.7871457987425,445.30667095693167,448.6904602050781,68327600
2023-12-13,449.06747102737427,455.12930631637573,448.70976090431213,454.8779296875,93278000
2023-12-14,456.81145899765846,458.0006296077065,453.6693695971455,456.3377380371094,119026000
2023-12-15,455.7417134699126,456.9163018501235,453.7420397034311,455.5863952636719,141553700
2023-12-18,457.1881393985243,459.12957270241793,456.13006180277284,458.1491394042969,70375300
2023-12-19,458.69273602664884,461.0127630324847,458.61509172941334,460.9350891113281,55761800
2023-12-20,460.0808267995912,461.96401935450547,454.12064234016117,454.5477600097656,102921000
2023-12-21,457.5278204873464,459.1295265010188,455.1107457468796,458.85772705078125,86667500
2023-12-22,459.98371888478914,461.4592269639175,457.88699725724837,459.7798767089844,67160400
2023-12-26,460.1876248035588,462.62410332069675,460.1099508863103,461.7213439941406,55387000
2023-12-27,461.51747852635486,462.7017539013479,460.98359627385656,462.55615234375,68000300
2023-12-28,462.9153345190397,463.5656980482324,462.31349497002446,462.73089599609375,77158100
2023-12-29,462.5367042508105,463.0608994653051,459.44011618801756,461.3912658691406,122283100
